 NT G1 G2 G3 sum
NEDD1 0.000673070428927488 0.0011685068556924097 0.010519023911910228 0.007394160284147658 0.019754761480677785
NUMA1 0.0006705575736760394 0.0007960698713100412 0.006674398289466822 0.007073577525725676 0.015214603260178578
E2F6 0.0006579974166202416 0.0015564853399373736 0.008848730260785824 0.004000086620433703 0.015063299637777142
KCNQ1 0.0004700215283231118 0.0007994259773928105 0.005392844206576784 0.007229625857363445 0.013891917569656152
ATPGD1 0.000694285853885849 0.0012742529268045684 0.0063323209324182075 0.003381135038147514 0.011681994751256138
COLEC11 0.00032689264745992835 0.001634457217696298 0.005874630834159495 0.0035158604471885956 0.011351841146504319
BOLL 0.0006556981114455029 0.0008070894094827381 0.0036149173917742654 0.005625493346956343 0.010703198259658849
PAPLN 0.0007318609793351008 0.004817702736341808 0.0009791907620602526 0.0034052141817660295 0.009933968659503191
RAB22A 0.000316147418685194 0.0042520396333443925 0.0043762805274104016 0.0009509523796263625 0.009895419959066351
C17orf90 0.0007221043057357151 0.002887578759430934 0.005092707319237108 0.0007258811610406494 0.009428271545444405
CLCC1 0.0005294059507707569 0.0014818040536417909 0.004419592092923686 0.002766832525416284 0.009197634622752518
LOC100128675 0.001050364381836291 0.0008457491844920964 0.004710665829215207 0.0020984516095579097 0.008705231005101503
C9orf27 0.00039739849352037244 0.0018291787159515234 0.004101359760643317 0.0016580124458992567 0.00798594941601447
DLEU7 0.0008850405221330898 0.0011767129481268916 0.003616499728385003 0.002304603110045207 0.007982856308690191
C16orf81 0.0008653924912094514 0.001108747062532251 0.0016081590495363722 0.00409139026639062 0.007673688869668694
C4orf31 0.0006099681827469725 0.0009927172975689594 0.0029962305098046684 0.0029992240770728568 0.007598140067193457
GSTM5 0.00038762197139765973 0.0007856490768411474 0.0036875053555103466 0.0027023018953952283 0.007563078299144382
DMP1 0.00043216353091606876 0.004170503498226001 0.0014671314345463013 0.0014912079445296596 0.007561006408218032
ABCA4 0.0008129170092293414 0.0007198544655308069 0.0025229434524075894 0.0034812541646550336 0.007536969091822771
LOC340017 0.0010171859982710395 0.0006385479162993935 0.002949196610834044 0.0027036200757644723 0.007308550601168949
C1orf77 0.00045337046361875057 0.0007589341015819312 0.003770218396295288 0.00227837025147657 0.00726089321297254
MIR10B 0.0006205177024511613 0.0007420889473270969 0.003356177145294669 0.002539030143787208 0.007257813938860136
CES4 0.0005418255732252918 0.0023266548587298646 0.0035503971717285145 0.0008072671648909121 0.007226144768574583
PYGO1 0.0008093721176043624 0.0015656492342796997 0.0036754432711965947 0.0010780236968004917 0.007128488319881148
ENO1 0.0005594466421607709 0.0009485572723994142 0.003208585993908694 0.0022578967172662856 0.0069744866257351636
GPRIN2 0.0005901043831782907 0.0011136382717836283 0.0039747787170007305 0.001293123359101003 0.006971644731063653
NDN 0.0006184465716820882 0.0021751032658745505 0.0031579885777156835 0.0010046329391703692 0.006956171354442692
CDKL2 0.0008400212575414868 0.0007372541779761628 0.0028965193470313977 0.0023750520254359002 0.0068488468079849485
HDAC11 0.0014451811292464259 0.0011372754076915694 0.001780121179127244 0.002461498808526426 0.006824076524591665
PRKCD 0.0008576049201547108 0.001028753907790177 0.0028838817894444014 0.002031507808920573 0.006801748426309862
CRYGD 0.0010839303841967002 0.0006409620174543547 0.002803596371760881 0.0020900500296367587 0.006618538803048695
YWHAZ 0.0006194714574305351 0.0011781602889698608 0.0026515996336949513 0.0021409682526896076 0.006590199632784954
ERRFI1 0.0009709357972280305 0.0008224847542888195 0.0025597409573100893 0.0021576217868829956 0.006510783295709935
PIGB 0.0009117825968087956 0.0021834574098985255 0.0009454868880216018 0.002443104268344635 0.006483831163073559
ZFP62 0.0006195079145926783 0.0005100122563185081 0.0031166708521229965 0.0021778291869854983 0.006424020210019681
NAPSB 0.0008901008799622551 0.003083484485473859 0.0018199789710927692 0.0006285336846152585 0.006422098021144142
PLD1 0.0005312589568287403 0.003314275010180147 0.0013348428681145825 0.0012368837168099897 0.006417260551933458
DBNDD2 0.00036605247753771386 0.0006184089791319266 0.0027709378640361658 0.0026213827905264614 0.006376782111232267
VASH1 0.0007172140738069659 0.003052833148277585 0.0008540309547370459 0.001751994589279826 0.006376072766101424
HIST1H3G 0.0008718105303743388 0.0006704329533380043 0.002594383913721839 0.002158368660154551 0.006294996057588733
SEPT8 0.000591599702126248 0.0008563226542647152 0.0022492737192489824 0.0025871399547686873 0.006284336030408633
C1orf158 0.0006570107181949963 0.0019766172772017207 0.0009971777910789085 0.0025905858251000667 0.006221391611575692
IVD 0.0003031298862848289 0.001096918546764556 0.0035709571796210607 0.0010804125532341325 0.0060514181659045785
SLN 0.001118790154925306 0.0027775498353280613 0.0014244846793344196 0.0007046953542209103 0.0060255200238086976
LDHB 0.0008015422539802503 0.0022915055495114885 0.0022047208493446895 0.0007268874655494027 0.006024656118385831
ABLIM1 0.0005194635612908126 0.0030046601988959034 0.0010220154747713176 0.0014764138694881555 0.006022553104446189
TMEM173 0.0007895879231449542 0.001978184591182265 0.0013959320356009782 0.0018430359528221088 0.006006740502750307
RUNX3 0.0005280763721070044 0.0009604386987704116 0.002887984776654919 0.0015732578551203996 0.005949757702652735
OR8B4 0.0006489778151338841 0.0007863617434866147 0.001852175748849531 0.0026369601324268766 0.0059244754398969065
HOXD4 0.000615751224615548 0.0015165709427472818 0.0011219718241930847 0.0026619351780524138 0.0059162291696083285
VAX2 0.0007596423090737916 0.000973379498966803 0.001309871774777079 0.0028464463022894065 0.00588933988510708
AQP10 0.0006788797641231866 0.0019341146589331546 0.0008633360959711051 0.0023628922016958316 0.005839222720723278
TIPIN 0.0007654459685943106 0.002083535791385141 0.001197017316091087 0.0017719432028187852 0.0058179422788893235
SLC44A5 0.000753586152013534 0.0009001929338867884 0.0023988149441001713 0.0016790154434833486 0.005731609473483843
MMP12 0.0006979889776828084 0.0007962270399011236 0.002655379402332767 0.0015367552721552993 0.005686350692071998
C17orf69 0.0006982405714378221 0.001711300519806253 0.002578702176871293 0.0005936106072580362 0.005581853875373404
GGN 0.000723954536605742 0.0007794632935423983 0.0020143761865591527 0.0019765127018673096 0.005494306718574603
MEOX2 0.00036521928605785466 0.0013462520082535713 0.0024793387849749516 0.0012875063658164992 0.005478316445102877
C17orf99 0.0005638757584595866 0.002211711239337887 0.0015890564945752407 0.001073953418604338 0.005438596910977052
CYP1A2 0.0002930223301724938 0.0010072895456961332 0.0027178934287444417 0.0014113978863117339 0.005429603190924803
LITAF 0.000516462085719898 0.0005938068890201352 0.0016836803620355386 0.0026260342298527486 0.00541998356662832
HACE1 0.0005285074354873973 0.0016451284341959748 0.002479164878002549 0.0007141755353884763 0.005366976283074398
SERPINE2 0.0007859706087535755 0.0012528971601397116 0.0021747947908975587 0.0011096006288761379 0.005323263188666983
TRPM1 0.00041531408897588966 0.000948301114674046 0.0016424788231366011 0.00231572631418751 0.005321820340974047
C2orf79 0.0016807124487351708 0.0009053742047381193 0.0021127565843787714 0.000573817378188595 0.005272660616040656
S100A2 0.0014211195282959218 0.0011578479702381945 0.0008241429293689895 0.0018627983755202513 0.005265908803423357
FAM194B 0.0005701648521126022 0.0013454834287359655 0.0013007257616579116 0.0020087240089633304 0.00522509805146981
AGFG1 0.0005852327826048945 0.0004982418095500182 0.0020178360265421724 0.002106251255881463 0.005207561874578548
FSD1 0.0007669814434175375 0.0008408444834458861 0.0014639058823703714 0.00211875714466061 0.0051904889538944045
PRR14 0.0006290401521729811 0.0008844152825288356 0.0014806141880890577 0.0021670033521414512 0.005161072974932325
NCOA6 0.0013799095408732144 0.0008054076602689319 0.000630611634830585 0.0023124650100008804 0.005128393845973612
OVOL1 0.0005656995096681376 0.0006311890598717669 0.0017538278663199313 0.0021762044902286907 0.005126920926088527
ATXN1 0.0011315939964709576 0.0007099264912994761 0.0015046608770788229 0.001777211738136171 0.005123393102985428
ITPKB 0.0006240906958083183 0.0007192393167041976 0.0019232606595737639 0.0018258723328627637 0.005092463004949043
SLC6A6 0.0006782495309631111 0.0005632147387252475 0.00210166452510719 0.0017328160846798147 0.005075944879475363
CTXN3 0.0005279791037962323 0.0006886328698237638 0.001709129157482252 0.0020926401643497736 0.005018381295452021
TRAF2 0.0005469988942143992 0.0004938011845164429 0.0015939812152601998 0.0023825887111817994 0.0050173700051728415
CDC42EP5 0.0006883583551614393 0.001820137128621386 0.0010766657140443537 0.0013991506380027208 0.0049843118358299
MAPRE1 0.000585493109362821 0.0005613468198483777 0.0020913623471590335 0.0017444853052628307 0.004982687581633062
YIF1A 0.0010784605803522084 0.000712238693357895 0.0018904372169594862 0.0012916967034957703 0.00497283319416536
DSCR6 0.0005524911052187882 0.0012986336299313525 0.0022743970288727983 0.0008347573917595085 0.0049602791557824474
ACSL3 0.0006207838492185903 0.0005818349869010571 0.0026368038651310125 0.0011187929615992305 0.004958215662849891
RTN4 0.0004736053840857093 0.0005165944201884177 0.0018516412855219388 0.0021138196934530323 0.004955660783249098
THOC6 0.0006668199380545602 0.001954105495408679 0.0013712737124766446 0.0009430493124249484 0.004935248458364832
MIER2 0.0004927281140261593 0.0008340812571610059 0.0022591009391949505 0.0013320040495171002 0.004917914359899216
FAM196A 0.0005674424816889059 0.0005643239656825301 0.0015123398171671344 0.00226496929266149 0.004909075557200061
LOC284798 0.0009584296024712577 0.0009401067265276388 0.0017205024306868194 0.001285116129513597 0.004904154889199313
COPS3 0.0010226156548843886 0.0008292144544137497 0.0018325204002522413 0.0011506994669617464 0.004835049976512126
CDX2 0.0005983980619635273 0.001160424194210074 0.002023487254086509 0.0010408332748444633 0.004823142785104573
RPL18AP3 0.0007144575115512571 0.0006941858812729034 0.0015688911803626471 0.001844215205530594 0.0048217497787174015
ISL2 0.00072397585341514 0.0007108436746352553 0.0018431707533948486 0.0015432914580024517 0.004821281739447695
PPP2R5A 0.0004257478533385978 0.0010295712767416324 0.002213584453446298 0.0011521491673768792 0.004821052750903407
C1orf70 0.0008313297674648112 0.0017520421157133155 0.0009657929562212012 0.0012603319934002444 0.004809496832799572
HMGB1 0.0005073208685732976 0.0010319606897150244 0.0022570591362659404 0.0009267528243481662 0.004723093518902429
ACTL6A 0.0007140322848676569 0.0015832843232560449 0.0007792271872371264 0.0016417249170587445 0.004718268712419572
PSMB8 0.001478500518948851 0.0011341963424689602 0.0011074807607754649 0.0009859659016042352 0.004706143523797511
SMPD3 0.0006542566292097982 0.0023648246290348812 0.0008608788810941763 0.000822607635994828 0.004702567775333684
DAZAP1 0.000790088020614519 0.000543415104275406 0.0018621689694099668 0.001504734480296173 0.004700406574596065
CDC42SE2 0.0005473834424004071 0.0006418719017259944 0.00143141755509373 0.0020789274011607083 0.00469960030038084
ZPBP 0.000529407325982132 0.0006455713351939617 0.001630992760884703 0.0018931669354645749 0.0046991383575253716
SPAG6 0.0005451106510413634 0.0007748291944499991 0.0020636108590830885 0.0012984239279980993 0.00468197463257255
TMEM39B 0.0007613415404864523 0.0010639560891652672 0.0016738986820910569 0.0011780770089646997 0.004677273320707475
SNORA1 0.0007939967485972253 0.0008161759301964187 0.0015760948136643606 0.0014729698115393114 0.004659237303997316
ZNF232 0.0005768563715130981 0.0019419514564953332 0.0013859098554618266 0.0007390790089252429 0.004643796692395501
NPAS2 0.0005560174358891781 0.0013978768443594614 0.0009388033534333083 0.0017495469566860024 0.004642244590367951
DMRTA2 0.0006109763232396902 0.0009445956753085487 0.0023311102911956743 0.0007213401874271978 0.004608022477171111
C15orf26 0.0008880709230484835 0.0007706857844994115 0.0018081165407535672 0.0010878269406390823 0.004554700188940545
HAPLN2 0.0006335849454805374 0.0006114325871811628 0.0013146151402690827 0.0019860813542535894 0.004545714027184372
HMGXB4 0.0006406212084701832 0.0013926974565759101 0.0018159575397405313 0.0006805004875885524 0.004529776692375177
SPTBN1 0.0006620556724576647 0.000863719928627977 0.0013620981801754197 0.0016206943899599667 0.004508568171221028
ZNF354B 0.0010252540129085449 0.0006507443343155307 0.0022652218670762897 0.0005287030902948287 0.004469923304595194
TBX15 0.0009039921358944666 0.001458318447733441 0.0009644474687232927 0.0010982683516885413 0.004425026404039741
OSR2 0.0013710241509775351 0.0006607946857008307 0.001492620040854151 0.0008974159053902091 0.004421854782922726
SMCR7 0.0006397358901023822 0.0008709166526582968 0.0015115491857161931 0.0013991696276596933 0.004421371356136565
RNMT 0.0006212349083062336 0.0010924623909559878 0.0022369082896653817 0.0004660065014526663 0.0044166120903802696
MELK 0.0005688927007206124 0.0016696974014977991 0.0009406235909796065 0.0012173764322207243 0.004396590125418743
C1orf100 0.0007041684725156562 0.0016129083457972586 0.0011165388363319488 0.0009613315982004373 0.004394947252845301
MYH10 0.0007821688712619521 0.0008768525435744016 0.0015446018245582555 0.0011628392632428073 0.004366462502637417
RGS22 0.0007181257201981214 0.0005094614799554056 0.0021838368126709663 0.0009234348842080851 0.004334858897032579
CTBP2 0.00041105425605174556 0.001052208565257138 0.0019062433085240246 0.0009632753353883729 0.004332781465221281
LOC284788 0.0006565374924616948 0.001189109592144009 0.0015551428639957884 0.0009310942404756235 0.004331884189077115
ZBTB1 0.0004593418766394543 0.0006980490114384488 0.0013371874425289452 0.001819259660138133 0.004313837990744981
NEURL3 0.0004551926086855557 0.0005560113863860107 0.0015687758943138577 0.0017299173708728687 0.004309897260258293
VARS2 0.0006226061433308897 0.0006251953333269629 0.00140782262187432 0.001617368180018962 0.004272992278551135
KCNE4 0.0008553023805008027 0.0021309202820648998 0.0007312891356507712 0.0005347786025841382 0.004252290400800612
PRL 0.0004399661009961653 0.0007473290734035974 0.002013267505816654 0.0010453639186120242 0.0042459265988284405
TC2N 0.0007265368506162741 0.0014679078925347957 0.0007232548117459055 0.0013128524410458216 0.004230551995942796
SNORD114-4 0.0007696995046873561 0.0009758336239622078 0.0017068770610290693 0.0007577653636591293 0.004210175553337763
SIX3 0.0005683795182468764 0.0005838834353073203 0.0016620949140502806 0.0013810396881240156 0.004195397555728493
CDCA4 0.0006567745372580054 0.0004886330125411743 0.001114311743479869 0.0019233337772868292 0.004183053070565879
ZNF366 0.0009985821422798156 0.000874000474168809 0.0014190731026997026 0.0008907825707389846 0.004182438289887311
CENPF 0.0008040982580101132 0.0007256602979510296 0.0011370310541678696 0.0015119259383543865 0.004178715548483399
BAT1 0.0006620863796582166 0.0010670986029005629 0.0011797579188459104 0.0012319793694691447 0.004140922270873835
MEI1 0.0006462479758538741 0.0006799439250371294 0.0014519598425360492 0.0013495478333546257 0.004127699576781678
CRHR2 0.000963388828322449 0.0005703489688200834 0.001538413936972224 0.0010360048621825837 0.00410815659629734
C11orf24 0.0006498548844553504 0.0007666776337936592 0.001527348638434845 0.0011504372039404295 0.0040943183606242835
LOC648691 0.0005075432125178166 0.0010508333188552097 0.0016404896002622936 0.000890849740922155 0.004089715872557475
ATP5O 0.0007431059883836052 0.000660501194682718 0.0015498884423622826 0.0011357485551674214 0.004089244180596027
ZNF239 0.0007689723065894829 0.0006875800477245923 0.0011842819270488788 0.0014452232628340937 0.004086057544197047
HOXD3 0.0006088278994124683 0.0007797116022143768 0.0014529468879782954 0.00123170221615088 0.00407318860575602
SIRT1 0.0005731004831230307 0.000683853467339089 0.0009677439050708541 0.0018316122047446945 0.004056310060277669
PDRG1 0.00045464900789441256 0.0008514912207390297 0.0016661643989662196 0.0010713693817012003 0.004043674009300862
DSPP 0.0005249307007494271 0.0012736791373778923 0.0016520492636007574 0.0005927882753280373 0.004043447377056114
LOC728927 0.0004626996692389267 0.0006786966335785486 0.0016263422897162556 0.0012700496526643064 0.004037788245198038
DDIT3 0.0005436743078103681 0.0007606381742991847 0.0015182235357890006 0.001214236430041807 0.00403677244794036
BMP4 0.0009395295182338554 0.0008384399533960144 0.0008781792241228048 0.0013687027542362284 0.004024851449988903
RIMS3 0.0005004102330943702 0.001036382455970969 0.0015888448047858173 0.0008933309654297639 0.004018968459280921
ITM2C 0.0007229829036205256 0.0006217123254448717 0.0011723642311858905 0.001490450775194489 0.004007510235445777
MEG3 0.0009060857619866013 0.0010979726632742372 0.000990800438915263 0.0009960728663134832 0.003990931730489584
USP53 0.0005014843560400738 0.0006349988539216726 0.0012631017703264799 0.001586612699338354 0.00398619767962658
ST8SIA3 0.000789711387851583 0.0006764394835342278 0.0012923776631936176 0.0011880092276384513 0.003946537762217879
GCH1 0.0006016365836078567 0.0009150972889376755 0.0012334438196615525 0.0011953048356532318 0.003945482527860316
LAG3 0.0007696349682890978 0.0009517200376808477 0.001021368661094532 0.0012005984096808875 0.003943322076745364
LOH12CR1 0.0006362718600683228 0.0015138580677572181 0.0009367557347898937 0.0008471653609918941 0.003934051023607329
PRKACA 0.0006234782206234101 0.0010881070424526213 0.001143506556053625 0.0010605690210652903 0.003915660840194946
XPNPEP1 0.0007839217124826084 0.0011634680814526536 0.0007932438822922487 0.0011613381643669565 0.003901971840594467
BLVRA 0.0005862299054467514 0.0007159784309637115 0.0007735036636472125 0.0018241028772147804 0.0038998148772724558
RILP 0.0007064785781741121 0.00040491406073815293 0.0007954220795271819 0.0019856663619040532 0.0038924810803435002
PAX6 0.000713771431375382 0.0009920363980857926 0.000919012369667731 0.0012675831877396553 0.0038924033868685606
ST6GALNAC1 0.0004151671615181743 0.0012669952631633923 0.0014883562156625355 0.0007170947626068504 0.003887613402950953
DUSP10 0.0005032831492740568 0.0004288284210019415 0.001304717245189634 0.001648790546613848 0.00388561936207948
CSRP1 0.0007022530934964922 0.0008982263449046346 0.0011464457353985442 0.0011299426714912817 0.0038768678452909527
FAM195B 0.0006916411498686521 0.0009033321772892256 0.0013136496827914716 0.0009623984684568917 0.0038710214784062414
AKNA 0.0005541364924866755 0.0013481557666206849 0.000989505911448857 0.0009786644567511033 0.003870462627307321
KIAA1143 0.0005723754139097505 0.0007821305621629098 0.0011305926412529324 0.0013795040973669495 0.003864602714692542
POPDC2 0.0004285545112085636 0.0008871931200703646 0.0015736493150163276 0.000971962372483828 0.0038613593187790834
GPNMB 0.000564180551016553 0.0005577207442529211 0.0018666683818478126 0.0008658422683497479 0.003854411945467035
AGRN 0.0012231273024288325 0.000783624060022205 0.0010789521675144066 0.0007630211724705187 0.0038487247024359627
FGL1 0.0006291675101131355 0.0008272462541194904 0.0012313691794835087 0.0011468083697544775 0.003834591313470612
FCGR3A 0.0004602914621838677 0.0008078251361500272 0.0014182491138060404 0.001147981625942819 0.003834347338082754
FLAD1 0.0007558288990287623 0.0006121886559001582 0.0012049870402324127 0.0012275235564015098 0.003800528151562843
SNORD94 0.0005963750148344485 0.0011644628795870217 0.0012127978109222738 0.0008180000922161255 0.0037916357975598695
MRPS23 0.0007903507857736755 0.000542321533633062 0.0013315478545564469 0.0011193989835003072 0.0037836191574634912
ZNF227 0.0006045679898055979 0.0007268402302018353 0.001007572067249549 0.001432925401750946 0.003771905689007928
SLC39A7 0.0009163522748916379 0.0007491248563792904 0.001159507510143071 0.0009419048555200741 0.003766889496934073
MIR1178 0.0004932400276931616 0.0008854638938459605 0.0009815280636461558 0.0014056837674775423 0.00376591575266282
SCG5 0.00041306724665796145 0.0005681961611611396 0.0016221657872412063 0.0011606659468316146 0.003764095141891922
HDAC4 0.0007285374880627806 0.0006225734557237899 0.0010021456747390995 0.0014078603301250399 0.00376111694865071
LMO3 0.0006504704892492435 0.0007193579450688332 0.0013150712149285007 0.0010755775494538668 0.0037604771987004445
TP53TG3B 0.0012525437137851862 0.0008247408567042724 0.0009143608419802676 0.0007652470134182832 0.0037568924258880093
RBAK 0.0005541641363197972 0.0006242806055677879 0.0014138942422803683 0.00116255096841684 0.003754889952584793
TAS2R42 0.0005728673822196567 0.0007131669102927002 0.0008529711955293111 0.0016148513158501896 0.0037538568038918575
GRHL2 0.0005230477902335378 0.0007776907149916039 0.0012566566808647106 0.0011876344545260057 0.003745029640615858
C8orf38 0.0005444746559474417 0.0004620628151768776 0.0012126327605280088 0.0015175337424341967 0.0037367039740865246
RABIF 0.0007088619792404683 0.0006656021527305889 0.001338240772522741 0.0010182797665562982 0.0037309846710500963
NUDCD3 0.0006652391021260036 0.0009858877779873206 0.001099202552214422 0.00097915199269418 0.0037294814250219263
CRTAC1 0.0005749721454681329 0.0006946756547492812 0.0012347008899869108 0.001221960014484278 0.003726308704688603
ANXA2 0.0013986068169745554 0.0005586325022116335 0.0010570375055287775 0.0007112408496858884 0.003725517674400855
MALL 0.0006741249213048914 0.000624510869148781 0.0011770385132096588 0.0012476430774189394 0.0037233173810822706
FAM131A 0.0005829840401420718 0.001556104674152136 0.0007460099002597074 0.000837824990022588 0.003722923604576504
C2orf50 0.0004472962995449168 0.001349602344579775 0.0011403774435019493 0.0007795934885478405 0.0037168695761744816
DLG2 0.00035958204536068624 0.0010741061013270071 0.0009399965139311216 0.0013409135899443234 0.0037145982505631383
OR9Q1 0.0006436213157009223 0.0009777027239303842 0.001253076616463952 0.0008398044190264436 0.003714205075121702
LEAP2 0.0005469478487593279 0.0011415430043556596 0.0011190771893959182 0.0008589825254168165 0.0036665505679277224
GABPB2 0.00038012398376889535 0.001067234790015218 0.0015010626141177526 0.0007140218202552917 0.0036624432081571573
AGFG2 0.0005039741383072605 0.0005822429734447323 0.0013374906888699337 0.0012216371187088089 0.0036453449193307357
UBTF 0.000893794601298667 0.0006001290811367716 0.0010178867964724177 0.00113170065689166 0.003643511135799516
ANG 0.0010414840197881883 0.0006736572716320644 0.0011793007740494646 0.0007486998186375089 0.0036431418841072266
MIR21 0.0005070124059435145 0.0009589542456933933 0.0009937652400012166 0.0011825179445724195 0.0036422498362105437
LARP4 0.0005335080157946087 0.0010478723499215458 0.00108516676398889 0.0009753848068736306 0.003641931936578675
PSMD13 0.00047765963221848006 0.0015584206212900945 0.0009234576342525656 0.0006805728999842456 0.0036401107877453856
MIR1252 0.0004962838548847224 0.0010990705057673327 0.0012618123830675904 0.0007781390405336005 0.003635305784253246
ZNF589 0.0004641829515028689 0.0008924819737977794 0.0011404782678396208 0.0011330761473869765 0.0036302193405272454
ARAP1 0.0004553975617227449 0.0009780174347071267 0.0011550946658705594 0.0010400843325936281 0.003628593994894059
MGAT4A 0.0007233607290449199 0.0006168141385560667 0.0012841821676060996 0.0009983125008596917 0.003622669536066778
CALU 0.0006496965495142935 0.000697041782382875 0.0009098818692429723 0.0013621912876338135 0.0036188114887739545
RUNDC2A 0.0005413758127734143 0.0007312090384345278 0.0014027430458273759 0.0009413498175963285 0.0036166777146316464
MUC13 0.000491257080202659 0.001234201100548684 0.0007112555052487021 0.0011771960751174244 0.0036139097611174696
DNAJC5 0.0006096496549279605 0.0006524337123154651 0.0010562976360669813 0.0012905043512406302 0.003608885354551037
MGRN1 0.0005246039045632263 0.001083377801492143 0.0016946869961526512 0.0003028387572798236 0.003605507459487844
PKNOX2 0.00038445220192847635 0.0009609422288574636 0.001532375168425821 0.0007218422068585295 0.0035996118060702903
POLR2D 0.0008765024082677977 0.0007816943729788793 0.001304304771053319 0.0006367134761655674 0.0035992150284655635
LOXL3 0.0009510274668210327 0.0005819280433676113 0.001291871642284592 0.00077222083936247 0.0035970479918357055
LY6G5C 0.0010141356336962368 0.0008364181137396993 0.0009392715132752319 0.0008058201024597388 0.0035956453631709067
RAB9P1 0.0007553065913249153 0.0005570280375659701 0.0009296328005101405 0.0013533744165781041 0.0035953418459791302
KIAA1712 0.0006455146092682492 0.0006674770203509027 0.0015480392403976531 0.000731011342879035 0.00359204221289584
LASP1 0.00047720950487664183 0.0012261206905822117 0.0013023351159778746 0.0005831032651573454 0.0035887685765940737
FHL3 0.0007311004820373743 0.0008127137888740435 0.0012354993680027664 0.0008062148337479776 0.0035855284726621617
ETFA 0.0005576239570520027 0.0005867459944120855 0.0008201202820713356 0.0016172171845535693 0.003581707418088993
PPWD1 0.00036268463455658376 0.0007622932818209957 0.0013837665809112898 0.0010653166110857254 0.003574061108374595
SLC27A3 0.0008998152620558295 0.0012694078803040985 0.00043086958782393445 0.0009734020610309378 0.0035734947912148003
PHF1 0.0006639227143083796 0.0008931884964884495 0.001214979071665751 0.000798393214780106 0.003570483497242686
HIC1 0.0005791745976362016 0.0007812617440221438 0.0012955743731183672 0.0009073719688389413 0.003563382683615654
C17orf73 0.0005824438173827726 0.0007558283205896519 0.0014673597448769293 0.0007381198000821875 0.0035437516829315415
LOC84931 0.0006281323981309171 0.0005233066189897537 0.001122638861049421 0.0012669678692870396 0.0035410457474571314
NOD1 0.000872861610837215 0.000800051686391165 0.0011613766793112906 0.0007065885840625125 0.003540878560602183
FOXP1 0.0003511203156023734 0.001015829449482281 0.0011833876525092328 0.000986650710132642 0.0035369881277265295
DEPDC1B 0.0009086591206717403 0.0006168558099322265 0.0011175368547989778 0.0008819564035058875 0.0035250081889088318
MKNK2 0.0007024008784323116 0.0005990511884904199 0.0009185067423257875 0.0013041827922403576 0.0035241416014888767
RAB33B 0.0009188590652492673 0.0004587146812700298 0.0012623950087859415 0.0008836057431538044 0.0035235744984590434
KIAA0664 0.0010354212618120795 0.0011217541482609783 0.0008693911455802877 0.0004779531131317128 0.0035045196687850584
LYPD3 0.0004402736133782636 0.0006017601876472463 0.0010713737075753558 0.0013841088108980941 0.00349751631949896
C6orf59 0.00044288289314628373 0.0008084589922187293 0.001424147442295067 0.0008215838185422344 0.0034970731462023144
CNIH4 0.0005428196160059467 0.0008255375738707721 0.0012449144686248917 0.0008835198016408453 0.003496791460142456
B4GALT5 0.0004488407915180383 0.0005340501350313412 0.0014741877945088988 0.001039027453682694 0.0034961061747409723
PRR15 0.0007954399798247719 0.00103426119807223 0.0008711422264396929 0.0007934563913191627 0.0034942997956558574
VASH2 0.0007357973834460945 0.0006851089790179913 0.0016319004287100847 0.000438829454609307 0.0034916362457834776
TSTD1 0.0006338665462975731 0.0010381264718255022 0.0009559211328566261 0.0008515050460938805 0.0034794191970735815
DSE 0.0008071478996722961 0.0011379040897026732 0.000822905156490867 0.0007082418712363481 0.0034761990171021844
HIST2H2BF 0.0007698139113672033 0.0006133802237938305 0.0006825358836010618 0.0014090374190128025 0.003474767437774898
POM121 0.0005164665857318103 0.0007789246178161459 0.0010615461046148242 0.0011147718830151812 0.0034717091911779614
ZSCAN12L1 0.0005947745671111443 0.0011853860164977325 0.0007973103758598637 0.0008894128535952451 0.0034668838130639855
RRBP1 0.0012016352659710652 0.0005924883637224768 0.000941805765211491 0.0007288644607187865 0.0034647938556238195
YIPF5 0.0006370596889465505 0.0009842078333916191 0.0011213442143693064 0.0007156533769222962 0.0034582651136297726
FSTL4 0.0005154692921614339 0.0004252106524071035 0.0013469816417147973 0.0011587242985513315 0.003446385884834666
OSBPL2 0.0005868485957625403 0.0008422290775302748 0.0009588003670741678 0.0010582673934313234 0.003446145433798306
RPL7L1 0.0008603854927880022 0.0005439846223428065 0.0012925586681520802 0.0007476647200204898 0.0034445935033033787
PRR20E 0.00026647839099997627 0.0005095131897578424 0.0018383792619432431 0.0008286821539966394 0.0034430529966977016
KCNQ1OT1 0.0006323720404268732 0.00031803471448241607 0.0010810708457887177 0.0014084533626867214 0.0034399309633847282
NCK2 0.00044525264513168986 0.000847984795650833 0.0008811842067018771 0.0012603172063694538 0.0034347388538538536
MYO1B 0.00039156799563719747 0.0011079901444643026 0.0008815815451120588 0.0010529364128933731 0.0034340760981069317
PLA2G2A 0.0006026792370380934 0.0008326270319138235 0.0012534105587025347 0.0007394873834077996 0.0034282042110622512
ADIPOR1 0.0007270707595531294 0.0007615352495862458 0.0013650917465340305 0.0005594499431381041 0.0034131476988115096
SMPD4 0.00038438691133887406 0.0004703334779196687 0.0011934627810019469 0.001356981805497716 0.0034051649757582056
AAK1 0.0008661634824565542 0.000739453205944703 0.001133841494307091 0.0006601717419998861 0.0033996299247082344
PACSIN3 0.0005085519124623763 0.000854374190704436 0.001123813315792499 0.000907693185517997 0.0033944326044773082
DZIP1L 0.0006413949072309018 0.0009094460460927555 0.0006394919784231298 0.0012026507336673734 0.0033929836654141604
CST9 0.0006381006133232534 0.0006659136473119214 0.0010083670940389947 0.0010696204372802243 0.0033820017919543935
TSPAN1 0.0006575457096400005 0.0004993223668178473 0.0012317829773039013 0.0009907309747656749 0.0033793820285274237
CDK13 0.0007889273058627842 0.0007925623793065556 0.0007606053043037476 0.0010328023988040605 0.0033748973882771482
GBAP1 0.0007752992602749788 0.0007363722044967245 0.0010975148580934057 0.0007643370885898218 0.0033735234114549307
PRR23C 0.00045337166029817827 0.0012118942703637212 0.000704038103682859 0.001003479820032266 0.0033727838543770247
ZNF302 0.0004949157680823837 0.0007725431484589483 0.0011490899752764434 0.0009508232299550506 0.0033673721217728258
ALDH9A1 0.0006603911330164206 0.0010006939061548916 0.0010122341614024104 0.0006845088770639834 0.003357828077637706
SLC25A46 0.0006216012012802324 0.00047227869529476265 0.0010508107427311163 0.0012082976303724705 0.003352988269678582
SNORD46 0.0005623993639481184 0.001343641050233424 0.0006990312510667926 0.0007476038400687291 0.0033526755053170636
ZNF23 0.0005887947264811646 0.0012129300315262995 0.0008197360895192896 0.0007273820532425814 0.003348842900769335
MIR376B 0.0006680460094754566 0.001101145714272242 0.001052529988995076 0.0005205359426713581 0.0033422576554141326
DUSP6 0.0005091743434956538 0.0007348107344949358 0.0009793871615053468 0.0011105319844207143 0.003333904223916651
DEGS1 0.0006631471639630464 0.0009812824220521443 0.0007384314553479728 0.0009499690179072213 0.0033328300592703848
EZH2 0.000840024307917891 0.0007564600267190647 0.0009125523676052456 0.0008121147696689039 0.003321151471911105
OR8D1 0.000548635569391885 0.0005629949116411006 0.0010181111028573417 0.001191137959324563 0.0033208795432148907
HMBS 0.0005287190238828637 0.0008215126352034616 0.0011468681915355358 0.0008160898907585522 0.0033131897413804135
STAG3 0.0006899007114543915 0.0008148980300343117 0.0010000312700948167 0.0008071287575421244 0.0033119587691256445
ADD1 0.0004727368695833945 0.001060090241675404 0.0009838819724670572 0.0007910512960110395 0.0033077603797368954
NEIL2 0.000696566090422543 0.0008371615736218311 0.000970793944364724 0.00079094223794074 0.0032954638463498385
JDP2 0.0006057608149669804 0.0006939248373349939 0.0009948091209127097 0.000999559853685674 0.003294054626900358
SMAD6 0.0006679949747775698 0.0006948700752888084 0.001284936863161733 0.0006448328734849064 0.0032926347867130177
SGPL1 0.000804931850039284 0.0008126309510347717 0.0009224572261798261 0.0007501372373553565 0.0032901572646092383
ETV2 0.000447105319378128 0.0006760565241373302 0.0010361871258459205 0.001130116803726253 0.0032894657730876318
LOC100128640 0.0005018273386819532 0.0006473626412340802 0.0012266922930851854 0.0009126119107008628 0.0032884941837020816
SNORD72 0.0007116519043510873 0.0007621940973135367 0.0008085853592430864 0.0010056338002768289 0.0032880651611845394
C6orf48 0.0008309277431882142 0.0005693314868217531 0.0008514081550825406 0.0010334238128468416 0.0032850911979393493
CORO1C 0.00063284155985776 0.0006037267798276556 0.0013501128533204396 0.0006941348845114191 0.0032808160775172745
MXD3 0.0002871117173995646 0.0007569326168988669 0.0011937233134895991 0.0010427738229580312 0.0032805414707460616
GAL3ST3 0.0006286997199662994 0.0012653923974935443 0.000682030233750667 0.0007027218923054926 0.003278844243516003
ZNF225 0.0005701427388826859 0.0007793139766475523 0.0012003547116460028 0.0007222838250387543 0.0032720952522149955
NCKAP1 0.0006442955183902247 0.0005142697772227336 0.0010544640244728597 0.0010583212098987708 0.003271350529984589
ANKRD27 0.0005911934973804441 0.0007626336301244788 0.0010553504814055756 0.0008610751398626168 0.0032702527487731155
EHBP1 0.0004151486255213591 0.0005622255762895722 0.0012987621882156277 0.0009834585687609149 0.003259594958787474
DMRT3 0.0005683903654956123 0.0005638285480495076 0.0009734287703401217 0.0011536275172066791 0.0032592752010919207
LOC344595 0.00090402800172094 0.0009421561144242023 0.0007095268333535561 0.0006987083517955589 0.0032544193012942575
FGFR1OP2 0.0006872705340503271 0.0008534349435458475 0.0008392904874322838 0.0008680857140502183 0.003248081679078677
PITX3 0.0005506273456970583 0.001024921028789171 0.0008424247022844347 0.0008297525957774931 0.003247725672548157
AGAP11 0.0005454902627363038 0.0006491433727880689 0.0011324011793280356 0.0009199363007349597 0.0032469711155873678
TOPBP1 0.0003250245729439172 0.0013624026911935292 0.0007792169998572968 0.0007737329566046789 0.003240377220599422
STARD6 0.0005996164813873091 0.0006952363463926484 0.0011316884785872016 0.0008133956056723013 0.00323993691203946
TMEM188 0.000951834486646733 0.0008212681742599444 0.0008903912194587287 0.0005720296795929294 0.0032355235599583355
HMGCR 0.00040732637772969747 0.0005251151684510935 0.0011972471967458868 0.0011042242294064363 0.0032339129723331144
LRRN1 0.0009207896219120829 0.0006831118591891429 0.0005234406740858231 0.0011062658623723774 0.0032336080175594264
ARHGAP25 0.00047046241266719983 0.0010714569309544218 0.00127502456080096 0.00041539078851197866 0.0032323346929345603
SNX24 0.0008849002723068667 0.0008296980075120294 0.0007148958654498781 0.0008016927737871784 0.003231186919055953
ECSCR 0.0008786679041666717 0.0007435999632515105 0.000955795113896816 0.0006495616903942975 0.0032276246717092955
PRR7 0.0005618853427985435 0.0008946375174423747 0.0009299247553219864 0.0008405572817349021 0.0032270048972978067
ZNF167 0.001034793030856034 0.0006051792589129701 0.0009273417336903098 0.0006593198877589192 0.0032266339112182333
GTF2I 0.0008049472926535438 0.0006098335493481676 0.0009179988981896266 0.0008916535493140086 0.0032244332895053464
PAK1 0.0007155419769712163 0.0005980365353033568 0.0008221111921091814 0.0010824529947514867 0.0032181426991352412
RGS12 0.0007726213760282461 0.0008168107804608525 0.001037933544013212 0.0005903237961407138 0.0032176894966430246
ZCCHC3 0.0005689366154578513 0.0006591227839468903 0.0008086844974149711 0.0011796563076117363 0.003216400204431449
C17orf85 0.00044737557459395056 0.0008774015953584216 0.0008792569705066859 0.001010910025469319 0.003214944165928377
SFRS16 0.0006511271433742791 0.0009236857798032499 0.0008232971978390883 0.0008159456509510228 0.00321405577196764
PAK6 0.00045191280725505204 0.0007823021152594615 0.000700715058283734 0.0012772133183695667 0.0032121432991678144
LIMS2 0.0009045245389226171 0.000587992678782618 0.0008714764710746108 0.0008357002016975716 0.0031996938904774175
ZBTB22 0.0004870422618218029 0.001140436549855695 0.000908828426119785 0.0006609802454651747 0.003197287483262457
ANKRD11 0.0006131281560833354 0.0006969705471203088 0.0010817653142149292 0.0008043143787193985 0.0031961783961379714
C1QTNF1 0.0006056674393348866 0.0008574012691621589 0.0009713069449860659 0.0007583875137643077 0.003192763167247419
HOXA10 0.0009001059843041836 0.00045273664854790984 0.0008933354884225614 0.0009446546137650563 0.003190832735039711
C2orf65 0.0008061080021395147 0.0008008584599782957 0.000827534672073982 0.0007563061686493102 0.003190807302841103
LPP 0.0005222358729306738 0.0005813715197513439 0.0009146049110738956 0.0011713872407400684 0.0031895995444959817
LGTN 0.0007558009223679779 0.0004268772511892797 0.001182731054332357 0.0008236282910138965 0.0031890375189035113
TMBIM4 0.0006053471427048379 0.000904270100061118 0.0009369757450129395 0.0007423279779483595 0.0031889209657272547
ALKBH3 0.00034352982228371884 0.0007865067299860182 0.0007292882262524468 0.0013235156942332914 0.003182840472755475
ZNF622 0.0007167809334217472 0.0004971848255520192 0.0012019999448189141 0.0007581851027946747 0.0031741508065873548
HMGN3 0.000583949050575846 0.0009755574754740542 0.000890447732831818 0.0007191870494495219 0.0031691413083312398
NAPEPLD 0.0006747421035311312 0.0006612691132300237 0.0010176991930499464 0.0008153861896000923 0.003169096599411193
KIAA0528 0.0005836724594943418 0.000839412462555535 0.00088410320063129 0.0008604638459244713 0.003167651968605638
SLC2A8 0.0006241311565218459 0.0006337897024656335 0.0010923707712539102 0.0008106879956695399 0.0031609796259109294
STAT3 0.0005750957312349327 0.0010386746918762159 0.0007990033345517074 0.0007440826119710644 0.0031568563696339202
MUM1 0.0005807839601249895 0.0005846386164710911 0.0011425787004584282 0.0008415867566309547 0.0031495880336854633
TBXAS1 0.0005750273421038192 0.0005947848106419958 0.0012313164020009127 0.0007415701900263972 0.0031426987447731244
PSPH 0.0006390230122727314 0.0007334234853228344 0.001069593489495596 0.0006996572376294899 0.0031416972247206515
NOMO2 0.0005858117670745565 0.0004015265255531919 0.0014041866874411723 0.0007491407337133428 0.0031406657137822637
MYST4 0.00054483689805652 0.0008592423483850352 0.0009786971628303399 0.0007512274212154453 0.00313400383048734
NDST1 0.0005930497835099274 0.0008350195967387218 0.001117237765564457 0.0005866873844546545 0.0031319945302677606
DEPDC5 0.0004987047861175414 0.0004173218276674404 0.0012300204926615735 0.000985746141919615 0.0031317932483661704
EVX1 0.0005551879983902513 0.0006730363241405652 0.0008762762048036641 0.0010270998470070928 0.0031316003743415734
ORC2L 0.0006725456136330037 0.000924020395143326 0.000722174413006087 0.0008122599869774009 0.0031310004087598178
C7orf65 0.0005974390709854273 0.0007881851478766265 0.0009712165747968115 0.0007717860971319911 0.0031286268907908562
CCDC43 0.0005746012087173333 0.0007918648578837369 0.000788424708564874 0.0009708878285303365 0.003125778603696281
PRPF31 0.0006253394809472004 0.0005229905654748969 0.001293760633761582 0.0006830489459112898 0.003125139626094969
EFHA1 0.0009401123269071639 0.0009422139512566692 0.0006914674045062125 0.000550515813615342 0.0031243094962853874
PTBP1 0.0005313942403623092 0.0005986391418514633 0.0013409739653869066 0.0006450423434693848 0.003116049691070064
COMT 0.0004859128053171605 0.0005942698507302469 0.0012527097378309299 0.0007795139961907275 0.003112406390069065
GALT 0.0006609875189140591 0.0007889950319396935 0.0008523407342998668 0.0008069394398114585 0.003109262724965078
P4HA1 0.0006795430614772081 0.0007382038229343613 0.0009219124136285257 0.0007668057775517499 0.0031064650755918454
NQO2 0.0006741020913664651 0.00044998846394632837 0.0010973999480926114 0.0008831256517828782 0.003104616155188283
GUCY1B2 0.0005224024124408213 0.0006612030288232526 0.0009386482162762075 0.0009808387823703134 0.0031030924399105945
RCAN3 0.0006739132026566474 0.000795084217035992 0.0009651590990759941 0.0006648746316331862 0.0030990311504018194
MIR1185-1 0.0005036397382779692 0.0006274651376090267 0.0013375123750849903 0.0006281650610980922 0.0030967823120700787
LOC282997 0.0006743226635454302 0.0003859209968642958 0.001050192778495542 0.0009859218793576811 0.0030963583182629494
SGK196 0.0009944733883262228 0.0006215411702483358 0.0009734704729613853 0.0005059963964302548 0.0030954814279661987
PGCP 0.0005896622030920372 0.0007178624816487828 0.001208172629794664 0.0005789356337435611 0.0030946329482790455
ANKRD23 0.0004737978067870371 0.0004992621150648625 0.0013558103281546734 0.0007657304520041884 0.0030946007020107615
DDX46 0.0005821365132083103 0.0006167826427259176 0.0011362429107767064 0.0007589339818278375 0.003094096048538772
NCRNA00114 0.0009110382278237326 0.0004809615527416597 0.0010824723399855604 0.0006184438393951671 0.00309291595994612
LOC729156 0.0006285576219306664 0.0004674905293449538 0.0011003569668738534 0.0008903782357061754 0.003086783353855649
ZNF367 0.0006565276088542325 0.0005787864717066866 0.0008983760003951708 0.0009529154973990022 0.0030866055783550918
ZNF696 0.000621212817252892 0.0006497319412139324 0.0010280069770737142 0.0007875283676262475 0.0030864801031667863
KIFC3 0.0006306234296838771 0.0008394426955016425 0.0009017823905019858 0.000712104004599655 0.0030839525202871606
MRPL34 0.0005794294653609481 0.0007069474716272226 0.0007769154049702315 0.00101962690113637 0.003082919243094772
FREM1 0.00039787905147663027 0.0010264757080869391 0.0009969158235888073 0.0006605352751263424 0.003081805858278719
LOC285796 0.0008298897481799844 0.0005052221351732585 0.000847487169409014 0.0008979291179099161 0.003080528170672173
ALS2CR11 0.0006299598401055296 0.0006415922712648353 0.0009118713158946374 0.0008966818486004337 0.003080105275865436
MTMR14 0.000910924201312025 0.0006358881149533178 0.0006997881912374724 0.0008332201235019784 0.003079820631004793
C8G 0.00042154768399195995 0.0009781328987762817 0.0007379198132034989 0.0009314117082494567 0.003069012104221197
PANK2 0.00047302236420227064 0.0006422679880722776 0.0009537619988516096 0.0009960258063086203 0.003065078157434778
RPL7 0.0005516941739766027 0.0006209593598833092 0.0011307176201272807 0.0007609879647752167 0.003064359118762409
IKZF2 0.0005487333432320429 0.0007095547209999077 0.0011213400418837501 0.0006832815024876095 0.00306290960860331
PFKFB4 0.00044056595527080183 0.0007355360083255337 0.0009470732900850595 0.0009381467559442934 0.0030613220096256883
APOL3 0.0006295960353627529 0.0003355068372621223 0.0013285854205512444 0.0007641768195548318 0.003057865112730951
PIK3C2B 0.0006866014853487575 0.0006332426253070851 0.0010320254589966213 0.0007034053378731357 0.0030552749075255996
NUS1 0.0005016470249705901 0.0005947854888624229 0.0008902743003971061 0.0010674646431870546 0.0030541714574171736
CABP4 0.0006659157893131604 0.0006538264319508205 0.0008729722076164447 0.0008588219063282356 0.0030515363352086613
HIST2H2BA 0.0007311602855104492 0.0005222671991705761 0.0011241846407207682 0.0006737988188622059 0.0030514109442639995
LTBP1 0.0005972192464800373 0.0006280302281098253 0.0009425295661423062 0.0008833809455875207 0.0030511599863196895
RBM47 0.0004964607688031746 0.0007865568348791339 0.0006432318767015069 0.001124300527616465 0.0030505500080002805
RALBP1 0.0005330368176208957 0.0007631768049152262 0.0010245990196766576 0.0007288106318709829 0.0030496232740837626
KLHDC2 0.0005869908361036674 0.0006775736442588375 0.000889693713028108 0.000893142524942611 0.003047400718333224
ANKRD13B 0.0005595285848248017 0.0005067199410341266 0.0010721446546320401 0.0009086087998199206 0.0030470019803108886
PDE2A 0.0003138405904343041 0.00039695048707183667 0.0012223107378005673 0.0011125176071912813 0.003045619422497989
PKMYT1 0.000844299697994368 0.0005368638402630642 0.0008449998243178454 0.0008174901264229528 0.0030436534889982303
XRCC5 0.0008833031237229826 0.00033693433850587545 0.000811604340858673 0.0010078278483430746 0.0030396696514306057
POLR3C 0.0004063764887642093 0.0009233743707983896 0.0008658420840178202 0.0008433489893057887 0.003038941932886208
SOX15 0.00047935724038459875 0.00035824974763644537 0.0008879142557079025 0.0013111059981322983 0.0030366272418612446
IBTK 0.0005189189353334075 0.0006874874198685664 0.0008422507933111124 0.000987904220188574 0.00303656136870166
GPD1L 0.0006772737126797487 0.0009590225123754771 0.0008969031471174978 0.0005001868388563372 0.0030333862110290613
C5orf15 0.0006609182092876861 0.000736182394394981 0.0007259312582455656 0.0009020437656293084 0.003025075627557541
MEF2C 0.0007900744090506813 0.0007399408448441776 0.0006309690759150593 0.0008592443576276396 0.003020228687437558
LSM3 0.0007949067067620684 0.000597830482496101 0.0010702575855132941 0.0005552199984373196 0.0030182147732087834
LIME1 0.00056772576507515 0.0007102288998615705 0.0008892794672337925 0.000846287496442936 0.003013521628613449
CCDC51 0.0006692292858216173 0.0007035310112266491 0.0006303113073323427 0.0010068299528793287 0.003009901557259938
C2orf84 0.0004776385006484755 0.00045864270118474784 0.0011492302379375401 0.0009238411837848877 0.003009352623555651
TRIAP1 0.0004013401743586934 0.00045021845538293183 0.0009721065119792706 0.0011850292953626963 0.003008694437083592
WRNIP1 0.0007977825874734845 0.0007235173926608268 0.0006916176126789526 0.0007956815069291619 0.0030085990997424255
LRRN4CL 0.0007064917170450989 0.0006501127848579878 0.0009901219247306675 0.0006596253015008546 0.003006351728134609
BTG2 0.0008826613344294435 0.0005215179064506768 0.0007776263311557366 0.0008244223101896403 0.003006227882225497
GMIP 0.0007123531998961543 0.0006729785681502005 0.0009012850628112329 0.0007176868721258256 0.003004303702983413
SSB 0.0007966225790966904 0.0006911891286894569 0.0008280683428245935 0.0006867779859633784 0.003002658036574119
EGFL8 0.0005601394786236997 0.000564066062264166 0.0011844239420914875 0.0006940174521716972 0.0030026469351510502
C21orf56 0.0003903153628300581 0.0009110097347008416 0.0008745972882809892 0.0008147330137709974 0.002990655399582886
SLC22A2 0.0006245055216714934 0.0007535510449605378 0.0009780524550155128 0.0006340991171229453 0.0029902081387704893
TRIM56 0.0005586778200721858 0.0006521872792527092 0.0009321388862545876 0.00084697581592925 0.002989979801508733
ZNF263 0.0008298661372688826 0.0006152230378219497 0.0009009659015080503 0.0006433494417009603 0.002989404518299843
PDIA6 0.0007477297540619935 0.0005906318318237562 0.0007444413711324754 0.000902848743965906 0.0029856517009841307
SNORD30 0.0005229225202213042 0.0004846120601270067 0.0011804372145953887 0.0007951505287856836 0.0029831223237293835
DAXX 0.0005920055133372635 0.0007625555318352352 0.0009754852749348944 0.0006514147270533125 0.002981461047160706
ZCCHC17 0.0008892591738851919 0.00046784154935685957 0.0009244748301287716 0.000698013434914238 0.0029795889882850615
KLK6 0.0005518577457060385 0.0009080735379701147 0.0007694458814566167 0.0007468089150615874 0.0029761860801943573
ESCO1 0.0003460655675715244 0.0009029260463880199 0.0008828213746873116 0.0008436194280487749 0.0029754324166956303
LOC100132354 0.0005892914633233114 0.0008313745420484616 0.0008134975583418344 0.0007396103520526436 0.002973773915766251
ACBD5 0.0005128872140273869 0.0007812098318304197 0.0007825266150918846 0.0008912228501336524 0.0029678465110833437
LOC441869 0.0005177366352764265 0.0007996279620633947 0.0007466518788816851 0.0009033924725292367 0.0029674089487507433
ZHX2 0.0004419425409823628 0.0005322471457005842 0.0009434522428151562 0.0010482914740056362 0.0029659334035037396
LOC731779 0.0006790463957590061 0.0005144866750602826 0.000914966014513717 0.0008571914326446703 0.002965690517977676
TAS1R1 0.0007365995975381087 0.0008400304996971152 0.0008235533878953635 0.0005623609865840872 0.0029625444717146752
SNHG9 0.0009226263650971992 0.000705114404820709 0.0006539110930897732 0.0006781876497564507 0.002959839512764132
TBC1D23 0.0007911966254471895 0.000757623084225051 0.0005202191955872394 0.000889949557961459 0.0029589884632209387
BCL6B 0.0006014225834539683 0.0006027295974896229 0.0006349583197104527 0.0011192686901514992 0.002958379190805543
L3MBTL 0.0005604281865287403 0.0007615135147182705 0.0006358781335779472 0.0010000876942869146 0.0029579075291118724
C13orf33 0.0005657581490649962 0.0006080774979205109 0.0009911688482949932 0.0007924914009102436 0.002957495896190744
ASXL2 0.0006592482133856742 0.0007478224408916942 0.000829452640960645 0.0007192875160020951 0.0029558108112401086
GALNTL4 0.0008962531774846634 0.0006180671525227279 0.0007094303853436738 0.0007301876186065831 0.002953938333957648
SPAG1 0.0007327223035406765 0.0007829139368068083 0.0007593085812096845 0.0006775994069583696 0.0029525442285155395
NFYA 0.0006138116459074605 0.0004739257727792158 0.0007771480538579489 0.0010850244243932323 0.0029499098969378574
SGCE 0.0005600659486881057 0.0007605075640288826 0.0006493069878995813 0.0009765878256268483 0.002946468326243418
HOXC4 0.0005746323313548029 0.00046506306001614666 0.0009955848896325463 0.0009052840708273242 0.0029405643518308202
RAP1GAP 0.0005388637199643541 0.0008893916386415932 0.0006830023501858618 0.0008280956589967294 0.002939353367788539
SKIL 0.0007067134523615799 0.001064174494272461 0.0005043421712297889 0.0006623835880681361 0.002937613705931966
TMEM104 0.0007453710992386712 0.0007639111582127885 0.0006112701108671019 0.0008168487302953236 0.0029374010986138854
SEMA6C 0.0006301599656150503 0.0005453444429126401 0.0011633115747581098 0.0005957121186143207 0.0029345281019001208
RNF141 0.000779909131672709 0.0006833163161567378 0.0006860197588737152 0.0007850102464760842 0.002934255453179246
GRAPL 0.0005249706900183748 0.0008469816645274482 0.0008055176249047279 0.000750701853341193 0.002928171832791744
ZMAT3 0.0005398476637628581 0.0008422236039547476 0.0008376021301198768 0.0007072511405719587 0.002926924538409441
PTS 0.0004889080017193605 0.0007610408011380458 0.0007108727765118525 0.000963509269568193 0.0029243308489374517
LGALS9C 0.0005736517906860491 0.0010093815389279207 0.0009145707042059745 0.0004260463761984998 0.002923650410018444
RG9MTD2 0.0005993246722917798 0.0005012697448231443 0.0008375315420698186 0.0009844058268004298 0.0029225317859851727
YTHDF2 0.0008136616320342735 0.0007529419935396186 0.0005864051224426997 0.0007664959207033842 0.0029195046687199755
C22orf24 0.0009886204902307511 0.0005906285136521576 0.0008947287442766562 0.00044456028671300716 0.0029185380348725723
PPP3R1 0.0005849026405380924 0.0005894600747143573 0.0008179912354745111 0.0009215787177658495 0.0029139326684928103
RPTOR 0.00045269272690394923 0.0007463101017761851 0.0009456119017734113 0.0007627962181917531 0.0029074109486452986
WNT9B 0.0005468394619758991 0.0006401489373080453 0.001023768933755068 0.0006959219021974866 0.0029066792352364992
SERF2 0.000601541459270274 0.0006140842325045979 0.0008160301964911306 0.000871840004996225 0.002903495893262228
RTBDN 0.0007667683579153074 0.0008276664479996993 0.00035544091149946835 0.0009494136512160481 0.002899289368630523
NLK 0.0006752948043311148 0.0007012781016787554 0.0006598717535033549 0.0008606589316963927 0.002897103591209618
TRIM4 0.0006436804601847358 0.00048372776978576875 0.0007750124314640117 0.000992887264269894 0.0028953079257044104
SRPR 0.0006027332305569807 0.000576821784711347 0.0009490057107186626 0.0007654558450465107 0.002894016571033501
SPRY4 0.0006844065948685363 0.0005581288973489482 0.0008275118610819102 0.0008210630613705326 0.0028911104146699274
OPA3 0.0007447354464860497 0.0006060376236318543 0.0010749149285209814 0.0004651520187252763 0.0028908400173641617
SPOCD1 0.0007822190564435935 0.0005594548546415546 0.000956630083992303 0.0005910268122585556 0.002889330807336007
GRPEL1 0.0007618737066361687 0.0005244858081412905 0.000883994626543547 0.000716761046419629 0.0028871151877406355
NARF 0.0005046590706123903 0.0006966735757231133 0.0009528242060661592 0.000726694363569195 0.0028808512159708578
SPG7 0.0005168532845314536 0.0005713676869261967 0.0008906156078027974 0.000901632416302846 0.002880468995563294
ATP6V1H 0.0007664418843816995 0.000474813258285305 0.0007756021688675489 0.0008593462220720457 0.002876203533606599
SMNDC1 0.0005544554779961291 0.000574523857723864 0.001055941747663575 0.0006912058017545245 0.0028761268851380927
DBF4B 0.0005884443130635979 0.0005400078138058182 0.000934685313500367 0.0008077105224205674 0.0028708479627903506
ZSCAN22 0.0006664172459642299 0.0004923129128060089 0.0008665484610569532 0.0008450264406429188 0.002870305060470111
HCRT 0.0007631778030716902 0.000739022261987205 0.0005501471711624256 0.000814903699644046 0.0028672509358653665
MOSPD3 0.000556766326911666 0.0006071525694975669 0.0007223228690483314 0.000978516993090968 0.0028647587585485324
STK11IP 0.0006165172195088859 0.001025752476026707 0.0006660719466162462 0.0005530446295261793 0.0028613862716780182
HRAS 0.00041151017357142077 0.0007120484765399907 0.0006873885705555389 0.0010496292561237891 0.00286057647679074
PIK3R3 0.0005680082308036994 0.000520963521102441 0.0009731673502457048 0.0007946171769298831 0.0028567562790817284
MAGEL2 0.0006193266131563482 0.0005611167829387273 0.0008236869348625291 0.0008502142907192468 0.0028543446216768515
C12orf61 0.0007098097006543246 0.0006780854451644096 0.0006882511658032251 0.0007757772677191992 0.0028519235793411585
SNORD58A 0.0006061785623360712 0.000924610876495479 0.0007481209568712602 0.000563208324827014 0.0028421187205298244
ZNF687 0.000510707309331586 0.0007225343599373599 0.000850867948106058 0.0007577527852018094 0.002841862402576813
GON4L 0.000645463770447242 0.0006208204505972085 0.0007589332412884713 0.0008152694784346376 0.002840486940767559
MKL1 0.0007507576458642693 0.0005802931726946734 0.0009308596418405787 0.0005781527678643854 0.002840063228263907
GPER 0.000765281355397837 0.0009040456614215384 0.0007494506043820801 0.00042001933705119543 0.0028387969582526506
PPP4R1 0.0006002060089559578 0.0005344493347742577 0.0011314218885303102 0.0005708771171905396 0.0028369543494510653
SOLH 0.0005977613843631429 0.0007362758117330702 0.0008820732685979116 0.0006159534314328717 0.0028320638961269965
UGGT1 0.0007822531876549823 0.0006927086724733647 0.0007012796766313197 0.0006520424461628571 0.0028282839829225238
NSUN4 0.00048565144582166954 0.0008016722621316793 0.0007517770558533417 0.0007780423838648321 0.002817143147671523
WDR26 0.0006907025461046478 0.001128031897065866 0.0003456569782263275 0.00065165069395956 0.0028160421153564015
SFRS18 0.0006303603739753391 0.0007561308994228951 0.0007629636203672948 0.0006639603370588952 0.0028134152308244243
ZSCAN18 0.0006084584063358767 0.0008723185528598975 0.0007850116232457953 0.0005474179008317693 0.0028132064832733384
FAM84B 0.0005365135356894577 0.0006327107975121105 0.0007329069908619376 0.000910366214142627 0.002812497538206133
DCK 0.0005595907968139722 0.0005885995518868282 0.0007304529473660593 0.0009336014605474313 0.002812244756614291
TBX4 0.0005803126093790109 0.0006555297819056673 0.0008831142289814724 0.0006916802012671188 0.00281063682153327
NBPF15 0.0008199845618620432 0.0008024565965196418 0.0006543850229911456 0.0005299396530859319 0.0028067658344587626
BRCA1 0.0004413938132455085 0.0008958176128211516 0.0007377161168493063 0.0007308805857116907 0.002805808128627657
CYP2S1 0.000531255743399963 0.0007075166292475326 0.0006974492393543787 0.0008652836751194846 0.002801505287121359
NSA2 0.0005215471226570099 0.0008734708229695054 0.0008577969412043625 0.0005453503989279536 0.002798165285758831
MC4R 0.0005735570746026262 0.0004375185247234888 0.0011101456911678824 0.0006723004568735519 0.002793521747367549
SHARPIN 0.0007148611625707701 0.0007554977855364717 0.0005668396047960207 0.0007543688148535538 0.0027915673677568163
HCG18 0.000646904570662346 0.000447315667913124 0.0007287031064426101 0.0009664606379721571 0.0027893839829902373
CAMKK2 0.0006006883225448615 0.0007469390860641841 0.0007770045533293131 0.0006644591254016797 0.0027890910873400385
MLX 0.0004736282847727253 0.0006025291675424079 0.0009538719879014486 0.0007557797385306004 0.002785809178747182
GLOD4 0.000627434406316184 0.000885089267953354 0.0006580436033375573 0.0006150587306071541 0.0027856260082142494
RAP2B 0.0006696750418062823 0.0006096388590385278 0.000993590968532023 0.0005096615316363812 0.002782566401013214
LOC284749 0.0004728002777148 0.000522475996153613 0.0007228325937299327 0.001064058086109643 0.0027821669537079884
CLDN19 0.0004026027261647262 0.000777105152931437 0.0006563857118820016 0.0009455408240346243 0.002781634415012789
HIST1H2BH 0.0006517799022357999 0.0005883268826825637 0.0008121346360412472 0.0007285800989203001 0.002780821519879911
CFTR 0.0003975641027513646 0.0005670867543450948 0.001123656902714792 0.0006903917294966285 0.0027786994893078797
DOPEY2 0.0005590001311385256 0.0008606235108821828 0.0006606833218159838 0.0006971198452647138 0.002777426809101406
OSBPL11 0.0005829833039315093 0.0006200726356690625 0.001003045193328006 0.0005698131677795537 0.002775914300708132
GGT1 0.0007819550765239974 0.0007043923847000202 0.0007539155879032006 0.0005328012837622335 0.0027730643328894517
NOL7 0.0008712696524446638 0.0005779703881685365 0.0006695668517611661 0.0006523401967370513 0.0027711470891114177
AP3D1 0.0003784715176521624 0.0006971581408527299 0.0010448179174792599 0.0006456417958811456 0.0027660893718652975
VPS18 0.0003690123414206164 0.0006438908146497894 0.000922982518452228 0.0008283083731273339 0.002764194047649968
RNF144A 0.0005270458658737567 0.0009386654703544703 0.0007468768347636592 0.0005514996951380426 0.0027640878661299288
HBEGF 0.0005307211603003349 0.0005808186152479715 0.0008012449503980135 0.0008509237790908597 0.0027637085050371797
ZFAND2A 0.0007454560858422347 0.0007219032852283315 0.0006627862596164027 0.0006323961735621679 0.0027625418042491368
ZNF397OS 0.00048385103839254027 0.0006697055600752619 0.0008859219559862108 0.0007226705993215244 0.0027621491537755376
TRMT1 0.00048006872365669116 0.0006951034849945973 0.0006822928345369975 0.0009030348665767993 0.002760499909765085
ARPC4 0.0006139896392166324 0.0006898612631036553 0.0006690773597169429 0.0007872328757827279 0.0027601611378199583
PTPRU 0.0008756364535116034 0.0007570742383980313 0.0005898332781302462 0.0005332692143308082 0.002755813184370689
C4orf47 0.0007676724847526844 0.0006233578169114694 0.0007276063090858075 0.0006357527324819831 0.002754389343231944
MIR1977 0.0005839703480396239 0.0008146247755396248 0.0007793377875752584 0.0005746899541088131 0.0027526228652633203
INADL 0.00032587741326731097 0.0005110485845499304 0.0012709028593089148 0.0006437926597404415 0.0027516215168665982
BCCIP 0.0005570637800335024 0.0006007096193155655 0.0010392822581090856 0.0005507024785313652 0.002747758135989519
EIF2S2 0.0006185171442139278 0.0006721154524551118 0.0006219744915983575 0.0008318000036339583 0.0027444070919013554
SH3BP4 0.0006618666393979087 0.0005391564804112575 0.0009257098454619866 0.0006156829159729506 0.0027424158812441035
CYB5R2 0.0010002307209650185 0.0005783416273713023 0.0006991266714293214 0.00046449465942324504 0.0027421936791888874
ZNF181 0.00047856811815543256 0.0007055701810071873 0.000907419995563501 0.0006491280214533176 0.0027406863161794385
ADAMTSL4 0.0006826635863483886 0.0005132549561860111 0.000727912181774604 0.0008154877114897434 0.002739318435798747
MYO15A 0.0006869661074324623 0.0006110428587256511 0.0006631104047535501 0.0007768548634795309 0.002737974234391194
YAP1 0.00043760603480929303 0.0007100123330855356 0.0007971209022583434 0.0007899152610450222 0.0027346545311981944
EIF1 0.0005498696905485167 0.0006936995376418718 0.0007449680144289162 0.0007459219709287947 0.002734459213548099
RNF215 0.000469874269830985 0.0006877920100430318 0.0010370429057915663 0.0005370723003023832 0.0027317814859679664
C16orf88 0.0007535627669933329 0.00038993252159366676 0.0006649815607249396 0.0009208827844920352 0.0027293596338039744
DOLK 0.0006752258825575579 0.00044743050135354295 0.000946120814465255 0.0006594408492227059 0.002728218047599062
METTL13 0.0007209507762767725 0.0005033727159954067 0.0009418954898460189 0.0005611547576972873 0.0027273737398154853
MIR627 0.00031982714003777224 0.0007988595644019035 0.000988290190036239 0.0006167285567795297 0.0027237054512554443
NID1 0.0007488477518328019 0.0004768923996221343 0.0007756141390491909 0.0007180953287790376 0.0027194496192831648
TBC1D13 0.0006926531241501237 0.0004365464851755935 0.0009093601709589888 0.0006786014536024152 0.002717161233887121
MRPL46 0.00047550117258514304 0.0009498479080612954 0.0007991356801512719 0.0004922028907404124 0.0027166876515381227
MOBKL2C 0.0006643046105198104 0.00048825086872727964 0.0006787343433483875 0.0008821006983550858 0.0027133905209505635
C19orf50 0.0007049609092322976 0.0005512708215324925 0.0007313454624450059 0.00072522580017028 0.0027128029933800764
FLJ32810 0.0005863156831077187 0.0007866976203605173 0.0007401493840455032 0.0005986621068731745 0.0027118247943869137
CLIP2 0.0006715475453726861 0.0006065747512033748 0.0006159843822746817 0.0008171026911954168 0.0027112093700461595
STX3 0.0006632085597146618 0.0006305255992997603 0.0009891155546653714 0.0004281422032406734 0.0027109919169204665
AKAP8 0.0007616630028695903 0.0005464337567247714 0.0007013403379459244 0.0007002231522210513 0.0027096602497613375
TANC1 0.0006785954004141889 0.0006897033164674633 0.0006008567480102563 0.0007401152180792432 0.0027092706829711516
UGT2B15 0.00044231872764540555 0.0006408819664595433 0.00112850590886149 0.0004967801458403559 0.0027084867488067947
CMTM6 0.0006098135567491733 0.00045120891188343577 0.0006037498297920806 0.0010425307789660877 0.0027073030773907773
RPL27 0.0004268107810005024 0.0006517209732554425 0.0010029569861333008 0.0006228874841722696 0.0027043762245615153
PRKAB2 0.0006362896668254416 0.0005885474912041444 0.0008834235789999679 0.0005948824659241316 0.0027031432029536854
SLC41A3 0.0005936134579812664 0.0006861672189803473 0.0006960278430268954 0.0007271422088819942 0.0027029507288705034
C12orf51 0.0006025004601963232 0.00036721464009167447 0.0009911010524344547 0.0007382873660151936 0.002699103518737646
RPRM 0.0006191411067698104 0.0005860854753612927 0.0008084182844904014 0.0006823415453917178 0.002695986412013222
C20orf11 0.0005502482871402991 0.0007097614907920693 0.0007495679085734375 0.0006853260335425209 0.0026949037200483267
P2RX6P 0.0008754750489447533 0.000657635678082917 0.0006130011736619864 0.0005486424822044118 0.0026947543828940686
RFWD2 0.0006204338601196376 0.0007136247812364973 0.0006773248070943304 0.000681421736607486 0.0026928051850579515
NUCB2 0.0005295954609639514 0.0007648661175221492 0.0007979631707255577 0.0005971975099126914 0.0026896222591243496
WDR18 0.00044201992408662014 0.0007654433565616128 0.0007499918737276308 0.0007314445321066502 0.0026888996864825143
DET1 0.0006215930867267381 0.000832163891447274 0.0005278863650536545 0.0007059853433894836 0.0026876286866171504
CCT4 0.0005969825460231466 0.0007190448439232946 0.0007832041335965354 0.0005874941007250387 0.0026867256242680154
CASKIN2 0.0006718194228045874 0.000632463934756983 0.0008196819460565923 0.0005617811054718496 0.0026857464090900124
RPL41 0.0006895531006842203 0.0007441557660965778 0.0006733981331325807 0.0005756639241294248 0.0026827709240428033
MRPL52 0.0004918421994038382 0.0006321320093360935 0.0008521978332769297 0.0007061659951247221 0.0026823380371415835
MIR2110 0.0006552169813802903 0.0004753278577428079 0.0008374036878384717 0.0007122996281915472 0.0026802481551531166
FAM114A1 0.0004525851454009799 0.0007648398678485822 0.0007868441946896815 0.0006727177143977898 0.0026769869223370333
ADORA1 0.0005872123792192343 0.0006589069154813025 0.000841419797388979 0.000588488519802789 0.002676027611892305
AHNAK 0.000528819781304188 0.0008005752680242931 0.0006213143590304888 0.0007246932656466362 0.002675402674005606
PDE4C 0.0006445101204266182 0.0006058653794103962 0.0006878176549612638 0.0007371766607801898 0.002675369815578468
LEMD2 0.00045998377757178725 0.0006055317827002461 0.0008539121302126133 0.0007554345229531964 0.002674862213437843
MTIF3 0.0005259755613490604 0.0006168312688070789 0.0006194747248694296 0.0009119039055507285 0.0026741854605762975
PDXP 0.0005315734675154956 0.00047137715909169526 0.0009347190892210663 0.0007348594311384754 0.002672529146966733
SFXN2 0.0006851091621321724 0.0006584610183503535 0.0007818386289642411 0.0005469170392732036 0.0026723258487199707
WDR87 0.0005359879564957812 0.0003753754764483659 0.0007670370841506639 0.0009885659885187853 0.0026669665056135963
MRPS18C 0.0007461841989459512 0.0007679170446221594 0.000827052648378117 0.000325218468984761 0.0026663723609309884
STIL 0.0005766001229464601 0.0008569910060615962 0.0007488493463617366 0.00048164984691144083 0.002664090322281234
ZNF248 0.0006050839904197461 0.0006975824688260693 0.0005866068633171053 0.0007742626021486295 0.0026635359247115502
SLC38A2 0.0004517312286833377 0.0007744178271557329 0.0007451078441601452 0.0006907375022533781 0.0026619944022525936
ZNRF1 0.0005585015663798624 0.0005106865883914688 0.000832397386920393 0.0007582177678622617 0.002659803309553986
DNAJC16 0.0005650822761561984 0.0008089367724713307 0.0007996505800680889 0.00048404470645400726 0.0026577143351496253
NNT 0.0004477895189148053 0.000736098232945957 0.0008384278082015709 0.0006313092327484785 0.0026536247928108116
TLR5 0.0005064520528806676 0.0006117326495981342 0.0006060310476894267 0.0009255246013301993 0.002649740351498428
PRDM8 0.0004119554030051857 0.0007460377002423026 0.0008836923104483536 0.0006066115516563031 0.002648296965352145
STAU1 0.00046665041986568273 0.0004320639791564382 0.0010010325329487713 0.0007484967310550851 0.0026482436630259776
DHX57 0.0006971261735107931 0.00035671252227904507 0.0009001090517590666 0.0006929405474684033 0.0026468882950173083
ADAR 0.0004156195612421695 0.0009729972051447933 0.0006045122197673574 0.0006532280132088554 0.0026463569993631754
EPHB4 0.0006058978064744111 0.0006682751905604363 0.0008922598385328568 0.00047831117918424446 0.002644744014751949
BIN1 0.000641838539168154 0.0004590272058337265 0.0008053841568098081 0.0007377369476371333 0.0026439868494488217
LOXL4 0.0008180340688520533 0.0006837512683104617 0.000595437847365877 0.0005455577847621321 0.0026427809692905245
MIR191 0.0007462131077265806 0.0007004483693151882 0.0005721629932781757 0.0006237704927626267 0.0026425949630825714
UAP1 0.0005736509261193787 0.0005819929059596824 0.0007819610861556303 0.0007049447764217867 0.002642549694656478
ASB2 0.0005828548372790825 0.0007226637384893681 0.0006630932893638174 0.0006728239374363321 0.0026414358025686003
SERP1 0.0007587959193422458 0.0006500466364597037 0.0007024339377935618 0.0005285002742805139 0.0026397767678760253
C9orf41 0.0005099634151370246 0.0006438904153258238 0.0008712145241613938 0.000610589211525879 0.002635657566150121
SNORD24 0.0004194616637094432 0.0007320322256799064 0.0007571339434598796 0.000725761106538553 0.002634388939387782
WDFY3 0.0004343797449344971 0.0006732465374672065 0.0009617422656769744 0.0005626926562589576 0.002632061204337636
CDC42EP1 0.0005467183276539267 0.0005508295292777961 0.0009570224256832861 0.0005761643785936642 0.0026307346612086733
DDX39 0.0005505998362244841 0.00044957544697545054 0.000898074085361401 0.0007313845193233205 0.0026296338878846566
CHI3L2 0.0004980307318418904 0.0008137435559997054 0.0008221660027140643 0.0004952551037825507 0.002629195394338211
RYBP 0.0005729841976185897 0.00043379573471862546 0.0010073841129840367 0.000610556570203694 0.0026247206155249458
MEG8 0.0007037745035886475 0.0004249861513814119 0.0011063699546016827 0.0003849664378134849 0.002620097047385227
UBE2H 0.0005073765218750453 0.0003747214925513513 0.0007062908595921213 0.001030929598029473 0.002619318472047991
GYS1 0.0006836198143527568 0.000625353213246193 0.0006828615357876552 0.0006240512467242988 0.002615885810110904
NR2F6 0.0005790452379897649 0.0005894328347009848 0.0007295037572572012 0.0007138109585186301 0.002611792788466581
TCEB1 0.0005250306464413021 0.0005818961275162951 0.0005173591120590466 0.0009835271858509437 0.0026078130718675875
TRIM46 0.0005582331502040673 0.0006563435278861532 0.0011058907656201736 0.0002866611985963856 0.0026071286423067796
FKRP 0.00042822037414416974 0.0005679162690185728 0.0006779006310250544 0.0009313268985480865 0.0026053641727358835
CDK5RAP1 0.0007338619299654735 0.000691563408429193 0.0005165642253617982 0.0006609642627504596 0.0026029538265069244
TRIM61 0.0004981886151457411 0.0006019818925872723 0.0007242917702927126 0.0007763436445214994 0.0026008059225472255
BAT2 0.0006352860364684111 0.00055381388130311 0.0009477360363706986 0.0004625179166184926 0.002599353870760712
SNORA38 0.0006139312887344197 0.0006777522268588238 0.0005131298244031659 0.0007937499703518423 0.002598563310348252
CDK4 0.0008672929472135884 0.0005080340731032206 0.0006304154115098365 0.0005923687782236622 0.002598111210050307
E2F2 0.0006757390575002565 0.00089582356151649 0.0004196818145193296 0.0006067576235267701 0.002598002057062846
RB1CC1 0.00037428657432393307 0.00036111206216497577 0.0008023406050594491 0.001059780935492294 0.002597520177040652
DAAM1 0.0003955319558720413 0.0006669760737930211 0.0008149726759383606 0.0007195335587406413 0.002597014264344064
DDB2 0.00058423556855155 0.0007577414112141793 0.000828939500176774 0.0004253029211810229 0.002596219401123526
TXNDC6 0.0007337663677785469 0.0007294020046463786 0.0005392077815257981 0.0005885332045807599 0.0025909093585314833
SPC24 0.0005490023804917304 0.000469174468227872 0.0008234582426899511 0.0007491251956000995 0.002590760287009653
OSBPL8 0.0002545001181660248 0.0006596600997430225 0.000808900019982544 0.000862252236470808 0.0025853124743623994
DMXL1 0.00044202468080017037 0.0004967889137553502 0.0008159663543881932 0.0008303953795485982 0.002585175328492312
CLK2P 0.0006578972075654186 0.0005202997291363439 0.0009250846120496533 0.0004762157903923702 0.002579497339143786
CHMP4C 0.0004689130337548572 0.0004955064679567986 0.0005933851001358466 0.0010211078186708948 0.002578912420518397
SLC26A6 0.00043847509067368825 0.0004471169200844595 0.0012683743442319705 0.00042310667518460096 0.002577073030174719
SAP30L 0.0004989786270405074 0.0006831642842553837 0.0007075494432987438 0.0006830838764212426 0.002572776231015877
FAM82A2 0.00042538799758979305 0.0005351402001419883 0.0008155594838981149 0.0007938669527219747 0.0025699546343518707
PTBP2 0.0007411818025608867 0.0008374901401082104 0.0005847717488365985 0.00040611084372591845 0.002569554535231614
RND1 0.0006388622702027346 0.0006601352426544313 0.0007393187240182667 0.0005301603358134023 0.002568476572688835
CSNK1G2 0.000593388572008701 0.000477994354197182 0.0007594212665955468 0.0007345473034170434 0.002565351496218473
CEBPD 0.0006608458127487016 0.0005728224391196243 0.0007733767890340902 0.000556661071493853 0.002563706112396269
RALGPS2 0.000663397760359717 0.0005447334640304201 0.0006557184858773819 0.0006991640923506423 0.002563013802618161
PISD 0.00034687284074495507 0.0005412510500626868 0.0007952650893255058 0.0008790120653352719 0.0025624010454684196
LPIN3 0.0006373566270349682 0.0005840667393205931 0.0005757367692128913 0.0007646990552198636 0.0025618591907883162
SAMM50 0.0005160082136114124 0.0004823869751068246 0.0008067158941183549 0.0007557684665302445 0.0025608795493668366
MMP7 0.000760731437331785 0.0005267838132743446 0.0006421071921022815 0.0006255753069872469 0.002555197749695658
FAM161A 0.0004961725897847648 0.0007996950947942169 0.0007896426322717813 0.0004695861613372728 0.002555096478188036
RAB1B 0.0005203720996557842 0.00041297191101128674 0.0007614440423702477 0.0008593654901692532 0.0025541535432065717
ESPNP 0.00045249728023646414 0.0006373024516527585 0.0007080091405919652 0.0007543434728387962 0.002552152345319984
ZFHX3 0.0005063396154978232 0.0004926352084728342 0.0008975688832124822 0.0006520778048658959 0.0025486215120490356
MOGS 0.0006141439127726972 0.0006905431281848895 0.0008394671803170133 0.00040248401500526585 0.002546638236279866
KLHL33 0.0004882820493403676 0.0009071563405141665 0.0005835102519364938 0.000567564528554683 0.002546513170345711
DHRS1 0.00045658600747616664 0.0006360099541580838 0.0008499725448951239 0.0006007919183600547 0.002543360424889429
GPR19 0.000691024447773649 0.0005953489278552681 0.0008529771595437932 0.00040165857451939554 0.002541009109692106
PLEKHB2 0.0006194213181175089 0.0005839544977770925 0.0004507081052445479 0.0008869014459380103 0.0025409853670771594
TIGD1 0.0005278016009671591 0.0005677947311919648 0.0008221440455880991 0.0006205008239647959 0.0025382412017120187
DUSP13 0.0006065245600757671 0.0007525684078715348 0.0007194561672113443 0.00045897403585644294 0.002537523171015089
PDE6G 0.0005590718439052709 0.0005780085118302445 0.0005908207311252976 0.0008016693793308872 0.0025295704661917003
KIAA0467 0.0006813295856578256 0.0006769261571901735 0.0006443473394235343 0.0005215998317717937 0.002524202914043327
NDUFS2 0.0006773503670581513 0.0006574096476603239 0.0007754324222907817 0.0004135087573682505 0.0025237011943775073
UQCC 0.0005518316561212763 0.00070218773596111 0.0006631751364254095 0.0006044792108652488 0.0025216737393730444
UBASH3B 0.0005571004331836329 0.0006787754034491281 0.0005592401925908182 0.0007263580732532948 0.002521474102476874
FAM91A1 0.0007242614586316385 0.0006208079790056758 0.0006547401123729176 0.0005210691202455464 0.0025208786702557782
MIR641 0.0005406887442628955 0.00048149542142605033 0.0008176111048161215 0.0006809320290084852 0.0025207272995135524
GALK1 0.0007433053205005811 0.00044866183394424476 0.0008092539494051157 0.0005189429162090059 0.0025201640200589476
CCND3 0.0005319203986057238 0.0005637384149762601 0.0008219199320203725 0.0005981988948051472 0.0025157776404075034
PDZD8 0.0006027364883972882 0.00046420605956201254 0.0007757206844066043 0.0006727685187519641 0.0025154317511178696
PRR13 0.0006050771141605205 0.0007409158570958125 0.00046939983707813056 0.0006996113321485176 0.002515004140482981
PHTF1 0.0005759888192006252 0.0004880912156495363 0.0005678766433724255 0.0008809462645136993 0.002512902942736286
ALPL 0.0004511733573453842 0.0005078107454454362 0.0010605313055199487 0.00049223965801553 0.002511755066326299
UBXN6 0.0005988657837386606 0.0008413478282816567 0.0007207712516332797 0.0003499467583645315 0.0025109316220181285
NOLC1 0.0005290655942821208 0.0005497605247032191 0.0006561450416623727 0.0007751692098385884 0.002510140370486301
NELL2 0.0004882518640891932 0.0008998018775048915 0.0008085712794125725 0.00031115186516163045 0.002507776886168288
SLC47A2 0.0005610041908665037 0.0007107333114984829 0.0006866130565363781 0.0005451700516767868 0.0025035206105781514
SIN3A 0.00048352895376693305 0.0004843640653265298 0.0009233864006884968 0.0006118621223271933 0.002503141542109153
MTRF1L 0.0006464088346591029 0.0005091082438755494 0.0006978570267907761 0.0006423435379464761 0.0024957176432719042
WDR38 0.0004002889376080233 0.0006820906801164196 0.0005000357143723631 0.0009119177720143456 0.0024943331041111516
MIR1975 0.0005809175229669797 0.0005549668432006489 0.0008787298672262616 0.00047630236988824884 0.0024909166032821392
ZNF322A 0.00028385224413284384 0.000311423688735723 0.0012738166456653438 0.0006212020724755626 0.0024902946510094734
TCIRG1 0.0005320585497860189 0.0007654871730881134 0.0004104710519194592 0.0007821602610645701 0.0024901770358581616
CLDND1 0.0006756364154602262 0.00039745947105451486 0.0006573782723730036 0.000758394020102308 0.002488868178990053
C4orf41 0.0007297596740465014 0.0005016557044706251 0.0008276344107824889 0.00042793883209396214 0.0024869886213935775
CHRNA10 0.0005403519203288405 0.0006838639219366423 0.0007007157340533123 0.0005584005550675461 0.0024833321313863415
MTCH1 0.0005228296228724416 0.0005028480293215432 0.0008302521418893788 0.0006262837038152467 0.0024822134978986104
BHLHE40 0.0006468833525382215 0.0006079266341853784 0.0005776029531152509 0.0006487362786524559 0.002481149218491307
ACTR3C 0.0007929643766918439 0.00048487313689803363 0.0005991948895149254 0.0006020029273843845 0.0024790353304891873
HCG9 0.0006538767089770802 0.0005177406230725373 0.0005687989100903009 0.0007379699994946151 0.0024783862416345335
ARHGDIA 0.0004891778144247353 0.00048500444540939235 0.0009203904927646405 0.0005833874436986836 0.002477960196297452
VPS13B 0.00043979868563835564 0.00045211503133543084 0.0010214303470238678 0.0005622179951313248 0.0024755620591289792
C7orf59 0.0005978854796784689 0.0005171594828548001 0.0009504990136929391 0.0004097237009285092 0.002475267677154717
MAN1C1 0.0004932999882850826 0.000776008619158662 0.0006465995056533345 0.0005579985864663655 0.0024739066995634446
HNRNPF 0.000672874315046814 0.0005759575735935704 0.0006398561408601189 0.0005829086015868568 0.0024715966310873603
DDR1 0.0005834683948274007 0.0007970664470489412 0.000629292344059098 0.00046175497734735787 0.002471582163282798
MPPE1 0.0006621430884430072 0.0005743988490346084 0.0006152932558985449 0.000619703110748643 0.0024715383041248036
ZNF738 0.0005229841492800981 0.00048158058841149814 0.0007112136080679076 0.000755692409412901 0.0024714707551724046
BTAF1 0.0006502979400639054 0.0007289010432376365 0.0004676605959186045 0.0006228388266959451 0.0024696984059160917
TFEB 0.0005722658949096325 0.0007611575902383837 0.000498938120264696 0.0006314241649076097 0.002463785770320322
GJC2 0.0006804080418727132 0.0006603729155751563 0.0005712379287673501 0.0005470542597691098 0.002459073145984329
RECQL4 0.0005251329054777566 0.0007372252916421415 0.000683484660914179 0.0005115486151030823 0.0024573914731371594
RCCD1 0.00048670365358028663 0.0007245762205473266 0.0006238580149822212 0.0006222435447592635 0.002457381433869098
ARFGAP1 0.0006613299409279863 0.00043620778346577645 0.0006611595619862967 0.0006956503023063911 0.0024543475886864507
PTCH1 0.0003405617832166351 0.0005424124947591654 0.0007178558547794807 0.0008481442925194326 0.002448974425274714
FAM120B 0.000503020159206302 0.00030108276641593846 0.0008636021921662534 0.0007812501882040457 0.0024489553059925395
XPO1 0.0005734160696084501 0.0004418245998253005 0.0008529357664737532 0.0005805644808722958 0.0024487409167797992
EXOC3L2 0.0004330115986749718 0.0006083106217906573 0.0006770140076682089 0.000724850612772124 0.002443186840905962
RABGGTA 0.0007241485296909371 0.00046787314068450387 0.0008624367244119295 0.00038706379379541925 0.00244152218858279
SHPRH 0.0005190794064579146 0.0005372612835592469 0.0006410075966397156 0.0007413131273337353 0.0024386614139906126
CTNNBIP1 0.0005541469079352949 0.0005501575320314934 0.0006869988217994862 0.0006448407983488814 0.002436144060115156
GRPEL2 0.0006292981208950628 0.00034644793103518823 0.0008390580207308151 0.0006212341786108846 0.002436038251271951
POLH 0.0007323507018652204 0.0005275263615365961 0.0005112960232585178 0.0006635205647023451 0.0024346936513626794
C6orf145 0.0006165965303931911 0.0006851226101647035 0.0006547848951982109 0.00047690163475869055 0.002433405670514796
CXXC5 0.00047262649043245113 0.0007083034363182747 0.0007980553441408261 0.00045405277663366806 0.00243303804752522
STARD10 0.0003953494083165686 0.0006387716806189518 0.0006584663384840578 0.0007401361096428875 0.0024327235370624656
DYSFIP1 0.0006181230384624999 0.000493977404545162 0.0007157852694200109 0.0006020972226796393 0.0024299829351073117
PITPNM2 0.0004413392536319931 0.0005530400680797115 0.0006334455899633547 0.0008020590773413225 0.0024298839890163817
PAICS 0.0006135088840365989 0.0004779818038994357 0.0006933160001073527 0.0006435206901370298 0.002428327378180417
ZKSCAN1 0.0005450503796987112 0.0008227772178737511 0.0005991959681194864 0.0004612916956526299 0.0024283152613445787
ZNF790 0.0007392125199927295 0.00041623547764828165 0.0007445001528757222 0.0005278453039432383 0.0024277934544599715
DLGAP4 0.0007524629586516156 0.0005884592796230011 0.0005035495140677715 0.000582624866596989 0.0024270966189393773
RNF138 0.0006307494096593079 0.00032753768081447243 0.000859074451106517 0.0006042246884579019 0.0024215862300381993
DPM3 0.0008670687505469732 0.0006736139194984524 0.0004105473604472773 0.00046993935575109 0.002421169386243793
LGALS9 0.0005476830009460563 0.0005662291304830927 0.00068259148515599 0.0006184887883158338 0.0024149924049009725
MAN2C1 0.0005398918085287583 0.0006492993843989407 0.0007124173739013264 0.0005115505545479664 0.002413159121376992
C20orf29 0.0005957387474432144 0.0007852728123596521 0.0005803537659610325 0.00044681063164484 0.002408175957408739
GNRH2 0.0007364810942082162 0.0005799166709986155 0.0006742817913941385 0.0004162719827551971 0.0024069515393561674
TMEM55B 0.0005427170542462604 0.0008997711827655443 0.000723132415193639 0.00023567668250533115 0.002401297334710775
HNRNPD 0.0006809025180636029 0.0007430584584720554 0.0005654116661039063 0.00041150495231611516 0.00240087759495568
ACOX3 0.0004752261737634117 0.00046562464708473517 0.0006978113101749613 0.0007589238484993061 0.0023975859795224144
VAMP4 0.0005653409969721032 0.0008835699050392998 0.0005164288097653386 0.00043219198926466916 0.0023975317010414107
SIK1 0.0006587706814218223 0.0005180488684116903 0.0006230108428085891 0.0005976653247395375 0.0023974957173816393
C20orf30 0.0005417053614508417 0.0006142516924079012 0.0006452609037853898 0.0005917068293948795 0.0023929247870390124
RANGAP1 0.0007027579863888185 0.0005383786129458561 0.00046897763685555904 0.0006826225578192873 0.002392736794009521
SESN1 0.0007004638735992257 0.0005627768447839495 0.0004512488656395597 0.000677211882700436 0.002391701466723171
AMAC1L3 0.00036537206784563426 0.0005969017910497254 0.0007644418370804796 0.0006635128108913232 0.0023902285068671623
HDAC2 0.0005313784746462581 0.0006139508323523495 0.0008012273159759718 0.0004428101647663397 0.002389366787740919
ZMIZ1 0.0004699565109170929 0.0005829568293845993 0.0007909567271049847 0.000540279359902204 0.002384149427308881
TXNRD3IT1 0.0006197023870266626 0.0003689803925090849 0.0006879015973728162 0.000704839923319308 0.0023814243002278717
FAM103A1 0.00047894310889394487 0.000617176720244077 0.0006878491442204325 0.0005971499122147323 0.0023811188855731866
HEY1 0.0005887104964315814 0.0006000155695669354 0.0007149915243223435 0.00047568607430050435 0.0023794036646213644
ICK 0.000441776554857114 0.00044745709936879147 0.000620484157340444 0.0008684514489839367 0.0023781692605502865
ZDHHC5 0.00047922088646813873 0.0007401370286903216 0.00064416402312124 0.0005137498110517175 0.0023772717493314175
CREM 0.0006440291026501498 0.0007776319207777649 0.000725068370562947 0.000226085430495538 0.0023728148244863997
CCL28 0.0007996762518660934 0.00045994137914329364 0.0006642392529987904 0.00044726513878890563 0.002371122022797083
GPR56 0.0004695351084683803 0.0006670200838613582 0.0007882920838372106 0.00044621937722874307 0.002371066653395692
AURKB 0.000819319936923834 0.0005266349048522436 0.00035756295923955537 0.0006663506198973562 0.002369868420912989
FLYWCH2 0.0005610488054995292 0.0006719031975747282 0.0005535010962414766 0.0005831377781724157 0.0023695908774881494
LDB1 0.0003939334743377888 0.0006289314603803012 0.0007575970971091465 0.0005880614217735963 0.0023685234536008327
STK25 0.00038297766449219966 0.000523784456333432 0.0008977373007729679 0.0005605865746210856 0.002365085996219685
ZC3H3 0.00035110676369900037 0.0007293600798913007 0.0006228435696255995 0.0006615174960888809 0.0023648279093047815
SLC22A4 0.00044345973303174907 0.0004816835383952233 0.0007139339356705224 0.00072356090519349 0.002362638112290985
TRPV1 0.0004109030564746237 0.0008031469308605387 0.0007098475148664782 0.00043397249361478666 0.0023578699958164274
HNRNPUL2 0.0004649556259501659 0.0004884405131487999 0.0007738768903741337 0.000629220683454112 0.0023564937129272115
ZC3H14 0.0005878770506498954 0.0005484468860202186 0.0006799599615281238 0.0005355284695859452 0.0023518123677841833
MRPL15 0.0006254229002751183 0.0004300154848906203 0.0006786479760170731 0.0006161488150735401 0.0023502351762563515
SH3D20 0.00046477552954584625 0.0006239358321336241 0.0006154329277001174 0.0006454807706720142 0.002349625060051602
FDX1 0.0006795717187852833 0.0004104431409048674 0.0007489541428611586 0.0005087730002610086 0.002347742002812318
ZNF32 0.0003997726399367505 0.0006113297767995345 0.0007862189120413877 0.0005498011291566908 0.0023471224579343637
MAS1L 0.0005379123667957678 0.0006017651047514323 0.0005505802037059024 0.0006567835008896976 0.0023470411761428002
GDF1 0.0004386192390716737 0.0006665461252195246 0.0009368152784536326 0.00030505738452698904 0.00234703802727182
CBY3 0.0005906338404621434 0.0005977237308610994 0.0005805079374603431 0.0005753809512297384 0.0023442464600133242
CALCOCO2 0.0005122806579602089 0.0006119536698228409 0.0007044030650733173 0.0005155052328669754 0.0023441426257233425
TMEM219 0.0006993347244788031 0.0005645120402338391 0.0004798804742527407 0.0006003123044138974 0.0023440395433792804
LRRC37B 0.0005839302402958715 0.0004968934702558447 0.0006997437925067064 0.0005610168817214881 0.002341584384779911
LOC401431 0.0004885224271742393 0.0006101683393900565 0.0006917896962092565 0.0005508750225547193 0.0023413554853282713
GTF3C1 0.0006486903203412929 0.0005878099225008417 0.0006928649254307573 0.00041095498628941743 0.0023403201545623095
MIR492 0.0006125742997601306 0.000789139110726838 0.0005707327729208061 0.0003671286523404571 0.002339574835748232
C10orf28 0.0006914322374422372 0.0006134256803914538 0.0006638331120984012 0.00036879656192535164 0.0023374875918574438
CDAN1 0.0005876803205939042 0.0005721837003594946 0.0006581243375983399 0.0005188191043743382 0.0023368074629260766
MIR654 0.0007435331975760186 0.0004469078725521278 0.0005891745082813986 0.0005570255944703781 0.002336641172879923
SNX27 0.00046558918162881125 0.00045950227878660793 0.00041827139700980427 0.000990787213836896 0.0023341500712621196
NRCAM 0.0006530275366972165 0.0004686529663902927 0.0007049221321230668 0.0005030404180810293 0.0023296430532916052
ID2 0.000522232245328062 0.00041338373644213885 0.0006349373029094204 0.0007576441574265126 0.0023281974421061336
TMEM19 0.0004396389105948797 0.0007750346439498072 0.0006463587057115252 0.0004665753110979283 0.0023276075713541404
HIAT1 0.00043989008163311907 0.00046250244505881353 0.0007709318870642799 0.0006510841930473282 0.0023244086068035406
FAM53B 0.0006046823108810727 0.0005766935377599241 0.0005789298860967781 0.0005629136799872146 0.0023232194147249897
GPR116 0.000482718949183434 0.0006608823802544482 0.00033054783805075866 0.0008415262489237211 0.0023156754164123617
WDR4 0.000746958839530087 0.0005119935559619833 0.0005976748200498572 0.0004565458831706273 0.002313173098712555
MANF 0.000592590681315285 0.0005801627730944873 0.0006847522299074146 0.0004529420077202557 0.0023104476920374427
TMEM51 0.0005496760059314732 0.0005578798484398356 0.0007100653734299099 0.0004920073144021891 0.002309628542203408
STAG3L4 0.0004924674397598568 0.0005237246739953909 0.0007886186232174946 0.0005044826285573765 0.0023092933655301188
STK40 0.00040724908204237944 0.00033990641849350543 0.0008399552552706734 0.0007207866808259377 0.002307897436632496
TWF2 0.0004730043170996996 0.00036751500009130756 0.0008077574283167808 0.0006586880969729656 0.0023069648424807535
ENTPD6 0.0005469655750994821 0.0005052907006283067 0.000787955119057264 0.0004649362484968148 0.0023051476432818675
ABTB2 0.00046258124324879003 0.0005973214264260044 0.0008342103369453873 0.00040913574730416113 0.002303248753924343
ZNF438 0.0005347699077238638 0.0005193126303452868 0.0006697229061589366 0.0005781338538510648 0.002301939298079152
TBCD 0.00047790422094993334 0.000489898984573583 0.000864265145071132 0.0004683665444630841 0.0023004348950577324
C16orf57 0.0005324629741077336 0.0005471967984977578 0.0008854101237393165 0.0003341281946610831 0.0022991980910058913
MADD 0.0006613656408879664 0.0004516986455077378 0.0006408894978593355 0.000543604335111626 0.0022975581193666657
ZNF131 0.0006584581612307745 0.0005476906681179816 0.0004327666392898481 0.0006580272065746692 0.0022969426752132735
TECPR1 0.0004285057720784479 0.0005319711257646606 0.0003742905983054429 0.0009603062446252033 0.0022950737407737547
ZNF28 0.000491565255401025 0.0005007215282304549 0.0007119690504316165 0.0005892537896858578 0.0022935096237489544
RAD21 0.0005709937339333089 0.0007537571285391503 0.0004689113006507425 0.0004960157963411194 0.002289677959464321
TCL6 0.0006627866985540806 0.0005030776116165083 0.0004115639832413397 0.0007121028484573094 0.0022895311418692377
LIN52 0.0003455758901856097 0.0007583944079368638 0.0007369706523819849 0.0004453432749433262 0.0022862842254477845
AURKA 0.0005268801026612104 0.000502861372552801 0.0006500900688148163 0.0006042932821767519 0.00228412482620558
SLC39A3 0.0007238542263044991 0.00039580896153187185 0.0005000748597735227 0.0006606710938110303 0.0022804091414209238
SLC12A7 0.0004798164930731173 0.0004325571647238355 0.0005388428557824607 0.0008286402302702745 0.002279856743849688
MED20 0.0005096003541524361 0.0008246142827373279 0.0007161884616976841 0.00022867398295834475 0.002279077081545793
NR2C1 0.0004004732388519203 0.0006683036424119362 0.0008152932877966911 0.00039360933265589584 0.0022776795017164435
MGC57346 0.0004517686498817579 0.0005383688495476281 0.0007760737902605165 0.0005106092476965642 0.0022768205373864666
LRP5L 0.000409738055639306 0.0006430948660340121 0.0007083627352491444 0.0005149098063354214 0.002276105463257884
ATP1B3 0.0005929739538320022 0.00040133431229955817 0.0008432103179995367 0.00043460815521389524 0.002272126739344992
C1orf163 0.0006209118797699902 0.00039319091499570526 0.0006905738527504302 0.0005650137832556538 0.002269690430771779
MIR611 0.0007527331928525255 0.0003813283443926443 0.0006019033385547521 0.0005315088539900275 0.0022674737297899497
PLCG1 0.000670514047301934 0.0006217640625351126 0.0006338436331241366 0.0003409858440066012 0.0022671075869677842
TMEM80 0.00035512332374752406 0.0005323488805895652 0.0008002759901816826 0.0005784511599900237 0.0022661993545087956
NACAP1 0.000553096848505132 0.0005516683813408883 0.0006807447351366934 0.0004803381071884053 0.002265848072171119
CYHR1 0.0005719809936838272 0.0004329656914932048 0.0005257222903422295 0.0007330110432152171 0.0022636800187344785
DHX58 0.0005795829617850541 0.000558558573878019 0.00041055358707755044 0.0007121122387463606 0.0022608073614869837
DNAJC28 0.000568102688748626 0.0004392183346579442 0.0004675649180335955 0.0007800298042415093 0.002254915745681675
NCRNA00120 0.0004903705328540028 0.0005943125046830736 0.0006138008860889098 0.0005504976537281967 0.002248981577354183
PLEKHM1 0.000480171630367856 0.0008091261963235846 0.0006453204574357704 0.00031367945724870074 0.0022482977413759114
YLPM1 0.0005751883123027359 0.00047405388184626647 0.0006509212239463838 0.000547392726398884 0.0022475561444942702
CYP51A1 0.0006957851332051055 0.0003217162533153665 0.0006826390610172033 0.0005412195602822462 0.0022413600078199213
CANX 0.0005780005652502396 0.00030884229008073144 0.000665026320005166 0.000688618098317816 0.002240487273653953
SEC11C 0.00037017884360601553 0.000501665761931573 0.0008448177724197505 0.0005233957082802966 0.0022400580862376356
SNRPB2 0.00044035493853945146 0.0005362944520277441 0.0005981025610089417 0.0006652216789781881 0.0022399736305543255
FBXW9 0.0005194298553695358 0.0005420940670905424 0.0008143748829705256 0.0003639244170031065 0.0022398232224337105
SLC22A18AS 0.00048161905299801236 0.0005631107961525374 0.00045746668944766764 0.000736236197897369 0.002238432736495586
C14orf133 0.0006089462403956001 0.0006734654572530762 0.0005646046205202078 0.00038949092032986054 0.0022365072384987446
DDX17 0.0004931343527902904 0.0004792482525554116 0.0006718549574223137 0.0005910255811677264 0.002235263143935742
RHBDF1 0.0006707932962094846 0.00044511769280596746 0.0006369500270882579 0.00048125577608178335 0.0022341167921854934
RDBP 0.0005533789279582881 0.0006048143702369951 0.0005150124859722219 0.000560901081543091 0.002234106865710596
BLCAP 0.0006163025663250448 0.00039568836590433943 0.0006319241417375174 0.0005844675163256916 0.0022283825902925936
WDR70 0.0006019875796218312 0.0004679061455067153 0.0006591078039729919 0.0004957486117463407 0.0022247501408478795
RNF34 0.0004901253062424586 0.000510545752049595 0.0006221803903300566 0.0006018687737535821 0.0022247202223756924
CXCL16 0.0003826349026463927 0.0004648999887214737 0.000742075633966201 0.000630474412324717 0.0022200849376587846
HMGXB3 0.0006425264966882699 0.0004942391581113288 0.000460634770143966 0.000621974012563404 0.0022193744375069687
URB2 0.0005982236719642269 0.00044645116040085075 0.000602460480421347 0.0005707255203391466 0.0022178608331255715
ATG16L1 0.0005050898033717052 0.00048211985980286425 0.0007950751583934065 0.00043391337678567066 0.0022161981983536464
NAT15 0.0004939029501332116 0.000599558046420469 0.0006228066749284067 0.0004990341076962458 0.002215301779178333
KLHL29 0.00042881812368885584 0.000463746021442272 0.0007040298177208372 0.0006176793879318902 0.002214273350783855
STK35 0.0006515288916110042 0.0003858191247704987 0.0005854503696249877 0.000590764605550869 0.0022135629915573597
RALGAPB 0.00045891149254676325 0.0005112850755521866 0.0005903934419767586 0.0006520521861574325 0.0022126421962331408
ANKRD39 0.00045216614511691506 0.0005213060237754867 0.000657285146167057 0.0005787307596673461 0.002209488074726805
PAIP2 0.0003800673480822019 0.0007793003016728793 0.0003324380270545819 0.0007165014590437789 0.002208307135853442
SOS1 0.0005260938685287923 0.0005372740154395998 0.000527939274733852 0.0006159506354845685 0.0022072577941868125
REST 0.000599452888995485 0.0005811201504237876 0.0006680880647847664 0.00035486670777818633 0.002203527811982225
ADCK5 0.0005812989264628055 0.0006893338087262921 0.0005948141341412256 0.0003375855266734299 0.002203032396003753
KCTD21 0.0006474586598810191 0.0007427749954995362 0.0004138452491426147 0.0003965597310719273 0.002200638635595097
SERINC5 0.000592498905209297 0.0005034752201010294 0.0006271504125364801 0.000476113960038418 0.0021992384978852244
KIAA0182 0.0005774126425703921 0.0005479734925047622 0.000684032934037282 0.0003831138273237409 0.002192532896436177
HELQ 0.0004824198202439755 0.0008078815641830442 0.00038334982645657175 0.0005186477387963287 0.0021922989496799203
PIGT 0.0005205248405332291 0.0006439195617329698 0.0004981699052208076 0.0005285155406097944 0.002191129848096801
TNIP1 0.0006048008975758923 0.0006136833106326651 0.0005536582782503669 0.00041867052164759204 0.0021908130081065165
TRIB1 0.0005733154478498758 0.000509669208628435 0.0005697752414175982 0.000529708734019446 0.002182468631915355
ZNF385B 0.0006574049778523652 0.0006210169250917539 0.0005909609982169924 0.00031308189723153716 0.0021824647983926487
SLC2A14 0.0005993518688357439 0.00045981953904632503 0.00047380307725958004 0.000649249223975631 0.00218222370911728
GNPDA1 0.00038652164040906017 0.0005189981038956723 0.0007658382045233332 0.0005096177312684505 0.0021809756800965164
DDX42 0.000612955289474987 0.00034209757228980623 0.0005182412527532617 0.0007050473355059689 0.002178341450024024
ZNF700 0.0006646837638378167 0.0004263559768918245 0.0006489216644272223 0.0004373598030331588 0.002177321208190022
CDK1 0.0005459504950452751 0.0005370139260896181 0.0008230119889381226 0.00026527925199009637 0.002171255662063112
IER5L 0.0005396391345435644 0.0006431453785471127 0.0004443146336035158 0.0005406178732794379 0.002167717019973631
NIPA2 0.0005304816911214118 0.0004957111793236878 0.0007998605321618841 0.0003410431248997452 0.002167096527506729
AKTIP 0.0004049157617199785 0.00032941224208226597 0.0007588199541901016 0.0006739277338885173 0.0021670756918808634
HSF2 0.0007659399630441169 0.0005523107130134236 0.0005740072400208386 0.00026392509474456704 0.002156183010822946
TCEA1 0.00044232029532244343 0.0004888752089156525 0.0007946307727073993 0.00042884814767407497 0.0021546744246195705
ATP2B4 0.0005592396779558196 0.00042483610528107677 0.0007783071040380599 0.0003919238081101817 0.002154306695385138
ZNF24 0.0004800091323922969 0.000535999730080932 0.000661344220481306 0.0004760273291936798 0.0021533804121482143
DENND1B 0.00040507190520322 0.0005971356848390853 0.0005904002646401091 0.0005536682284215939 0.0021462760831040084
THRAP3 0.00038598483255394 0.00040149871245927254 0.0008181237109326451 0.0005402094420764513 0.002145816698022309
FLJ40504 0.0006560933215253981 0.00038845316116813356 0.00048645820870491993 0.0006131249980893922 0.0021441296894878434
ENSA 0.0005062475027396145 0.0005766316988342501 0.0005714811023602062 0.0004867424644818279 0.002141102768415899
SNX16 0.000429796488903142 0.0005669257225890109 0.00068769503990771 0.0004502195157153016 0.0021346367671151644
ABLIM3 0.0004473950051950757 0.0003853956746998271 0.0008221743458764922 0.00047368153734230606 0.002128646563113701
CCDC144NL 0.0005080645238526443 0.0005604967401586635 0.0006472009047303695 0.00040824384209407186 0.0021240060108357493
RSBN1L 0.0006032368564341173 0.0003246335040489476 0.0006761294368299402 0.0005187188864368303 0.0021227186837498354
MTUS1 0.0005835367643078527 0.00038593672798248145 0.0006033000843593056 0.0005373356515040265 0.0021101092281536663
PDIK1L 0.000369749475073619 0.0003627312121037034 0.0007800593512340401 0.0005950427285960723 0.0021075827670074348
POLE 0.0005173581604108072 0.0005261421262029349 0.0005007006973901439 0.0005608335322561373 0.002105034516260023
TSTA3 0.00046330984695436126 0.000522391150369519 0.0005497997744942637 0.0005628156947597301 0.0020983164665778742
RANBP2 0.000391115415222722 0.0006015115537139889 0.0005463549030523369 0.0005548412487905762 0.002093823120779624
ANAPC11 0.0006408246733396652 0.00043422014871912103 0.0005451218745461698 0.0004731967981703807 0.002093363494775337
PPP4C 0.00045524492372381266 0.00038155061728709604 0.0008461896509830522 0.0004088648583462069 0.0020918500503401675
VDAC1 0.0006259112281542609 0.00048143329861633324 0.00047275636670539897 0.0005101627052827998 0.002090263598758793
MPZL1 0.00044696412374778665 0.0006720718559011516 0.0003829322696741333 0.0005775746787713919 0.0020795429280944635
SFRS3 0.00035043750110718916 0.0005251899702515769 0.0004595859087152355 0.0007401865137977639 0.0020753998938717656
SLC25A16 0.0005478541772907205 0.0004435637889452825 0.0006181766865377151 0.00046534550216557777 0.0020749401549392957
TMEM214 0.0005212108904930168 0.00065215246342482 0.0006511137911867234 0.0002500290677620017 0.002074506212866562
TRNT1 0.0005913810931531128 0.0006437756859207994 0.000497714060768066 0.00033712955162689534 0.0020700003914688736
BCL3 0.00047538268710285443 0.0003719860053632223 0.0006760960495567599 0.0005457914177107593 0.002069256159733596
FGFR1OP 0.0006787733926600082 0.00024412518362412457 0.0005605752805206618 0.0005817578393216372 0.0020652316961264315
CDCA5 0.0005021003337923755 0.0004012948422116947 0.0005347974355185241 0.0006254631979121628 0.0020636558094347572
FBXL20 0.0006744764039597723 0.0004804647097126879 0.00042030740741003466 0.00048607901059261743 0.0020613275316751127
GFOD2 0.0005734564409935023 0.00047789996026615327 0.0004416353333269587 0.00056706047323536 0.002060052207821974
C5orf13 0.0005353383086465237 0.0005810463450876796 0.00040298683901366435 0.0005400956244534835 0.0020594671172013508
LYPLA1 0.0003673268025528903 0.0005523297386838408 0.0007847980330085767 0.00035027279002374445 0.002054727364269052
IRF2 0.00031692254341738815 0.00026807697126539766 0.0006950946835507102 0.0007740990108999093 0.002054193209133405
CCDC64 0.0004487821802306964 0.000506565101334347 0.0005436545203928814 0.0005505766388112668 0.002049578440769192
SS18L1 0.0006310745679020055 0.00032858965741911796 0.0005492640938403791 0.0005405166999551182 0.0020494450191166206
MIR365-2 0.0005169505896631823 0.00030233633793054547 0.0006984742781686358 0.0005291978250375705 0.002046959030799934
FDPS 0.0006554842686387709 0.0004243028501938387 0.00041151672765925225 0.000553909347086829 0.002045213193578691
SDHAF1 0.0007538077446261073 0.0003578958077703212 0.0004004041792115493 0.0005311586084226977 0.0020432663400306757
POLR3D 0.000518810884460549 0.0003446188663895868 0.0006168848454775085 0.0005584250205662171 0.0020387396168938614
C7orf70 0.00047045264222935954 0.0005833983071952967 0.0005506387177586622 0.00042707208512799246 0.0020315617523113108
KIFC1 0.00042810441310264774 0.0006116613190113 0.0004663495529953981 0.0005233407158330146 0.0020294560009423606
ABHD12B 0.0005677488304247423 0.0005364743118639404 0.000439174425530339 0.0004834235170373522 0.002026821084856374
RPN1 0.0006444098401405887 0.0004555745141647598 0.000501455052423563 0.00042516028619179834 0.00202659969292071
SNORA34 0.000752923843641115 0.0005313069668314814 0.00040483306222674573 0.00032036442130647393 0.002009428294005816
HEG1 0.0006615807794242153 0.0005100085169688624 0.0004024450572484648 0.00043291543113100256 0.002006949784772545
ATAD5 0.00032325179836298167 0.0004760181357627511 0.0007524361077738166 0.0004513489813079838 0.0020030550232075332
IARS 0.0004993851530533139 0.00047780528657673715 0.0006259762152884192 0.0003932907141145013 0.0019964573690329714
MIR1272 0.0004320003667257857 0.0005396442575036995 0.0003368045902069288 0.0006868757818678948 0.0019953249963043087
FKBPL 0.0003769982067105549 0.0008151391240804157 0.00029098047071876413 0.0005087575593089794 0.001991875360818714
ORC4L 0.0003359867751664313 0.0006295200877001729 0.0006404537491173079 0.00038325950134064006 0.0019892201133245523
HERC1 0.00040922081051065226 0.0004730061743869656 0.0005763901660311805 0.0005215772764385909 0.001980194427367389
MGC13005 0.00046334048142180663 0.000543170616350458 0.00042434849881293297 0.0005477966424188598 0.0019786562390040575
IRF1 0.0007070823551642 0.00041376773175516416 0.00041700546941219105 0.0004356760578996757 0.0019735316142312307
TUSC2 0.0006369709105827638 0.0003718694204299775 0.00045412793673857454 0.0005068778952054736 0.0019698461629567895
NEK5 0.00036579755221863904 0.0004909518741945457 0.0006341298084083919 0.000475482082119895 0.0019663613169414716
BRP44L 0.00046816586136248404 0.0005079319345439419 0.0004634666856565303 0.0005267421623463225 0.0019663066439092785
ZC3H6 0.0005170448327020288 0.0004722997233606985 0.0005303608659878149 0.0004368284775914497 0.001956533899641992
FLJ90757 0.0006001568309984597 0.0004755904900824898 0.0005130392609905151 0.000354784541468716 0.0019435711235401805
RHOT2 0.00034001135512461546 0.0005658122537307988 0.0006534918311692699 0.00037073682169798644 0.0019300522617226707
MAPK9 0.00036519731541483395 0.0005367169116154911 0.0006383446014347992 0.00038549695658918073 0.001925755785054305
C2orf52 0.00028018976069239555 0.0004932412797157719 0.0004933657550705905 0.0006589138022763107 0.0019257105977550687
MBD6 0.0003775106159722262 0.0004771404633880194 0.0006510574123574683 0.00041643814992377667 0.0019221466416414906
PDSS1 0.0005960153079629011 0.0003351881425233824 0.00047546873517155227 0.0005069155821917814 0.0019135877678496172
ZNF862 0.0004336533937037943 0.0007588070070815441 0.00025936265087265814 0.00045773278200533036 0.001909555833663327
PPP2R5D 0.0005286614008841247 0.00035450761629198196 0.0005582024688086122 0.00045935315893177255 0.0019007246449164914
AP2M1 0.00042067614445167635 0.00047236053218422254 0.0005689236086084286 0.0004282048406475978 0.001890165125891925
ELMO1 0.0006237282003231803 0.00036243208303900844 0.00040477100082295597 0.0004971566630767295 0.0018880879472618743
NAALADL1 0.0005571101933857567 0.00023370859292293206 0.0005552781671782173 0.0005398470522094262 0.0018859440056963322
FAM186A 0.000598547787988593 0.00044843290695630885 0.0005229858386630108 0.0003128091063171268 0.0018827756399250393
CEBPG 0.0005596396659040855 0.00038417830892737873 0.0003615184137088517 0.0005767319169630089 0.001882068305503325
RPP38 0.00043387826222781727 0.00042276255804665254 0.0005910197169649086 0.00043146478862479297 0.0018791253258641713
FOXJ2 0.00042337557349192065 0.00032070384920118526 0.000544507332486773 0.0005863570443820264 0.0018749437995619054
BBS1 0.0003537107243454638 0.000509298718773742 0.0005492829239512945 0.0004554490160500565 0.0018677413831205566
PITPNA 0.0004925925631554523 0.0004866349830112404 0.0004050476794129126 0.0004828336796150284 0.0018671089051946336
PACSIN1 0.00039282032293007526 0.0004998451725541416 0.0005916216441636202 0.00036933517519945926 0.0018536223148472963
FBXO32 0.00047112841969517056 0.0005026057254172838 0.0005005767029576409 0.00036394031299053045 0.0018382511610606257
FAM153C 0.0005232110396424935 0.00035819562813546634 0.0006328957776939935 0.00032063036263442224 0.0018349328081063755
HGFAC 0.0005942077011070502 0.00032884985818623766 0.0004684767828084514 0.0004357388715379103 0.0018272732136396493
CAPNS1 0.00047892701029260615 0.00024221631362641598 0.0006273265692580983 0.00047278767337075034 0.0018212575665478709
C7orf29 0.00030637044462209975 0.0007204516751685155 0.00031155463223195653 0.00047783508829327495 0.0018162118403158467
SRP54 0.0004462709340754441 0.000469974094471931 0.00044260587364861905 0.0004543337495337842 0.0018131846517297782
RILPL2 0.0006185801155907064 0.00040193457930106475 0.000396472199893953 0.00039477522739409426 0.0018117621221798183
PCBP2 0.0004450885537257166 0.0004939288863193894 0.0004438090740048655 0.00042127410262606153 0.001804100616676033
TP53INP2 0.0004750754579284787 0.0005153216451838392 0.0005761419372765554 0.0002367681412577081 0.0018033071816465813
SQSTM1 0.0004534666397406229 0.00040980957812166986 0.00036143708972711977 0.0005633394471160032 0.0017880527547054156
C15orf39 0.0005318507684526762 0.0003802622646511765 0.00047496803941713924 0.0003942872382641651 0.001781368310785157
ADO 0.00044970714843210296 0.0004530733869209394 0.000517246806006434 0.00036068375702492055 0.001780711098384397
ACAT2 0.0004760268726415588 0.000453343859663986 0.0002603890308178711 0.0005893003902065768 0.0017790601533299926
DNTTIP2 0.0005308533989317361 0.0005836514516235805 0.0002467650294312199 0.00041264961873831873 0.0017739194987248554
BCDIN3D 0.00033872217952229304 0.0005853752022446928 0.0003627888462093511 0.0004819937779750617 0.0017688800059513987
LOC440926 0.0004124548503461801 0.0003192268683795686 0.00035540128029169186 0.0006672965009072859 0.0017543794999247263
CPNE2 0.0005617210154833778 0.00038184699315039724 0.00045042966681648215 0.00033660346178667757 0.0017306011372369345
ZNF639 0.0005071514424474274 0.0004974156205483132 0.00035828095083179627 0.00036270382788181836 0.001725551841709355
FLT3LG 0.00036439860503097106 0.00039535951714679595 0.000593661151009337 0.0003580091920802865 0.0017114284652673902
FLOT1 0.0002968502754691557 0.00047857263109325136 0.0005056850957856115 0.00041754326816497746 0.001698651270512996
BMPR1A 0.00040585677169877466 0.00043217416846167615 0.00043184491674966676 0.00041744639754144635 0.001687322254451564
ZNF295 0.00042693177700590956 0.0003414884780135716 0.00017457753690647867 0.0007090605805258242 0.001652058372451784
GAS2L1 0.0004761209403494365 0.00034027600438742855 0.0004220008931155977 0.00039660594298004443 0.0016350037808325073
C15orf51 0.00043400611132546715 0.0002742292669791591 0.0003731051583936792 0.00041543854396650814 0.0014967790806648135
