 NT G1 G2 G3 sum
KCNQ1 0.0007117687541277217 0.0019895180129795957 0.006622760893689206 0.005253799706849903 0.014577847367646427
S100A2 0.0010230199101464894 0.0012532377310312706 0.0014221226923006609 0.00673987880671546 0.010438259140193881
COLEC11 0.0003942995638554428 0.0013343706225563679 0.004882780279667523 0.0030466558118093603 0.009658106277888694
RAB22A 0.0003706926318340357 0.002691259574982929 0.005029216789499455 0.0015131275468566036 0.009604296543173022
CDKL2 0.0004630633186815516 0.0006679391789250627 0.005225864362657994 0.003091156621339725 0.009448023481604334
PIGB 0.0005429746497077044 0.0029648773507694056 0.0007295739940292211 0.005137590779800694 0.009375016774307025
E2F6 0.0004091129610746504 0.0007663034980234895 0.004994254874351138 0.003078380421046463 0.00924805175449574
PLD1 0.0007910914204425617 0.003893681290959179 0.0012817356016240945 0.0021457664850151725 0.008112274798041007
PAPLN 0.00046054434895250444 0.003395766940277131 0.0008373437538985026 0.0032164427320949527 0.00791009777522309
SERPINE2 0.0005377561153951657 0.0017344015018839747 0.0036941622671396836 0.0017705237721062823 0.007736843656525106
NEDD1 0.00043997028666925764 0.0007551870137445776 0.0039767475175339516 0.002525919588251386 0.007697824406199172
C1orf77 0.0004047476417174204 0.0007226564719036968 0.0034606286812610258 0.002761591952389756 0.0073496247472719
SLC2A8 0.0004935287579781437 0.0009782075625565463 0.0029451581683678507 0.002692185028317372 0.0071090795172199135
NUMA1 0.0002876043588142531 0.000845620574623791 0.0029730708795430373 0.0029943011769550934 0.0071005969899361745
C17orf69 0.0004820176645304494 0.0014197648681349387 0.003662304885034922 0.001302843853641319 0.0068669312713416295
BMP4 0.0007041408076107504 0.0012020695106701744 0.002189496388961091 0.002692670840343337 0.006788377547585353
ENO1 0.0004344260418374131 0.0005165326855463301 0.0023161657035896447 0.0034486496067615132 0.006715774037734901
BOLL 0.00038212619572081363 0.0008422687996612426 0.0019239290346558236 0.003444499784918345 0.006592823814956225
DMP1 0.0005485159782432908 0.003458308534862799 0.0013004602297343995 0.001189631853824196 0.006496916596664686
SIX3 0.00030323357574240544 0.00039534801463784466 0.0028415576656739714 0.0027559861823831236 0.006296125438437345
NCOA6 0.0009424394122175999 0.0006088106881173241 0.0008175119363259863 0.003743149757515539 0.00611191179417645
C17orf90 0.00032231293785402263 0.00232169712188664 0.002872888682118259 0.0005177914773266985 0.00603469021918562
C16orf81 0.0003546421882340968 0.0011627317915300236 0.0006383533219656999 0.0038501334674550204 0.006005860769184841
ITM2C 0.00030901343068292147 0.000519676570381471 0.0013558886101381663 0.0035604955380514 0.005745074149253959
NDN 0.0003966786935425865 0.0014764857108960203 0.0024400091542592798 0.0013075077417440315 0.0056206813004419185
SMPD3 0.0005885936559015768 0.003134867365039664 0.0013767105409298003 0.0005040909833071881 0.0056042625451782286
ATPGD1 0.0005244104564792696 0.0006392367984008381 0.003112736774058261 0.001317528724373202 0.005593912753311571
TRAF2 0.0004488899760928141 0.000349588617299941 0.0011191396013803681 0.003480056371805476 0.0053976745665786
HOXD4 0.00041263329794555894 0.0013156967156085278 0.0010903677103680366 0.002563999790412088 0.005382697514334211
SPAG6 0.00028891131038708305 0.0005282346699243232 0.0025393120567224615 0.002024625845962078 0.0053810838829959455
CES4 0.0003586564869274668 0.0010888757824675682 0.00242329932978685 0.0014518394744300234 0.005322671073611908
VASH1 0.0006271942104599292 0.002468329918794156 0.0014575246755996832 0.0007448885324642786 0.005297937337318047
NAPSB 0.00048795562364498254 0.0010910490478970363 0.001954597479671853 0.0017369265410383515 0.0052705286922522234
C9orf27 0.0003327597527159657 0.0016099946290664955 0.002085717291563543 0.001078753191378433 0.0051072248647244375
ITPKB 0.00028410381194686333 0.0003639458354444746 0.002164497965517269 0.0022380299211383218 0.005050577534046929
RUNX3 0.000442200792359771 0.0005346680379817252 0.002660639641711444 0.0012677991066395169 0.004905307578692457
AQP10 0.000698173076236216 0.0014506839774757465 0.000980952902332963 0.0017293683272165967 0.004859178283261522
ANXA2 0.0005140370839034796 0.0010735514491736226 0.0009515356341415022 0.002224023354090473 0.004763147521309078
TC2N 0.0005384766400634 0.0023276650022001294 0.0005882878202356929 0.0012879382371816196 0.004742367699680842
TMEM173 0.00028828803168600873 0.0017580723497488966 0.001955583070579843 0.00068174204805982 0.0046836855000745685
OVOL1 0.0005940931086172355 0.0006139595029878863 0.0012336458862823767 0.0021640306334807435 0.004605729131368242
C1orf70 0.0005919372571999429 0.001733217010909056 0.0007572015047540036 0.0014332561301770227 0.004515611903040026
GAL3ST3 0.0005453935098605728 0.002298414604759696 0.000966682755073131 0.0006509652132856901 0.00446145608297909
HOXD3 0.0005385155523998963 0.0003876173083209685 0.00129814920136938 0.0021996554392534604 0.0044239375013437054
MIR10B 0.0007652690195817541 0.0012965337852511817 0.0012587466709035112 0.0010774609534733317 0.004398010429209778
SLN 0.0009542203361232847 0.0011270125860884516 0.0012214388613450017 0.0010431095420247547 0.004345781325581492
GSTM5 0.0002905861316695975 0.000362665614515746 0.0017602566934399107 0.001922305579452193 0.004335814019077447
OSR2 0.0007511135113420709 0.0005351387972750354 0.0021217872151094736 0.0009070931606218489 0.004315132684348429
GPRIN2 0.0005338218572314973 0.0007159316631211041 0.0019110157109069766 0.001148042886531523 0.004308812117791101
LOC340017 0.0005241291201973244 0.0003835766048322007 0.001744494740637259 0.0016147130882097648 0.0042669135538765494
PYGO1 0.0004747963284905883 0.001072799762251418 0.0017641222199450322 0.0009025767184376093 0.004214295029124648
PRR15 0.0005455841052996374 0.0015600257961019654 0.00125993782322593 0.0008210338612714667 0.0041865815858989994
INADL 0.00029372599883628 0.0003573814665553305 0.0014179199705663058 0.0021016772576569146 0.004170704693614831
C1orf100 0.00039125283858518846 0.001420929644063733 0.0008654244337790286 0.0014756830004845972 0.004153289916912547
OR8D1 0.00033471371258134174 0.0007396774824736925 0.0012499080688558595 0.0018082066122061442 0.004132505876117038
MMP12 0.0005633354517143479 0.0015862232905495567 0.0013299330980150416 0.0006437009119676124 0.004123192752246559
ATXN1 0.0013067325223716244 0.0005017535605127446 0.00048805393978144376 0.0017792995295344133 0.004075839552200226
C4orf31 0.0004900161055324018 0.0004666616239004063 0.0015473594859090347 0.00154594129916356 0.004049978514505403
TIPIN 0.00033608335784472113 0.0014332460155944303 0.0008781225366256478 0.0014017600254112225 0.004049211935476022
DSCR6 0.00046479084356248394 0.0008597760790884899 0.0020464022640865683 0.0006739017627826252 0.004044870949520167
KCNE4 0.0004031462944195473 0.0021183166013736925 0.0006705069579450091 0.0007853770632121152 0.003977346916950364
DSE 0.0003585912830672236 0.0011036338328332233 0.001676672886609567 0.0008168228343404405 0.003955720836850455
AGFG1 0.0006595238794376258 0.000394350094507579 0.0010854985641432142 0.0018099760373696274 0.003949348575458046
PAX6 0.0001655107104478408 0.0005104669609671677 0.0011559491468491835 0.0021030303546278636 0.003934957172892056
C1orf158 0.0005395539185892177 0.0011593473453929747 0.000730734726781512 0.0014720839846299838 0.0039017199753936882
ZFP62 0.0005137845302985715 0.0007182672611546132 0.0017326755225496354 0.0009058493994077915 0.0038705767134106115
CFTR 0.0003723523752325824 0.0017358701038413162 0.0009750184410308744 0.0007864732082345394 0.003869714128339312
CDCA4 0.0003895622813632166 0.00036813395698387456 0.0011785644883801126 0.0019240790682926504 0.003860339795019854
LOC100128675 0.0006743538736064431 0.0003251399505651304 0.0015297469039687837 0.0013308074869659773 0.0038600482151063347
OR8B4 0.0003644302141082774 0.00048389199359002066 0.00124398770068336 0.0017673838525469835 0.0038596937609286417
DMRTA2 0.0003697511445022979 0.0014993154217594741 0.0015059859266635949 0.0004651348443862009 0.003840187337311568
MEI1 0.00027561929224703674 0.0004345348187680434 0.001455817228274549 0.0016299219277711285 0.003795893267060758
ALKBH3 0.00046748337333031283 0.0004453404255778604 0.0006956873066625241 0.0021609067934730956 0.003769417899043793
HIST1H3G 0.00035039826372241454 0.00040726794664423295 0.0010488407776735266 0.0019524042170754722 0.003758911205115646
ZNF354B 0.0008550643697112557 0.0009615728060358511 0.0012791493196310237 0.0006527609336671821 0.003748547429045313
ACOX3 0.0005732667534226077 0.0005392789180931723 0.0011367881692741699 0.0014553936038376788 0.0037047274446276287
C2orf79 0.0008464585406945883 0.0007194392664974396 0.0014879856487842347 0.0006201832827367875 0.0036740667387130496
GABPB2 0.00032056443863391843 0.0006685020227161257 0.0015030699368766046 0.00116504975617189 0.0036571861543985384
ABCA4 0.0002590177097865049 0.00033490157465284237 0.0013449066826862416 0.0016899003794666446 0.0036287263465922337
ZPBP 0.0005195769441067764 0.00022049518362392173 0.0010771685433168484 0.001809633932626166 0.003626874603673712
NSUN4 0.0004304603261995156 0.0010260275735581525 0.0004970933287043955 0.0016581333735499666 0.0036117146020120303
THOC6 0.000574365582884159 0.0011516813836705696 0.0009015094260443838 0.0009799293291832517 0.0036074857217823645
PSMD13 0.0004065768084331921 0.001718457371076536 0.0007052379326633225 0.0007725033547995518 0.003602775466972603
LOXL3 0.0007764503891729035 0.0009680499100003162 0.0012674905080861342 0.0005875678414604783 0.0035995586487198323
HMGXB4 0.0007556532439989501 0.0006949672976077711 0.0015961234035254581 0.0005490877175363428 0.0035958316626685223
TMEM39B 0.0005184978884406309 0.0008860144842455448 0.0014601093261229856 0.000699621812036252 0.003564243510845413
HDAC11 0.0006188176805298055 0.00042544830981249904 0.0006440517229863101 0.0018645600502786804 0.0035528777636072953
ISL2 0.0004721191472219327 0.00039285809213412037 0.0014556747272041453 0.0012253333843760706 0.0035459853509362685
CLCC1 0.0005131782368749593 0.0008168519953123069 0.001425475582759308 0.0007851558925687479 0.003540661707515322
DUSP10 0.0005489804925685589 0.0006346180751964708 0.000840851559687485 0.0015135496325162415 0.003537999759968756
ABLIM1 0.00018770244763895895 0.0011775896888088463 0.0013518475170873547 0.0007946844638999171 0.003511824117435077
MIR376B 0.0004550054487318203 0.001165778318603538 0.0011596801521820837 0.0006939201355786251 0.003474384055096067
FAM195B 0.00040416414616589735 0.000591466675192674 0.0011716477152002446 0.0012991706617368928 0.0034664491982957088
SIRT1 0.0002789791488722694 0.00029960822782123625 0.0011408944357636159 0.0017363045239806862 0.003455786336437808
RTN4 0.0003351636992474893 0.00021572403081876755 0.0017213685810247292 0.0011799994555153797 0.0034522557666063656
ACSL3 0.0005148189656263953 0.0006818931502422424 0.0013394256862887528 0.000915392611337377 0.0034515304134947675
DLEU7 0.00045167481619106075 0.00023063966309625739 0.0014532468580894659 0.0013129076320982451 0.003448468969475029
RPL18AP3 0.0003936272690654585 0.00027947223492051014 0.0013491581004605622 0.001402190571125312 0.0034244481755718427
LITAF 0.0005130803307080227 0.0010695165706361169 0.0008590661675963951 0.000975167924012121 0.0034168309929526555
BTG2 0.0004279419460817618 0.0006293219404031179 0.0008460968788787622 0.0014992959634330786 0.0034026567287967205
VAX2 0.0005935142191163151 0.0009340554425263881 0.0005673714115566297 0.0012926820691612731 0.003387623142360606
CDC42SE2 0.0005288226621278115 0.0003904290541315001 0.0009318586191077217 0.001516679412428355 0.0033677897477953885
MYO1B 0.00048724929172818597 0.0009731393120037566 0.0013032278143118997 0.0005968072314799696 0.0033604236495238123
HAPLN2 0.0003456218881564761 0.00036902272227155413 0.0010294047746978448 0.001601383743763854 0.003345433128889729
ZNF232 0.0003893163291255685 0.0012435864770347581 0.0006848483201347179 0.000985225038126984 0.0033029761644220285
RIMS3 0.000390456157208776 0.0012163934117477289 0.0013157878999419475 0.0003799540004750701 0.0033025914693735224
NCK2 0.00038890151096542143 0.0003964662262030341 0.001156825079828734 0.0013380803721894036 0.003280273189186593
CYP1A2 0.0004190036004670169 0.0002829377936003702 0.0013642383837255668 0.0012128792765950846 0.0032790590543880383
TRPM1 0.000324463673035913 0.0006686270210036673 0.0008070002154112243 0.001459296490418347 0.0032593873998691516
DBNDD2 0.0004437796206539379 0.00036436475747967636 0.0010285905952476444 0.0014173739717011579 0.0032541089450824163
FGL1 0.0003891007590512209 0.0003588682002189999 0.0010042834428942824 0.0014811310964153155 0.0032333834985798188
TBX4 0.000539503460128552 0.00047536011212716137 0.0009088423594443031 0.0013042388816838424 0.0032279448133838585
FCGR3A 0.0003730764738455893 0.00046271115297745176 0.001145100499391237 0.0012442732292809087 0.0032251613554951865
LIME1 0.0003694866944621082 0.0011588469836219064 0.000976665591254113 0.0007044423823766543 0.0032094416517147815
HMGB1 0.0003376145193497548 0.0003903401098350932 0.0012910765521877542 0.0011681361502532096 0.0031871673316258113
NEURL3 0.0003404016820666925 0.00028946426989058646 0.0012172148844890208 0.0013119382855166803 0.00315901912196298
MEG8 0.000642327829995152 0.000999445146780981 0.0007204347094203252 0.0007795432837498127 0.0031417509699462713
POLR2D 0.0009529845161945153 0.0005581174351505268 0.000953211048939494 0.0006767774353757911 0.0031410904356603273
RILP 0.00039548297251977267 0.0003206356560716475 0.0008040590589066477 0.0016200635589245903 0.003140241246422658
FAM194B 0.00040345454619218564 0.0005479420108338449 0.0007694350641473793 0.0014027222221539958 0.0031235538433274056
SEPT8 0.0002708819843979692 0.00025299285497033856 0.0011028794976313846 0.0014967184584176692 0.0031234727954173617
C15orf26 0.00032893547298164846 0.0006860759627865555 0.0014197849650433637 0.0006824190947710476 0.0031172154955826153
PRR20E 0.0005457340949635846 0.0003379951446989775 0.0013884108296091018 0.0008386213944857925 0.003110761463757456
ADORA1 0.0004137013603535586 0.0009204598127204023 0.0008408066507401399 0.0009320144681044243 0.0031069822919185253
CRTAC1 0.00040800091785063626 0.0008271029643951731 0.0014731689324588597 0.00037628504361812183 0.003084557858322791
C2orf50 0.00043924555770976785 0.0007892724545628573 0.001121900422244763 0.0007200602547050638 0.003070478689222452
ZCCHC3 0.0006432736593649799 0.0004773066903502658 0.0009623945223728693 0.0009727410342818236 0.003055715906369939
NELL2 0.00043994445252794524 0.001390815001952849 0.0006585825095268527 0.00056312795223254 0.003052469916240187
MEF2C 0.0007160390794162674 0.0006664953435939665 0.0008356228126248604 0.0008106790792985277 0.003028836314933622
RGS22 0.0005601382018996381 0.0004526293681619248 0.0011549395047424167 0.0008317155955607786 0.002999422670364758
LDHB 0.0005487929343518775 0.00099130679522827 0.0007134292276935022 0.0007424403337953588 0.0029959692910690085
MGAT4A 0.0005207007707552838 0.0005955505033256624 0.0010660670060884574 0.0008114670039064246 0.0029937852840758285
MIR1252 0.00045981171655040383 0.0009021539276801259 0.0005348295736168732 0.0010957764351287055 0.0029925716529761084
PITX3 0.0005519620867415859 0.0005423312265846453 0.0011406974146534582 0.0007507166310556243 0.002985707359035314
MELK 0.0005259246053772452 0.0008999591678536652 0.0006007022356668183 0.0009554399308987676 0.0029820259397964964
LOC84931 0.0005457947167334517 0.0005280017618312502 0.001036970352833741 0.0008667341246365477 0.002977500956034991
C13orf33 0.0003274200090893597 0.0005840500358613162 0.0013336424013091438 0.0007296671922562622 0.0029747796385160815
IVD 0.00024646490816604075 0.0009676231632256567 0.0012697262944925552 0.00048322766488035246 0.002967042030764605
YWHAZ 0.0004657725446179233 0.0002202841712676402 0.0008120982586796947 0.0014688837546605485 0.0029670387292258064
SCG5 0.0003362465322504119 0.0005595021884291639 0.0011368764602903247 0.0009265682272482373 0.0029591934082181374
EHBP1 0.0005345858025368361 0.0003205650694835179 0.0011943232408104672 0.0008872678526773087 0.0029367419655081297
PRL 0.0005981770898282389 0.00044049844204616486 0.0011797494954001002 0.0007089307771952275 0.0029273558044697313
MYH10 0.0005073560485539604 0.0007668553838286954 0.0008429939092318156 0.0008056477951488254 0.0029228531367632964
GGN 0.00042565612384858195 0.000794078472406505 0.0005766002691333561 0.0011219605659351986 0.002918295431323642
RTBDN 0.0005482249535981901 0.0008977194851131981 0.0004885990326481045 0.0009816719421738636 0.002916215413533356
RBM47 0.0004643271922360609 0.0005298259629838728 0.0006271473634860078 0.0012913189437077522 0.0029126194624136937
PPP2R5A 0.00044222578848866697 0.0006604013758462605 0.0012065185870657863 0.0005889553645164851 0.0028981011159171987
DOPEY2 0.00024193524490093726 0.0009011288926672655 0.0010010771523684936 0.0007503771604714757 0.002894518450408172
PPWD1 0.0005327482738949872 0.0004674718925588727 0.0009013425428186263 0.000991349036517391 0.002892911745789877
MUC13 0.00038729065736604174 0.0010545396287125679 0.0006712078319801179 0.0007708327214238098 0.0028838708394825375
FOXP1 0.000324337842284348 0.0006476961260809349 0.0013237580456322453 0.0005746368187336874 0.002870428832731216
LARP4 0.0005209739564160856 0.0008043943274198037 0.0010250550994070438 0.0005171304728100623 0.002867553856052995
SGCE 0.00040114580619998394 0.00038775103845765403 0.0007995861127022098 0.0012648679986796989 0.0028533509560395463
SPG7 0.0003001033903155796 0.0003478258763261848 0.0011312803229732726 0.0010732429989689805 0.0028524525885840176
SLC44A5 0.0002595902327400695 0.00023603709896587996 0.0009571526320219034 0.0013846501439410941 0.002837430107668947
OR9Q1 0.0002848973402832148 0.0007556477933735436 0.0012484702698227204 0.000546125266469327 0.0028351406699488055
MKNK2 0.0006636402242143333 0.000353531107998093 0.0005322931192662749 0.0012818081425366385 0.0028312725940153396
WDR26 0.0008271352183279977 0.00046496715084423467 0.0008425175882130794 0.0006838425367995148 0.0028184624941848266
C10orf28 0.000429880910629949 0.0005117961703530134 0.0007760320463941699 0.001088962528560172 0.002806671655937304
HOXA10 0.000800532660367946 0.0004782308539893071 0.0005997340473132384 0.0009271937399722681 0.0028056913016427597
ZNF239 0.0005421490196465717 0.0009007478135870453 0.0003552745974328501 0.0010073906465692631 0.00280556207723573
FHL3 0.0008377577813381851 0.00033623724614609084 0.0008747918433527846 0.0007523546079884539 0.002801141478825514
VPS13B 0.00030561429378561254 0.00042789524007250964 0.000955433730744773 0.0011086690349005343 0.0027976122995034295
MIR1178 0.0008984412877107454 0.00045901587937010956 0.0005169558243287804 0.0009125335124205578 0.002786946503830193
SNORD114-4 0.00045314046780984646 0.0004329669791974944 0.001118316716818103 0.0007549324632033876 0.0027593566270288318
PGCP 0.0006357339299657234 0.0006854455957318028 0.0009351672178441106 0.0004962560014855323 0.002752602745027169
OSBPL8 0.00026238411388105937 0.0003606600082858415 0.0010848227890084743 0.0010319343073656858 0.002739801218541061
BLVRA 0.000555730442891627 0.00048212627671283677 0.0006720786803869604 0.0010196812680047468 0.002729616667996171
DDIT3 0.0004237394276740039 0.000248086961819116 0.0010017380842797595 0.001052252472400617 0.002725816946173496
RPTOR 0.0002990331945638856 0.0006509102334841105 0.0006911159152569632 0.001081002413035879 0.0027220617563408385
NQO2 0.000810738648051231 0.0004133310001693452 0.0005100479343211999 0.0009876898082008486 0.0027218073907426246
ARHGAP25 0.0005606463537928579 0.0007152056468329256 0.0008030138503255247 0.0006317274205623933 0.0027105932715137016
ANG 0.0006502328821862915 0.0004909024307209504 0.0005934312425600649 0.0009549661848185471 0.002689532740285854
CRYGD 0.0005468220688492614 0.0005417989540067136 0.0009976107447794758 0.0006000345476927127 0.0026862663153281634
NPAS2 0.0003800370703683352 0.0008702229243634591 0.0002887788732532593 0.0011442919055375442 0.002683330773522598
EXOC3L2 0.00047680324400714466 0.0002473206758070778 0.0009016898177264521 0.0010414401786167555 0.00266725391615743
PPP3R1 0.00041032262401588467 0.0002943460996459719 0.0010176091466017577 0.0009414339434187871 0.002663711813682401
KIAA0664 0.0009761268966343186 0.0005441949420442731 0.0005245853110826192 0.0006175706743292824 0.0026624778240904932
TCIRG1 0.00034014300780637154 0.00039621125308190736 0.0007968700390196211 0.0011269787637249247 0.0026602030636328246
RABIF 0.0005360252319348486 0.0006794537667536417 0.0009099367865727482 0.0005141100250160861 0.0026395258102773246
TMEM51 0.00029805665701549967 0.0008598881000946955 0.0005745065909844954 0.0009054961212767047 0.0026379474693713953
LGALS9C 0.0005405086139421506 0.0007595620259016522 0.0006566483186685087 0.000680053354711652 0.0026367723132239636
AGRN 0.0007977717386557955 0.0007868489627659705 0.0004973350588330708 0.0005413963407357648 0.002623352100990601
ZSCAN18 0.0007448167812854848 0.00034243397486401753 0.0010560359268976984 0.00047303331658173336 0.002616319999628934
TAS1R1 0.0005055022880609384 0.0005660909771382382 0.0009423751918103893 0.0005893794593258625 0.0026033479163354283
ANKRD23 0.0005469044794795377 0.0003138436808408526 0.0007328372455946736 0.0010085121291785837 0.0026020975350936476
NACAP1 0.0004998313009324064 0.0005833614021229593 0.000957671727988992 0.0005542702184059326 0.0025951346494502907
PKMYT1 0.0004429848213567978 0.00027307175957442116 0.0005452124350833452 0.0013183468711844587 0.002579615887199023
AAK1 0.0005879586255528366 0.0005534742533640503 0.0006964411143048725 0.0007396879364917142 0.0025775619297134737
SNORD72 0.0005952000544410237 0.00073338797641949 0.000702030601917797 0.0005464075769880962 0.002577026209766407
PRR7 0.0005860583635187019 0.0005490004168623747 0.0008641349192866559 0.0005520496686686555 0.0025512433683363878
CCDC64 0.0005023636843940439 0.00029991260019154734 0.0009382086975679088 0.000809852312649135 0.002550337294802635
SNORA38 0.0003384545181572355 0.0005205702733669305 0.0006304522530626373 0.0010514097162813067 0.00254088676086811
DSPP 0.0005443179941293332 0.00042762540853560183 0.0007426313121566046 0.0008189867055045149 0.0025335614203260545
TOPBP1 0.00041220506969705814 0.0008969007019423803 0.0006310572833922803 0.0005930267035645137 0.0025331897585962326
ZNF438 0.0007759960679640779 0.0006348335541816606 0.0006224208363021877 0.0004963848941026543 0.0025296353525505804
MIR365-2 0.0005676209383349662 0.00040701285879632675 0.0007091759938705933 0.0008311463805401311 0.002514956171542017
FAM196A 0.0006017044122613651 0.0002804610632387408 0.0008063356801897064 0.000825821233166334 0.0025143223888561463
ARAP1 0.000519281894764665 0.0007450872602829676 0.0006624050623220514 0.0005755198732448765 0.0025022940906145605
ALPL 0.0002780844258862795 0.0004564799334222522 0.0010845125396884065 0.0006809815034753959 0.0025000584024723344
MOSPD3 0.0004856096418332724 0.00041409319906427427 0.0007222698407644177 0.0008690873119060373 0.0024910599935680016
MGRN1 0.000271877558190424 0.0008573263518885769 0.0008950780371249276 0.00045273908835653684 0.002477021035560465
CTXN3 0.0003235394156940343 0.00032719948561012 0.0007620131011292806 0.001062119493012958 0.0024748714954463927
FAM131A 0.0004933024335729345 0.0008463878479774277 0.00062932119993328 0.0005050759706304293 0.0024740874521140717
CDC42EP5 0.0003094377617533036 0.0007276954297905805 0.0004937259641403226 0.0009411594916034344 0.0024720186472876413
STAG3 0.0005485750900143505 0.0005196108197645649 0.000563611470510621 0.000838598673357844 0.0024703960536473805
MAGEL2 0.0003372364965020827 0.0009370901554956087 0.000584501615094275 0.0006096827481563809 0.0024685110152483473
AGAP11 0.0006216183295507429 0.00045221204566711046 0.0006787587992612486 0.0007144808200251443 0.002467069994504246
LY6G5C 0.0007413367808324779 0.00042352060725940664 0.0007248196435478154 0.0005752320249239931 0.0024649090565636933
SMPD4 0.0004582877055259612 0.0001833589525526078 0.0007652109406958553 0.0010559158758251049 0.002462773474599529
BAT1 0.0005875042969727069 0.0003668095225336417 0.0005926261234574947 0.0009144398251412549 0.0024613797681050983
NLK 0.00039951555987482307 0.0009711032013405886 0.0005898868051663173 0.0004968476578288066 0.0024573532242105353
ZNF366 0.0005811430960906876 0.00040236959134480827 0.000744731789291239 0.0007250112745705278 0.002453255751297263
TBX15 0.0005082975422738314 0.0004737147587133456 0.0006601488259199647 0.0008083917005488571 0.0024505528274559986
DMXL1 0.00042529225446657067 0.00029302557023419106 0.000803371898795386 0.0009258322045626723 0.00244752192805882
C7orf29 0.00020255711617635634 0.0004042247840956802 0.001082635792209186 0.0007570181933981708 0.002446435885879393
ST8SIA3 0.000271565666062515 0.0003894727456437496 0.0010225945757618372 0.000761734464425662 0.002445367451893764
RPRM 0.0003869206228948179 0.0003254650363165229 0.000834880185310859 0.0008933622138714616 0.0024406280583936612
LOC731779 0.0007853919564635976 0.00045485110057977605 0.0007684204345271364 0.0004292443796313502 0.0024379078712018602
TAS2R42 0.0004873997405331252 0.000669354958599362 0.0006700414628090553 0.0006099829426106883 0.0024367791045522306
SPTBN1 0.0005053924878148144 0.0004266941430190314 0.0007226196063157937 0.0007758175672656273 0.0024305238044152666
COMT 0.0004936941416667605 0.00030181561734043917 0.0006523166623510068 0.0009821695005154437 0.0024299959218736502
STAT3 0.0005594331119787731 0.00045174270084319244 0.000677861361599253 0.0007404822122376155 0.002429519386658834
USP53 0.00048350203994670314 0.00016457180028815895 0.0006343086662262255 0.0011432468570101609 0.0024256293634712482
VARS2 0.0006618940363264055 0.0004356931356764667 0.0006633376743027102 0.0006622014830327805 0.002423126329338363
ERRFI1 0.0003868401835726758 0.0004311318178261939 0.0008395580948140468 0.0007612035174450053 0.0024187336136579215
ETV2 0.0003885993409929598 0.0004554014341153573 0.0006102188629761118 0.0009566608262518074 0.0024108804643362364
MIR1977 0.0004273550839261141 0.0006981799226441505 0.0008095762061802198 0.00046790405794121075 0.0024030152706916953
LRRN1 0.0005003899741628202 0.0003491547740299545 0.0006575399252240202 0.0008939349883477686 0.0024010196617645636
PAK1 0.0002760096116745077 0.00018090154053949052 0.0008595633405170169 0.001084146456665156 0.002400620949396171
ADAMTSL4 0.000518260411296685 0.00048012831770812405 0.0004729446378766919 0.0009210693924584107 0.0023924027593399113
DDX42 0.00047797297424769306 0.00045777214904501646 0.0006215980886331083 0.000830755814617019 0.002388099026542837
C17orf73 0.0007608529170181427 0.0005119192248483177 0.0007482821623978166 0.00036595793555664374 0.002387012239820921
MGC13005 0.0004068745757080662 0.0004560903287992838 0.0007610841710815092 0.0007629505273376903 0.0023869996029265497
PRR23C 0.0004656271578324972 0.0007117441213832488 0.00026294456698411426 0.0009437618143445998 0.0023840776605444603
MIR627 0.000343361875414277 0.0004290366647466741 0.0004227018604363661 0.0011772184354007312 0.0023723188359980486
ZNF322A 0.00040743948100129674 0.0006372732964963712 0.0007222552584934818 0.00060343727060928 0.00237040530660043
SNORD24 0.0005071815386641773 0.0004987989538746304 0.0006410702075455323 0.0007194596532604333 0.002366510353344773
SOX15 0.00031327101166320556 0.0002809204481129479 0.0010090301249663894 0.0007620509598676505 0.002365272544610193
GCH1 0.0004131976053051296 0.0003532506284362632 0.0005595678196560425 0.001038461282449099 0.0023644773358465344
CDAN1 0.0003568721998161746 0.0007274018140252007 0.0006469873708096835 0.0006296768995255201 0.002360938284176579
ZNF696 0.00047002923994984136 0.0003466305568401499 0.0005123090699892042 0.0010294705116762758 0.0023584393784554713
ZNF167 0.00033257952784936096 0.00036601895585487384 0.0011819788803291798 0.00047537038572474714 0.0023559477497581615
LOC284798 0.0004374929839042278 0.0003184328505540865 0.0008603786218526694 0.0007394995548177196 0.0023558040111287034
C11orf24 0.0004064032324428941 0.00035835962898689386 0.0008524030570080067 0.0007373781856703669 0.0023545441041081614
GPNMB 0.0006234774747208681 0.0004983249187083031 0.000577973582940537 0.0006447478744346763 0.0023445238508043842
FGFR1OP2 0.0007038315183691602 0.00044299433385103844 0.0006488758196987441 0.0005461032100998968 0.0023418048820188398
FAM153C 0.0002773887545253277 0.0002995740965115432 0.0010522100749812517 0.0007105982122530769 0.002339771138271199
CCDC51 0.0005780868538841335 0.0004367664290577937 0.0007950705663027181 0.0005220410419367725 0.002331964891181418
C9orf41 0.00019727086334777618 0.0005283398996721389 0.0007881042990860936 0.0008166979664858021 0.002330413028591811
ABLIM3 0.0003872502182666602 0.0003344469933400568 0.0009004338200001967 0.0007066070406671251 0.002328738072274039
UBTF 0.00043237694511411766 0.0003117270583236486 0.0008124281277874856 0.0007721282980289985 0.0023286604292542504
C17orf99 0.00041305903211095627 0.0004915596851907961 0.000876541613878677 0.0005457810909777366 0.002326941422158166
FLJ40504 0.0005813787533909297 0.00042264860495062797 0.0005046452804190563 0.0008141432644181839 0.0023228159031787976
LOC441869 0.00037643360677305673 0.0005587332406431754 0.0006951182051236943 0.000691777237757443 0.002322062290297369
MEG3 0.0002946559535253254 0.000589584451819148 0.0005650413241571887 0.000872569329341653 0.002321851058843315
UBE2H 0.0004533938560485547 0.00022105021486998924 0.000766395243364727 0.0008801043425078192 0.00232094365679109
MIER2 0.00044520560271828246 0.0006922652072237396 0.0006236889290719791 0.0005595321035608908 0.002320691842574892
RAP2B 0.0005846816143537853 0.0005512958957959942 0.0007674495339419628 0.0004172129602296474 0.0023206400043213897
AGFG2 0.0004514570094293822 0.00028016708179308625 0.0008810003236740269 0.0007009884405168607 0.002313612855413356
MALL 0.0003705990511696059 0.0008489434294507586 0.0005728412883260698 0.0005205796851271962 0.0023129634540736306
SSB 0.0003231521569784741 0.0005706232137772883 0.0008429403089467889 0.0005670042632064427 0.002303719942908994
RNMT 0.0005299844550686998 0.0002988093768488781 0.000815177144695681 0.000658937469062999 0.002302908445676258
LOXL4 0.0007676417022877359 0.0004126285150592893 0.0005233008599216134 0.0005971100393245014 0.0023006811165931403
CNIH4 0.0005919021296964993 0.00037912946826199057 0.0007431280364849272 0.0005849928212021306 0.0022991524556455474
MEOX2 0.000443279238240084 0.0004562770839301328 0.0008397628050487835 0.0005587617356038452 0.0022980808628228454
PSMB8 0.0008089913427572588 0.0003374556081455612 0.0005055249645013373 0.0006418257748914951 0.0022937976902956524
MXD3 0.0005001111484002537 0.0003882774458181592 0.0006843671094171785 0.0007184636800884311 0.0022912193837240228
CDX2 0.0004656756916015706 0.0004803967184601475 0.0005954981979245678 0.0007493136087033384 0.002290884216689624
OSBPL2 0.00036448665108945386 0.00042862743854143526 0.0008011556687578809 0.0006919294694650678 0.002286199227853838
RGS12 0.0005344871825687686 0.0004136783710162885 0.0007628968944200561 0.000574445511180285 0.002285507959185398
PIK3C2B 0.0005615155759913134 0.0006310767058557941 0.00047252718494317675 0.000614166346338583 0.002279285813128867
CORO1C 0.0004952657591674018 0.0005999610642096339 0.0005923071327641708 0.000588891172981613 0.0022764251291228195
CDCA5 0.0004889808835803245 0.0003707715419873673 0.0006897838248028198 0.0007241288859718919 0.0022736651363424037
LYPD3 0.00031327472090185427 0.0003548903011693414 0.0006437143228844951 0.0009567882278302227 0.0022686675727859136
LOC344595 0.0004941226898861015 0.0004334477353902309 0.000836322571718249 0.0004990546248017844 0.0022629476217963657
PKNOX2 0.0005533648024658391 0.00033842514351361316 0.0006705765715086722 0.0007004143356042638 0.0022627808530923882
DAXX 0.00027370398671095825 0.0007078672760297547 0.0004417146672521776 0.0008392610116264886 0.0022625469416193795
C19orf50 0.0004686146190360854 0.0005183418832661643 0.0005898108309803456 0.000679513638463729 0.0022562809717463243
LEAP2 0.000326167679806848 0.0007767117995265483 0.0004936537690548937 0.0006561499054298741 0.002252683153818164
MIR1975 0.0003483411741139644 0.0005310602861456903 0.0007595259847159509 0.0006113747349834323 0.0022503021799590377
MAS1L 0.00046841030724509693 0.00041069587825233185 0.0006262110861084357 0.0007429799757819233 0.002248297247387788
SNHG9 0.0007070248505011982 0.00031168852303415187 0.0006703877473491295 0.0005573077701000859 0.0022464088909845657
ZNF248 0.0005539798035693361 0.00038419975291765167 0.0005948710632724412 0.0007124322598621828 0.0022454828796216117
XPNPEP1 0.00046287972520111956 0.0007562610043734497 0.0005019484018120837 0.0005225769700421529 0.002243666101428806
SLC2A14 0.00038425170918561546 0.0004552094049305095 0.0006677126538883302 0.0007337398709892054 0.0022409136389936607
HSF2 0.00044631903780472233 0.0005920512912015589 0.0006202298263653912 0.0005822294335550918 0.0022408295889267643
AHNAK 0.0005905341164385437 0.0003961122609981776 0.0006055104473281175 0.0006478602548445891 0.002240017079609428
C4orf41 0.00030474414378444704 0.0006349414075833037 0.0008034469602645915 0.0004959055288397607 0.0022390380404721027
RNF141 0.0004104703049303049 0.0003772188070661104 0.0006983227188053352 0.0007525786259153164 0.002238590456717067
AKTIP 0.0005477315357312438 0.0005937321493389617 0.0005346318182870563 0.0005620066241975614 0.002238102127554823
C21orf56 0.0003651569057574647 0.0005688439836127581 0.0007171610316139186 0.0005780486030583148 0.0022292105240424563
ATP5O 0.00029033978594656664 0.0004168561689270265 0.0008272333103393377 0.0006943144374705213 0.0022287437026834523
SMAD6 0.0005054722819041515 0.00046172366312079475 0.0008030865305962964 0.00045297094199494377 0.0022232534176161865
C6orf59 0.00047516202176160137 0.0006179513673847449 0.00035829769510285417 0.0007714279001356388 0.0022228389843848393
SLC27A3 0.00039034196607127636 0.0008436768628688385 0.00034095413217470226 0.000647429100487234 0.002222402061602051
ACTL6A 0.0005407763611064918 0.0005260122109113681 0.00034325909000142087 0.0008109261865625718 0.0022209738485818526
CRHR2 0.0004941436131744846 0.00032335683463030406 0.0008386049384068745 0.0005632562247712585 0.002219361610982922
SLC47A2 0.0003604629654843714 0.0005058007484964918 0.0009287784783136854 0.00042144326244656586 0.0022164854547411144
SNORD46 0.000492437530581383 0.00041529105999189343 0.0007462996166900271 0.0005611017792438247 0.0022151299865071283
PITPNM2 0.0005347940343842532 0.0003883698518660383 0.000705268775120102 0.0005859648802815917 0.002214397541651985
ACTR3C 0.0006535712733577687 0.00028255098645160883 0.000549647675229592 0.0007279697319123781 0.0022137396669513476
FLAD1 0.00030743950724706283 0.0003562133392075211 0.0005686886652795625 0.0009591531203960609 0.002191494632130207
MIR641 0.00045885616567628584 0.0003434876233224083 0.0007784039848783976 0.0006089982094866542 0.002189745983363746
HMGCR 0.00035344087889013504 0.0002911318011327117 0.0007470215591113922 0.0007968968606205226 0.0021884910997547616
LOC285796 0.0005452972641001397 0.00037597422189276176 0.0007934214507859862 0.00047318265841882824 0.002187875595197716
LRP5L 0.0003947757161198726 0.000714820046953912 0.0006606604383188471 0.0004172048475197717 0.0021874610489124036
RFWD2 0.0005734020613348201 0.00041106695561304374 0.0006268177569875865 0.0005761172733074402 0.0021874040472428906
RAB9P1 0.0003358062165196335 0.00029515585540241347 0.0007812835187734401 0.000773998149810535 0.002186243740506022
KIAA0528 0.0005301231668048014 0.00036367019583648236 0.0006400328864155936 0.0006517730270528394 0.0021855992761097166
SFRS16 0.0003772355917420336 0.0005103487130256807 0.0007162290108754805 0.0005814151016313465 0.0021852284172745413
KCNQ1OT1 0.0005035464751189597 0.00034044898208387053 0.0005034326743796643 0.0008364224364311144 0.0021838505680136086
WDR87 0.0005170333052261403 0.0004241888349813874 0.0006702029517224942 0.0005715908974110943 0.002183015989341116
ALDH9A1 0.0004909563679508579 0.0006275733792010743 0.0005646711043555503 0.0004987781874100425 0.002181979038917525
HOXC4 0.0002442923439859248 0.0002509841124929053 0.0009500762286020448 0.0007351531719422376 0.0021805058570231123
NOMO2 0.0005846232241937318 0.0004651936808746036 0.0007010814178574625 0.0004284202600307385 0.0021793185829565363
CLDN19 0.000384580665845095 0.0006706717463473802 0.0006338341031971962 0.0004890750481804277 0.002178161563570099
EVX1 0.00042224529185407484 0.0004192888336416678 0.0006010846413859492 0.0007347791789239817 0.0021773979458056736
AKNA 0.0004157281940147967 0.0004706999092174816 0.0006889050459698016 0.0006012340512477419 0.0021765672004498216
ABHD12B 0.0004192750070962705 0.00047848240190419305 0.0005103092345446306 0.0007660022325806601 0.0021740688761257543
DNAJC16 0.00032783969117257167 0.0005245180353280128 0.000739251086711632 0.000579760042416147 0.0021713688556283636
DLG2 0.00025041306826227143 0.0003890241528453636 0.0004884035830981362 0.0010434550219571806 0.0021712958261629516
APOL3 0.0004251136394409549 0.0004591970243203299 0.000377530859247603 0.0009051504753179052 0.002166991998326793
PCBP2 0.0003292627748438542 0.0005781532296868158 0.0007689136990606092 0.0004889886436505832 0.0021653183472418623
RDBP 0.0005388886753762523 0.0003929933564887834 0.0006498519788567773 0.0005830639696585045 0.0021647979803803173
ADD1 0.00047245618572355964 0.000505153934568997 0.0007145944045898759 0.00047064087914971736 0.00216284540403215
C16orf88 0.0005273006925849199 0.0005004960870253472 0.0005478595966957973 0.0005758474743141588 0.002151503850620223
EZH2 0.0008128985714868295 0.00045491629225756806 0.0005118364315928135 0.00037034113185364806 0.002149992427190859
GPER 0.0005480633084135082 0.0004504620062484822 0.0005918025844484675 0.0005543537933908491 0.002144681692501307
MIR492 0.00041696777778513314 0.0005823760807912713 0.0006211195608675695 0.0005235484024420091 0.002144011821885983
CENPF 0.0003128083374122852 0.00041676682806522387 0.00030898712948952895 0.0011049511811559599 0.002143513476122998
GUCY1B2 0.0005702893766781553 0.0005735919314447896 0.0005806382017289866 0.0004157396765923473 0.0021402591864442787
LMO3 0.00046332686897341744 0.00027158704676713113 0.0007821770643726085 0.0006211338537709329 0.0021382248338840896
PIK3R3 0.0005102522828362325 0.00029627580979888835 0.0006367441073368062 0.0006924955310913698 0.002135767731063297
MRPS23 0.0006711788989059995 0.0004668263299690598 0.0004781824502225926 0.0005169307263031924 0.0021331184054008442
CSRP1 0.0006378971778335062 0.0005195159437272535 0.0004491938683734229 0.00052278258395237 0.0021293895738865526
ARPC4 0.0006127902901818186 0.000332592955097654 0.0006603304819776617 0.0005230099326008973 0.0021287236598580314
MYST4 0.00033104745308272586 0.00046436579975558424 0.0006449807872117182 0.0006878360228745662 0.0021282300629245944
ZNF181 0.00041905458270304746 0.00042120456362395605 0.0006080960680956914 0.0006782709814659648 0.00212662619588866
CAPNS1 0.0005656474680574394 0.0003518201979781508 0.0007279431466603158 0.00047844596340310304 0.002123856776099009
RNF215 0.0004766805316129429 0.00031167867497575386 0.000539357385280058 0.000795353681576913 0.002123070273445668
CBY3 0.00040946092841165555 0.0005305732829954982 0.0006549072485027478 0.0005211050482280914 0.0021160465081379934
TRIM61 0.0006231188654625564 0.00036877124286097324 0.0005169270074353425 0.0006068158217587093 0.0021156329375175815
VASH2 0.00034889946318129297 0.0002426616499762538 0.00077318236892213 0.000749803637893232 0.002114547119972909
JDP2 0.00044477932069094566 0.0003735221198112301 0.0008346728072564783 0.00046065728396701934 0.0021136315317256734
C6orf48 0.0006359083464285962 0.0004251937584882068 0.000365110655585661 0.0006853995278425501 0.0021116122883450142
HRAS 0.0006932042889350178 0.00026434321269842035 0.0006368960661820212 0.0005168904738570339 0.002111334041672493
TCL6 0.00047103393249934704 0.00031945735497252326 0.0008502337615921334 0.00046973530804239415 0.002110460357106398
B4GALT5 0.0004134289712121966 0.00034294251744694174 0.0008082341326850184 0.0005454919232090287 0.0021100975445531855
HIST2H2BF 0.0003236954016734206 0.0004122881745888526 0.0006890798932615005 0.0006849837183235548 0.0021100471878473283
HDAC4 0.0005138865510310186 0.0005038766045042208 0.0004068153298305963 0.0006853857788943083 0.002109964264260144
PDRG1 0.00020849929221938146 0.00030836377437873803 0.0006867987313168702 0.0009042268209656026 0.002107888618880592
PRR14 0.0003861699018457558 0.00035552541102988394 0.0005851330186106347 0.0007793969369434487 0.0021062252684297235
TECPR1 0.0003247977098785425 0.0004504466964968271 0.0007084270557362824 0.0006220600110071063 0.002105731473118758
GPR116 0.0004656124443983715 0.0003200714182021247 0.0004836333439204324 0.000836384436822387 0.002105701643343316
SNORA1 0.0006266836860685821 0.0002782775912593342 0.0006251451814776553 0.0005752427205672975 0.002105349179372869
ZNF367 0.0005402031107828486 0.0003235784329068738 0.00045426589491380997 0.0007870556353160888 0.002105103073919621
ZCCHC17 0.0005067739332009023 0.00035623772055544303 0.0006809455503406632 0.0005599648942527275 0.0021039220983497357
PHF1 0.00030498263916680203 0.0005919915077361885 0.0006898740902807311 0.0005098910613955417 0.002096739298579263
FLOT1 0.0003935526908426117 0.000449067123324068 0.000673325075402177 0.0005791301177547641 0.002095075007323621
XRCC5 0.0005225299292615302 0.0003790583850677326 0.0007917856330185924 0.0004016285008574106 0.0020950024482052658
TSTA3 0.00039865427962890886 0.0004221263501883574 0.0007598873024651827 0.0005091208530377202 0.002089788785320169
TSTD1 0.00035451763394557555 0.0003099376318147592 0.0008123883479358472 0.0006086096857838847 0.0020854532994800667
GRHL2 0.0005817190085170548 0.00036075913325736667 0.0006453676419463867 0.0004962470212858472 0.002084092805006655
STAU1 0.0006013560053293767 0.00024685536271341684 0.0006664588197795694 0.000567772387846583 0.002082442575668946
ACAT2 0.0006328012280513267 0.000444687930069046 0.0006405988301184432 0.0003638330884606896 0.0020819210766995057
RPL7L1 0.0005044543758418253 0.0005107985849591909 0.0007661671309863145 0.00030032801016735805 0.002081748101954689
HNRNPF 0.0005147330900642983 0.00030100805636630514 0.0005708392424714681 0.0006944823004363452 0.002081062689338417
SNORD94 0.0005627391703515766 0.0005120055465718875 0.0006067956064545737 0.00039571374563596623 0.002077254069014004
CYB5R2 0.0003492575114792646 0.00045441651866241165 0.0003782130019089387 0.0008948905244783511 0.0020767775565289663
TRNT1 0.00022851413077068093 0.0004229443124652159 0.0006866113911649921 0.0007360594759646033 0.002074129310365492
GNRH2 0.00043165894550445855 0.00038766194185548567 0.0005203008551329221 0.000734367048613888 0.0020739887911067545
CEBPD 0.0003953558704177431 0.0005528560945956162 0.0005997088825608419 0.0005252554856111231 0.0020731763331853243
DCK 0.00041255321900840453 0.000510180647986327 0.0004998278462901778 0.0006491701476788094 0.0020717318609637186
C2orf65 0.000447540156983524 0.00041071783246666397 0.0005816938795706942 0.000627420621009343 0.002067372490030225
CCDC144NL 0.00043206319695751367 0.0006090911612720733 0.0005782812927255486 0.0004479175687471574 0.002067353219702293
BAT2 0.000714576319046661 0.000288847800625196 0.0005782612007116814 0.0004838404830963241 0.0020655258034798624
AKAP8 0.00043506571988603945 0.00034983462448709814 0.0006833964756443964 0.0005937043626331505 0.0020620011826506844
C8orf38 0.0003201576211236009 0.0002663399402529873 0.0006785054904703951 0.0007945912533051377 0.002059594305152121
C22orf24 0.0006863988109711162 0.00029155554996265233 0.0006023433698481833 0.0004765352971489672 0.002056833027930919
UGGT1 0.0005563661285946633 0.0004058475783283253 0.0005735611027129777 0.000518671340275254 0.0020544461499112203
NCRNA00114 0.0005481957815696263 0.0004152800792552266 0.0006105080009205122 0.0004745556035857648 0.00204853946533113
ST6GALNAC1 0.000434250710745978 0.00030700497449520306 0.0008319196015936755 0.00046924817634475875 0.002042423463179615
C2orf84 0.0003589776180776795 0.0006275203600198422 0.000604095013394784 0.00045178155822657803 0.0020423745497188837
ANKRD11 0.00040205857028447086 0.0005438902422435273 0.000726183078379857 0.0003697577349715276 0.002041889625879383
ASB2 0.00045109028154763765 0.0004407053053613358 0.0005905871201911498 0.0005536068656931153 0.0020359895727932384
SNORD30 0.00030254900658741675 0.0003931960492993783 0.0007065581701485377 0.000629380994952075 0.0020316842209874074
VAMP4 0.0005708591955248213 0.0004536925893850285 0.0005200579828608743 0.000481191418377674 0.002025801186148398
DNTTIP2 0.0005602597558697763 0.0003785013452362975 0.0005946317517239865 0.0004919375491778763 0.0020253304020079366
STX3 0.00036399333105920355 0.0005455146631677393 0.0006744576593527058 0.000440610617960119 0.002024576271539768
BRP44L 0.00043995747190001883 0.0006689848703401891 0.0005057616508904838 0.00040820842109413533 0.002022912414224827
ZNF302 0.000504468462502292 0.0006364276704201404 0.00043066271637096955 0.00045128399288173264 0.0020228428421751347
PTCH1 0.00035468732243326467 0.00032267941449945394 0.0005933917400025074 0.0007505842007976305 0.0020213426777328566
RG9MTD2 0.0005508378550891831 0.0001648046731192274 0.0007276965057056809 0.00057785880336367 0.0020211978372777616
RCAN3 0.00028370274642705573 0.000556013132779317 0.0005918074954591683 0.0005873434405801665 0.0020188668152457076
NOD1 0.0003769278484904241 0.0004574216886259138 0.0006714186485262561 0.0005113934685494882 0.0020171616541920824
SLC25A46 0.0005731308018060834 0.0002643687880024499 0.00040325330800140217 0.0007747300479478723 0.002015482945757808
MAPRE1 0.00047781544091518146 0.00032415154048844903 0.0005000030438070222 0.0007131375105998636 0.002015107535810516
PHTF1 0.00037784731916238673 0.0005435140427105229 0.0005505313475017718 0.0005400675687957714 0.0020119602781704525
ICK 0.0003289785494673513 0.0005178958080337472 0.0005980295091746642 0.0005663457276693267 0.0020112495943450893
CDC42EP1 0.00041484170235349887 0.0004321552023794177 0.0005768523465637221 0.000580203346056809 0.0020040525973534476
P2RX6P 0.00040858326572018616 0.00033132658247544326 0.0007942587576450595 0.00046923070443496485 0.0020033993102756536
CHI3L2 0.0004281024370485679 0.0007708643037228731 0.00040753047878085743 0.0003950865860014777 0.002001583805553776
POLE 0.00024180549178749334 0.00045278773081663357 0.0007016768160273009 0.0006043622836400474 0.002000632322271475
FSD1 0.0004045285676150596 0.000535703104749435 0.0004767155449722747 0.0005797696414058539 0.001996716858742623
SRPR 0.0003587377586232115 0.00034527423170376345 0.0006457022007029717 0.0006445293297021735 0.0019942435207321203
ELMO1 0.00037827136235562035 0.00030805642067602225 0.0005704650783061583 0.0007368677678613919 0.0019936606291991927
PDSS1 0.00040307978669891183 0.0005398480497136854 0.0005504696598164873 0.0004971080420127259 0.0019905055382418105
TBXAS1 0.00036029557617636606 0.0006313535432917652 0.0005637473262268486 0.0004337507730575959 0.0019891472187525757
PACSIN3 0.0002720616220223608 0.0006898563861252331 0.000621981234851649 0.0004028678346970376 0.0019867670776962804
C20orf29 0.0005655281047710775 0.0004197223620296458 0.0006165228122367802 0.0003835609008053184 0.001985334179842822
GDF1 0.00046777295042267137 0.00026536569191751275 0.0005957427869053952 0.0006539820528090878 0.001982863482054667
NR2C1 0.0004177502357019103 0.0004321760474623123 0.0006540858155612445 0.0004754910184138752 0.001979503117139342
ATP6V1H 0.00047837441591952267 0.00028038312830538285 0.0007087017696998871 0.0005104827526183594 0.001977942066543152
ANKRD39 0.0005095243334770167 0.00033701112732091316 0.0007871926390170012 0.0003422691753378642 0.0019759972751527952
LRRC37B 0.0004138900851923183 0.00048730397170688896 0.000432731408740179 0.0006413347509658965 0.0019752602166052827
RRBP1 0.00031909471717425473 0.00030919301965553055 0.000884774212082397 0.0004582270819654544 0.0019712890308776366
DZIP1L 0.00041827065763257133 0.0004469245155378201 0.00046654144919210507 0.0006341396657306535 0.00196587628809315
DUSP13 0.00044572430700468246 0.00031250916816090045 0.0006462444575791336 0.0005595414148057618 0.001964019347550478
C14orf133 0.0003777035727041157 0.000356625201148301 0.0008024192976979407 0.00042724908003047437 0.0019639971515808315
SLC22A2 0.0005409404194361117 0.00023418052015055903 0.00058926169941077 0.0005966268465630383 0.0019610094855604786
CYP51A1 0.0008594687747615021 0.0002903708456282269 0.00030603002808859297 0.0004992669932261523 0.001955136641704474
RALGAPB 0.0004518383844958304 0.000332133493320382 0.0005277209696330314 0.0006429781561480783 0.001954671003597322
LASP1 0.0003150254218625161 0.00027039362355283877 0.0008425198984021601 0.0005256126720182463 0.0019535516158357613
MC4R 0.0004173607645203351 0.00035710479344708604 0.0005980409094400406 0.0005803684537359528 0.0019528749211434146
ASXL2 0.0004965739590619729 0.00038564959070845324 0.0003893483663281119 0.0006780788853049963 0.0019496508014035345
LOH12CR1 0.00029233952806017043 0.0006358272153235834 0.0005446624095498716 0.0004736338227465275 0.001946462975680153
TXNRD3IT1 0.0004723082033147053 0.00037075895885493957 0.0005464605178539907 0.000556209257335107 0.0019457369373587427
DYSFIP1 0.0005727717479641507 0.00028419334607748716 0.000618907546643429 0.00046723092409529525 0.001943103564780362
DUSP6 0.0005106863129198183 0.00029407269972069576 0.00047099589571476434 0.0006666658696161186 0.001942420777971397
NSA2 0.00030866166231206235 0.0002842161055251139 0.000739529935503451 0.0006097122005866267 0.0019421199039272542
PRDM8 0.00030310551183496435 0.0004853118650026359 0.0005635753619228619 0.0005894983717972162 0.0019414911105576783
PAK6 0.00044058022825404803 0.0003845511503849751 0.00039384525667112406 0.0007222396860728172 0.0019412163213829645
CLDND1 0.0005502093861054459 0.00017673475986605477 0.0006161790631543914 0.0005978395835083432 0.0019409627926342352
SDHAF1 0.0003245516834131381 0.00032888625162953136 0.0005523620625314074 0.0007345301865441526 0.0019403301841182294
TRIM4 0.0004792848919722502 0.000346641864650614 0.0005540234092145091 0.0005598853450718842 0.0019398355109092576
LTBP1 0.0004418959108801698 0.0002989334903105112 0.0006557625599071333 0.0005425868771415856 0.0019391788382393997
ZNF227 0.00029863403797153373 0.00036914901481761994 0.00043011455513595825 0.0008409268598985038 0.0019388244678236156
ANAPC11 0.0004109701193844314 0.00037321814099331054 0.0005292506586402192 0.0006247723340545012 0.0019382112530724623
TRIAP1 0.00042395076580466407 0.0002811916284014702 0.0005088823071003832 0.0007230943035206154 0.0019371190048271328
ZNF397OS 0.0004976306318025239 0.0002963767649762423 0.00048777048459981416 0.0006511681671618879 0.0019329460485404681
CTBP2 0.0003388532330880442 0.0005176804107575315 0.0005643147150660715 0.0005086729594845402 0.0019295213183961873
SLC6A6 0.0005338542973026581 0.0003813529642987967 0.0005487603486595011 0.0004650028354256472 0.0019289704456866032
C7orf70 0.000241611246927244 0.00040463007191046706 0.0007304989120673875 0.0005475006425627834 0.001924240873467882
C20orf11 0.00036199900101480033 0.0004051960026942391 0.0006924895324521449 0.00046445183554897056 0.0019241363717101547
SLC26A6 0.0003007482292058374 0.0003880006318672309 0.0008528110847207525 0.0003816171125939898 0.0019231770583878107
NEIL2 0.0005874519709543957 0.0003504009134386168 0.0004962972427397263 0.00048733443104074646 0.001921484558173485
COPS3 0.0004780458533169692 0.00046599197622961485 0.0005783328416661494 0.000397187746359253 0.0019195584175719863
CALU 0.00028430689287818796 0.0004324353540710741 0.0005957508092936553 0.0006069191651014236 0.001919412221344341
FAM82A2 0.00041704350665503094 0.00030510657082300174 0.0005453981250344044 0.0006506736010979856 0.0019182218036104225
SAP30L 0.00046106349727154 0.0005170357010490949 0.00047562957423716925 0.00046432084009789197 0.0019180496126556962
ZNF295 0.000285603645278001 0.00035649912638475594 0.0005951246449259005 0.0006782721409042301 0.0019154995574928876
GALT 0.0004464991982847157 0.0005818221727240379 0.0004093306755721085 0.0004767072291050003 0.0019143592756858626
AURKB 0.0006819480141714012 0.0003843719117655688 0.00040922772948689793 0.0004349333177868453 0.001910480973210713
EPHB4 0.0003820674367694993 0.0004355682257678855 0.0005696275548737468 0.0005216016969851148 0.0019088649143962466
ZSCAN12L1 0.0004916954613235119 0.0004320373814849417 0.0002845485720403847 0.0007003048306405786 0.0019085862454894169
CDK13 0.00035783145766145135 0.0005229149451448158 0.0006325038148445978 0.00039273315986739654 0.0019059833775182616
HIST2H2BA 0.0004332828864282141 0.00016837486734266256 0.0007137557750283865 0.0005903425036037202 0.0019057560324029833
SIK1 0.00041433963865075105 0.000639465078620027 0.0004482627297064286 0.000402661349870526 0.0019047287968477328
ARHGDIA 0.00040278131619633133 0.0003784921624810358 0.0005095334916869278 0.0006127489256659497 0.0019035558960302445
NCRNA00120 0.00037068218148446363 0.00030455854757582303 0.0006889776650143609 0.0005384637151492503 0.0019026821092238979
TANC1 0.0003508958827794737 0.0002832776032180324 0.0007390549438061084 0.0005285979209978425 0.001901826350801457
SGPL1 0.000359936559804924 0.00038345287266703407 0.0006541946206949885 0.0005042319207519807 0.0019018159739189273
LOC284749 0.0004515871304832368 0.000316402299274809 0.0005904261875649145 0.000542394115765338 0.0019008097330882982
LOC282997 0.0004279776603122676 0.00040087377779837486 0.0005112790037152496 0.0005606070313147911 0.001900737473140683
HIST1H2BH 0.0003544194399775367 0.000457372796567261 0.0004856741907224243 0.0006007161204589755 0.0018981825477261975
SPOCD1 0.0002800774279557921 0.0005259011565597343 0.0006783490947990106 0.0004134133085241331 0.0018977409878386702
PDE2A 0.0003776567680153382 0.00025048704298580077 0.0007020493202150762 0.0005669007813521763 0.0018970939125683914
LAG3 0.00046613527681815597 0.0002449181748774244 0.00029773415605459965 0.0008879903107797584 0.0018967779185299384
L3MBTL 0.00017967757645537678 0.0003632424715388407 0.0005195879908455247 0.0008324735922506562 0.0018949816310903983
ORC2L 0.0003398923731882021 0.0004109812398685289 0.0005974986448249658 0.0005459227673276054 0.0018942950252093024
SIN3A 0.00042159446455065295 0.00040835744909896964 0.0005032123300961932 0.0005599882695304837 0.0018931525132762994
CHMP4C 0.00031006043589225477 0.000494233394143023 0.0004926799826721984 0.0005956026665886368 0.0018925764792961128
MIR611 0.0004176160077856074 0.00039227070140099974 0.00042780555776581657 0.0006537925146766349 0.0018914847816290585
CREM 0.0003834471639244947 0.0005368335919350304 0.0003984248839975587 0.0005716692167934072 0.0018903748566504912
MIR191 0.0002724032718731663 0.000670397691640395 0.00043010051663379 0.0005134385449655442 0.0018863400251128955
BLCAP 0.0003363216023136895 0.00043235004290014163 0.00048194297157201497 0.0006355383519445468 0.0018861529687303929
RNF138 0.0003981343378758613 0.000454210424889226 0.0006009227725662632 0.0004320756363146498 0.0018853431716460002
LOC100128640 0.000556389894121067 0.000280559513027134 0.0006880354796453278 0.00035733586903419787 0.0018823207558277266
SNORA34 0.00024366279946092458 0.0004812131639818851 0.0005440149718545433 0.0006120408712508199 0.0018809318065481728
MIR654 0.0005283733704040665 0.00022833090117311918 0.0005437020132714706 0.0005801435243146805 0.001880549809163337
PISD 0.0004854015333401039 0.00032228938790923497 0.0004508051163927166 0.000622006398223446 0.0018805024358655015
PPP4C 0.0005116899624555249 0.00030964205116501266 0.0005359337626261254 0.0005225529632782381 0.001879818739524901
C17orf85 0.0004241607511462948 0.0005722322005073761 0.00035887245660700876 0.0005228033132769031 0.0018780687215375828
DAZAP1 0.0003682431164174395 0.00028796262359920825 0.0006437303849990918 0.0005773309901985445 0.001877267115214284
CALCOCO2 0.0005047996996541533 0.00040514070369371556 0.00044716565985357723 0.0005189555918811843 0.0018760616550826305
GALK1 0.0003351700202173818 0.0005097037003175657 0.0004843946071755081 0.000546229145881546 0.0018754974735920014
NUDCD3 0.00040430561248147747 0.00028290333998033207 0.0004209913889959784 0.0007667671783638101 0.001874967519821598
WDFY3 0.00030013143250906917 0.00039308554623266825 0.0006054892386370127 0.0005758928445427378 0.001874599061921488
RHOT2 0.00045403642017337244 0.0004381399194781318 0.0003876118298190183 0.0005935313422265897 0.0018733195116971122
ORC4L 0.0004139237610181688 0.0002467862955457417 0.0005352771714047428 0.000675785550663745 0.0018717727786323984
SNX27 0.00038046438192596954 0.00039043367993931864 0.00042581540439476113 0.0006736142854454463 0.0018703277517054956
TMEM214 0.00038016815945503865 0.0003488041901020357 0.0004836608380769794 0.000656438866611038 0.0018690720542450918
ZC3H14 0.0002120759633114098 0.0007379533216987316 0.0004875892137134491 0.0004313440523179451 0.0018689625510415356
C16orf57 0.0005139084684305833 0.00047591918585425223 0.0004582664414829218 0.0004203947781830257 0.001868488873950783
EFHA1 0.00022403754270799918 0.00024312877359680086 0.0007014469562267116 0.0006992681693871819 0.0018678814419186935
HNRNPUL2 0.00028552699439071943 0.00041820018899254663 0.0006770894088086113 0.0004839431886197362 0.0018647597808116134
CEBPG 0.0005513569480414221 0.0003476098485546388 0.0005204385272464319 0.0004447768863575379 0.0018641822102000306
C12orf51 0.00039585813154705094 0.0005839876231833678 0.0003551976667637661 0.0005284873364674782 0.001863530757961663
ZNF385B 0.0004867103001133088 0.0002586566402950516 0.0004962240004430243 0.000621697850150153 0.0018632887910015375
C8G 0.00048112426560625984 0.0004433428656988443 0.0005532769015540968 0.0003841461301608079 0.001861890163020009
KLHDC2 0.0003511161777855979 0.00024514315605557094 0.0007143299642506705 0.0005493580439360308 0.0018599473420278703
UAP1 0.00018114080659423752 0.000851865903955195 0.0004356634056516758 0.0003879642122854115 0.00185663432848652
FAM84B 0.00041057664581049564 0.0004057913021601114 0.00041010295101030205 0.0006299704803830687 0.0018564413793639779
NOLC1 0.00036748992530336234 0.0002625072802079746 0.0006378428264199968 0.0005865894404227647 0.0018544294723540982
PLEKHB2 0.0002621895708054919 0.00047290041448842975 0.000460942847320257 0.0006581670136808593 0.001854199846295038
GNPDA1 0.0004056434951525044 0.0003711546067120403 0.0005259536486064305 0.0005500604816774864 0.0018528122321484616
LOC401431 0.00045255573165291495 0.00019667316542207656 0.0006378587305682531 0.0005640661600927243 0.0018511537877359688
MED20 0.0002377644754769336 0.00029885441174832183 0.0007117727818971325 0.0006017438220480139 0.0018501354911704018
C4orf47 0.0005081329344649736 0.0003922047172809027 0.000553128578075112 0.0003940547888076785 0.0018475210186286667
MPPE1 0.0003533962728486034 0.0003911426494299272 0.0005342349873953326 0.0005685115129731217 0.0018472854226469848
HCG18 0.0003857403097761389 0.00029812723026124006 0.0005280349585652731 0.0006328961817479095 0.0018447986803505616
PRKCD 0.0002487025386323519 0.0005835314403560041 0.0006643435731490917 0.0003480224356924194 0.001844599987829867
IER5L 0.000501323692379999 0.0004330047807405756 0.0005064588066422372 0.0004010301748706168 0.0018418174546334285
FDPS 0.0005137235767942456 0.0003174358650897394 0.0005845579579199003 0.0004256859233812917 0.0018414033231851769
KIAA0182 0.00033759978393876005 0.0003361413785642303 0.0005374139633410842 0.0006300886192301804 0.001841243745074255
RSBN1L 0.0003565751046288839 0.0003253636075838884 0.0007298027673917636 0.00042928564919021104 0.001841027128794747
HACE1 0.00022020839764634627 0.0003518002077253394 0.0007454030455475094 0.0005236075174652663 0.0018410191683844613
TFEB 0.0004349397597268148 0.0002677832807782939 0.0005846755819368802 0.0005535568660278964 0.0018409554884698852
BIN1 0.000488516963432111 0.00038360798642327694 0.00045560114962474324 0.0005075044944049514 0.0018352305938850826
CLIP2 0.00035246001021912635 0.0005016259753174466 0.0004713273728419438 0.00050910746773949 0.001834520826118007
MRPL46 0.0004836544153305174 0.0004477127877801473 0.00046464992157856734 0.00043708985215744724 0.0018331069768466792
FBXW9 0.0004906863525613535 0.00022723651520833443 0.00045272768477930714 0.0006599710319641463 0.0018306215845131414
ZNF687 0.00033685927546229486 0.0005981510834995898 0.00046021935054082607 0.000433203971088217 0.001828433680590928
LOC648691 0.000270519978653259 0.00019541887098422777 0.0008201826116496114 0.0005409181821072844 0.0018270396433943826
LSM3 0.0003256785730497834 0.00034890372712147286 0.0006843761557673736 0.00046763607391668035 0.0018265945298553102
DDX46 0.0005284525747788351 0.0002713859550926971 0.0004873491156363813 0.0005390834804872492 0.0018262711259951626
DNAJC5 0.0004369133685205827 0.0002070172074677355 0.0005399628495139823 0.0006414203122391683 0.001825313737741469
HNRNPD 0.00038284532609833197 0.0003344145960591571 0.0003500004262215092 0.0007567541983615526 0.001824014546740551
PTBP2 0.0004636107275367067 0.00031656586284138123 0.0006172674995818842 0.0004261615639976825 0.0018236056539576546
BRCA1 0.0003741588905550949 0.00029040631537870286 0.0006132348873811169 0.0005448775688912556 0.0018226776622061705
GRAPL 0.0004327409257213694 0.00045130448062842267 0.00042984986402257695 0.0005085079304550813 0.0018224032008274504
ECSCR 0.0005195320741506703 0.00020186656457052716 0.0005492440944957755 0.0005507467450275552 0.0018213894782445283
DOLK 0.0003857088390066961 0.0002478137585655443 0.000573353297196944 0.0006096221371383462 0.0018164980319075308
P4HA1 0.0005997066717064339 0.000368698064190358 0.00047717191089028527 0.00037016237086848663 0.0018157390176555637
METTL13 0.00030810069619176375 0.00036277365818315445 0.000672705722942011 0.00047147710417508456 0.0018150571814920138
PRPF31 0.00041706796938779326 0.0003527501415222925 0.0004430423394575948 0.0005973067956057861 0.001810167245973467
MBD6 0.0002736084370136098 0.0002731048475990531 0.0006255570449598002 0.0006332662328851637 0.0018055365624576269
MIR1185-1 0.0005119599237205014 0.0003438193233669758 0.0005580738942843513 0.0003893582120375797 0.0018032113534094084
SMCR7 0.0003761685401993631 0.0004011215593953198 0.00040839422898298505 0.0006169800621673936 0.0018026643907450616
MTMR14 0.0003742538635771317 0.00044498210991370196 0.0004850209172344982 0.0004962044113767734 0.0018004613021021054
CYP2S1 0.00033129235491515695 0.0002287236696427884 0.0007237131844810802 0.0005162134686811896 0.0017999426777202151
YTHDF2 0.0005175303477501545 0.0002644079441564643 0.0004814431555023544 0.0005361007542600672 0.0017994822016690404
PACSIN1 0.0005549887251474473 0.00035828543648233505 0.0004492562914670827 0.0004365467610890049 0.0017990772141858698
AP3D1 0.0004051457058672849 0.00035135463074008994 0.000598134776230715 0.0004438848611042311 0.001798519973942321
AURKA 0.0004600904363211103 0.00038162321922208893 0.0006247009467722759 0.00033035717301323675 0.0017967717753287118
SHPRH 0.0004293705275715154 0.00030108069627508637 0.0006157281368038862 0.00044853252683926397 0.001794711887489752
MRPS18C 0.00037439835517357514 0.0002758350013726249 0.0007576687415506285 0.000386355132202458 0.0017942572302992862
TRIM46 0.0003008576262727822 0.0004945942203963367 0.00044966025354231274 0.0005485216996275037 0.0017936337998389353
SESN1 0.00041270664472805256 0.0003745234291273853 0.0004773181641777041 0.0005284938923362066 0.0017930421303693487
FOXJ2 0.00039060634149345834 0.0006398085847614865 0.0004165589426309641 0.00034371285204566306 0.001790686720931572
KIAA1712 0.00032821902103879005 0.000330665916033635 0.0007080623750732692 0.00042208873596693555 0.0017890360481126297
RANBP2 0.0002916613782321726 0.0004510829815564664 0.0004597629673417163 0.0005848325883243446 0.0017873399154547
SLC25A16 0.0005433689137782436 0.00034535167914282177 0.00043143284303298265 0.00046614289360865133 0.0017862963295626995
LDB1 0.00030882874658466923 0.0003916059970543906 0.0005051501339621393 0.0005776596595111458 0.0017832445371123449
ZNF28 0.0005006989534277036 0.00048241577297126505 0.0003005247461488653 0.0004985958302786942 0.001782235302826528
GTF2I 0.00041556249161390867 0.0003730701106361831 0.00041925419662287524 0.0005740319621612333 0.0017819187610342002
HGFAC 0.000556679372497292 0.00032971623634622056 0.0004995308198738797 0.0003942731593052003 0.0017801995880225925
PFKFB4 0.00036394790198297745 0.00047114161371526536 0.0004380126459174079 0.0005063494113234751 0.0017794515729391259
BBS1 0.000380170921568486 0.00033868055245829233 0.0005206584935515581 0.0005394519907448384 0.0017789619583231748
SNX16 0.00037072449629849336 0.00034491045908694004 0.0005235726766064253 0.0005385985558715251 0.001777806187863384
ATP2B4 0.0005138280273814947 0.000399452466102963 0.00048012746400817016 0.0003788140944303483 0.0017722220519229763
GMIP 0.00046525398915860984 0.0002650710754329092 0.0003821133960239229 0.0006591901862296112 0.0017716286468450531
ZDHHC5 0.0005208319729788751 0.0003877103285837516 0.0003502939283716971 0.0005120878965951743 0.0017709241265294984
ADAR 0.00045600584393321346 0.00025927172153484597 0.00037202228745068886 0.0006832380240734783 0.0017705378769922264
TRMT1 0.00048449277737508975 0.00028528680801805475 0.0005644085462049572 0.0004359968641521595 0.0017701849957502613
SPC24 0.00035222973255617964 0.000429735695608273 0.0005902209202008917 0.0003973281146998638 0.0017695144630652084
GRPEL1 0.0003367755364022877 0.00029695229909240895 0.0005348513299865995 0.0005956511149369457 0.0017642302804182419
GJC2 0.0005451748509198828 0.00025296831414568197 0.0004916750921593601 0.0004736469088701716 0.0017634651660950965
PAIP2 0.0003879163677081394 0.0005186017962815939 0.00032912020455240113 0.000527064499666481 0.0017627028682086153
ADO 0.0004091878704830493 0.00031856923659076347 0.0005716057550159907 0.00046292192875674825 0.0017622847908465517
FAM103A1 0.00030998866715396974 0.00026232612108497734 0.000565302367200942 0.0006244359110272901 0.0017620530664671792
LPP 0.0003453417585280803 0.00037520506002895624 0.00046900119129895566 0.0005707528918240289 0.0017603009016800212
TMBIM4 0.0003904502987191013 0.00035431438664654935 0.00042281247934146946 0.0005916305255166986 0.001759207690223819
TRIB1 0.0003977696894519165 0.00037168914580303883 0.00035340268379945234 0.0006336041947192497 0.0017564657137736574
WDR18 0.0004809257320306557 0.0004290610718752949 0.000361057360714444 0.00048482336343041294 0.0017558675280508074
STARD10 0.00032276552536557676 0.0003835839997273249 0.0007264463338088034 0.0003220384809184423 0.0017548343398201475
PITPNA 0.00041133944086371184 0.00028862483801525394 0.0005094845840381788 0.000544829108871055 0.0017542779717881997
ZNF738 0.0003870475675457334 0.00027698380085183327 0.0006269756420499973 0.00046287645263940163 0.0017538834630869654
MRPL52 0.00039219646274351515 0.0005767287226875096 0.0003670199661141004 0.00041606148407764815 0.0017520066356227733
ZMAT3 0.00042940402340717603 0.0003025411184018963 0.00043281117202484165 0.0005870871898725424 0.0017518435037064564
GFOD2 0.000431824090982361 0.0005860666321913564 0.00048371114047425344 0.0002499417502640178 0.0017515436139119889
FAM161A 0.000287432574345651 0.0003422391648463084 0.0005172493814292429 0.0006036780197086858 0.0017505991403298882
TSPAN1 0.00047181815708639526 0.0002894251800107792 0.0005810427956716776 0.00040771564382479345 0.0017500017765936455
DMRT3 0.00047227984753721514 0.0003643968223792521 0.0005263307650805375 0.0003869668870234891 0.0017499743220204939
DDR1 0.0004238723351149937 0.00034389736882024346 0.0005279060155674681 0.0004532796985921141 0.0017489554180948194
FAM186A 0.0006110463624352013 0.0002811673954176839 0.0003843907896945112 0.0004718289575000238 0.0017484335050474203
CDK4 0.000387932593213659 0.00025603931969531466 0.00046563082592927937 0.0006380169195932398 0.0017476196584314929
FLYWCH2 0.00026672608800248096 0.0003468000829687394 0.0005022730829839448 0.0006312458197772293 0.0017470450737323946
BTAF1 0.0002999093364134579 0.0002560089978788235 0.0004692935290025261 0.0007215684365503287 0.001746780299845136
GAS2L1 0.0004090193691185659 0.00042857399775373837 0.00034234424439854693 0.0005658576856699515 0.0017457952969408025
THRAP3 0.00036522399009610474 0.0001370768936440626 0.0006323107408830626 0.0006110370944742833 0.0017456487190975131
NAALADL1 0.00042429209170285077 0.0003078277423061881 0.0004446161654243072 0.0005685350522695867 0.0017452710517029326
SEC11C 0.0006089503074122672 0.00038232199105345797 0.00039218223436250844 0.00036124463208660835 0.001744699164914842
SRP54 0.0002882880524226909 0.0005076047774943842 0.0004700837229128357 0.00047398167671952455 0.0017399582295494352
PANK2 0.00031989879580706753 0.0003282720398595827 0.0007426293669539746 0.00034811394063980806 0.0017389141432604329
KLK6 0.00035555794187460755 0.0002923308241473381 0.0006624755356650559 0.0004242464539526776 0.001734610755639679
C15orf39 0.0003608055936501227 0.00042116464451542516 0.0006020832987135704 0.0003499512930503191 0.0017340048299294374
ZBTB22 0.0007332429309381771 0.00020998894593852752 0.0003572664431759036 0.0004318967909538603 0.0017323951110064686
HCRT 0.00031487775992499975 0.0003323535483143182 0.0006049939682142957 0.00047992026799991664 0.00173214554445353
FAM114A1 0.000505812889494219 0.000322939593711715 0.00034299901866841233 0.0005598330055006899 0.001731584507375036
LPIN3 0.00033596496225456543 0.000254080767692605 0.0006565804651959008 0.00048440273183011977 0.001731028926973191
SERP1 0.0004475467311828926 0.0002537388602203404 0.0004822197137740114 0.000545771672551321 0.0017292769777285653
TMEM80 0.0006305613453197855 0.0004024504454302677 0.0003682239447952309 0.0003280354848306067 0.0017292712203758908
UGT2B15 0.00033971303325898433 0.00024036670129975066 0.0006681678366849814 0.00048077958639754296 0.0017290271576412594
STK40 0.00039732655309505466 0.0003173162567038274 0.00046990998142825205 0.0005439198396979346 0.0017284726309250687
PSPH 0.00038791460065429843 0.0002138561314890686 0.0005939771199638697 0.0005325529628794731 0.00172830081498671
PPP2R5D 0.0005505191921415447 0.00022302390873502132 0.0005135952029078471 0.00044008052679890856 0.0017272188305833217
NBPF15 0.0003401388732312453 0.00034615590804308024 0.0005657689607917773 0.0004729246612986034 0.0017249884033647062
SPRY4 0.0002601332529876756 0.0003143046424010849 0.0007933972290496652 0.0003562431697142886 0.0017240782941527143
FKBPL 0.00028453655199425933 0.00033652050227007534 0.0004454287732921738 0.0006557534439583077 0.0017222392715148162
ZC3H3 0.0006207068538211315 0.00021607100000809847 0.00035929191888520867 0.0005239079772395655 0.001719977749954004
ZNF622 0.00033047983099460603 0.0003341645166020229 0.0005515098531707816 0.0005037693559121226 0.0017199235566795331
MMP7 0.0003949083540938131 0.0002966994241030391 0.000671898778848147 0.0003555989690253807 0.0017191055260703798
HIAT1 0.00047853590905588394 0.00031143131681430134 0.00037738985454511805 0.0005494968012976234 0.0017168538817129266
ZNF589 0.00033229020296979115 0.00035173440565177555 0.0003513494775456371 0.0006774326092407324 0.001712806695407936
HBEGF 0.0004577438316766012 0.0002522299569662473 0.00044720467097737325 0.0005478853064915044 0.001705063766111726
SNRPB2 0.000281137960666773 0.0004935199616121774 0.0004161731386982349 0.0005094473781895815 0.001700278439166767
SLC22A18AS 0.00040753919967002753 0.000395235050309543 0.0004198754672594283 0.0004745954254730818 0.0016972451427120807
EGFL8 0.0006303667309307896 0.00028669411568629826 0.0005045088101729167 0.0002741077026340286 0.001695677359424033
ADCK5 0.0003837833398186841 0.00020375267443846758 0.00038037508325008886 0.0007268629517267256 0.0016947740492339663
ID2 0.0002944032899815336 0.00033592176976959457 0.00043088418811115716 0.0006288256719514187 0.0016900349198137041
POLR3D 0.0003845994547114643 0.00026492022033252927 0.0005654880631249596 0.0004738440929899676 0.0016888518311589209
MIR2110 0.0004140971969696076 0.0003505335136311987 0.00046260799709180975 0.0004602669794584278 0.001687505687151044
YIPF5 0.00023937779403323563 0.00039850655202837426 0.0004833910173956176 0.0005660046029110184 0.001687279966368246
RPL27 0.00024887176122595554 0.0003903329210348227 0.0006322045283057844 0.0004150390658351922 0.001686448276401755
AMAC1L3 0.00046956633187092726 0.00039712224516780535 0.0003325555295663605 0.000486367705639979 0.001685611812245072
SLC38A2 0.00044823391382483875 0.0002260773371827324 0.0006024951199098869 0.0004087564634056748 0.001685562834323133
KLHL33 0.0002905219336079866 0.00033077915379506177 0.0004366069691201023 0.000627592458356085 0.0016855005148792358
SNORD58A 0.0005169005119585713 0.0003401070057568972 0.00039366681671320887 0.0004311197364297134 0.0016817940708583907
RUNDC2A 0.0003035169839816874 0.0005062771885530211 0.00034115452535829363 0.0005305459143385813 0.0016814946122315835
LEMD2 0.0004402948585703684 0.00027962130180759657 0.0005344734722314862 0.0004248131879941538 0.001679202820603605
PTBP1 0.0003793728061775467 0.00039786602115744675 0.00043146699667096666 0.00047004944294787223 0.0016787552669538324
ADIPOR1 0.000712020191790495 0.00021243337339980044 0.00043913183526232344 0.0003127117648956533 0.0016762971653482722
FKRP 0.0004992824692825137 0.0002516464974727568 0.0005198610969171614 0.0004031140807399791 0.001673904144412411
PTPRU 0.0004078456381995502 0.0003095437597847403 0.0005790191855837597 0.0003773758780691918 0.001673784461637242
BHLHE40 0.00043994435630703656 0.00030593279438477055 0.00046456664861318895 0.0004624069404082184 0.0016728507397132145
YIF1A 0.0002614083064355867 0.0004179415265388133 0.00046316417740053 0.0005302814074174479 0.0016727954177923779
CXCL16 0.0004894111828632056 0.00029726661236885123 0.0004201789268697442 0.00046379058787775624 0.0016706473099795571
POLR3C 0.000531895526497343 0.0002194021403764686 0.0005040402349384628 0.0004133209416714423 0.0016686588434837168
NID1 0.0005420115904372105 0.0002023140735824413 0.000561454624228573 0.0003618167572283319 0.0016675970454765568
GPR19 0.0003849101754986259 0.0002903144457209904 0.0005124798309171983 0.00047921298948067607 0.0016669174416174906
ZNF790 0.00030894059607571673 0.0003142365074400717 0.0005743611763391139 0.00046891537021875266 0.001666453650073655
ZNF862 0.00036623885518757154 0.0003639179172807326 0.00032840783373750944 0.0006075740286418382 0.0016661386348476516
NCKAP1 0.0003565979062963049 0.00038833401455161295 0.0005843661812170601 0.000335545097309813 0.001664843199374791
NUS1 0.0003554249279243254 0.0002940358512667434 0.00045873513277146997 0.0005538535528244791 0.0016620494647870178
LIMS2 0.0002365047884996429 0.00033356562779643715 0.0005508062595646363 0.0005384931526113996 0.001659369828472116
ZBTB1 0.0002649158277808664 0.00039794600725141837 0.0004778397697056647 0.0005184745128899325 0.0016591761176278819
TIGD1 0.00046093802584621046 0.0002017084875164579 0.0004979040652075271 0.0004976331293972938 0.0016581837079674892
SLC12A7 0.0002726099020036565 0.00023772377738521725 0.0005534256934188492 0.0005926884122163841 0.001656447785024107
PDE4C 0.000439726419242506 0.0003914145091186083 0.0003053924175819328 0.0005195125866932731 0.0016560459326363203
AP2M1 0.0004956933714038087 0.00024641084729823957 0.00047656637223959 0.00043713808661297835 0.0016558086775546167
YAP1 0.0004532206033950474 0.00044944877287086493 0.0004929408995341109 0.0002581637743308417 0.001653774050130865
CASKIN2 0.0003467552461296951 0.0005694172120632399 0.0003919355215979336 0.00034433756891667186 0.0016524455487075406
MAN2C1 0.00030974944524997844 0.00039596599698593014 0.0004166454067737938 0.0005298356250412761 0.0016521964740509785
MUM1 0.00043896711885244266 0.00026658842848831444 0.000494097758318974 0.00045203753286968677 0.001651690838529418
GBAP1 0.00046609482574794193 0.0002487534228526666 0.0004298537307975595 0.0005063564638187329 0.001651058443216901
E2F2 0.00036861587796458323 0.00022215039987098198 0.0006044679389339384 0.00044959683329212093 0.0016448310500616246
ZFHX3 0.000377682107243322 0.00015502172711816855 0.0006401039565974777 0.00047162358191783874 0.001644431372876807
MLX 0.0005513077739991595 0.00025848055282422027 0.00034696005044067664 0.00048761935949310044 0.001644367736757157
DEPDC5 0.00046279231371700936 0.0002174818663514103 0.00040077827555211776 0.0005632353731880584 0.0016442878288085957
BCDIN3D 0.0004716433155668289 0.00022799899232788437 0.0005551026909607277 0.0003881998919278655 0.0016429448907833064
CXXC5 0.00036973319658853095 0.0004237435004648053 0.000505840064276885 0.0003430752971901218 0.001642392058520343
PLEKHM1 0.00042801811458804457 0.0002739539926524349 0.000447173053366495 0.0004931429651734704 0.0016422881257804446
LGTN 0.00040344697015478795 0.000322510427795877 0.00030445676867677424 0.0006117340621398398 0.001642148228767279
MADD 0.00039015575077567193 0.0002982468916873131 0.00047436665332114034 0.0004777915677184008 0.001640560863502526
RBAK 0.00027526714968685253 0.0003241953783437137 0.0004420619834092232 0.0005975780009416264 0.0016391025123814159
SH3D20 0.00030702736348585104 0.0004128558483838706 0.0005409993462494745 0.0003773476986815482 0.0016382302568007444
C1QTNF1 0.00043875392609466483 0.00037225357814624617 0.0003844658856641626 0.00044071931166227293 0.0016361927015673466
RPP38 0.0005046194482145564 0.0004312725164241667 0.00032773609395842396 0.00037187833321853286 0.0016355063918156798
RAB1B 0.00028109533601296043 0.00018528207434758976 0.0005145558091859939 0.0006533391655765902 0.0016342723851231343
C5orf15 0.0004159158314394209 0.0002968786523488317 0.0003622401699176685 0.0005586193277331323 0.0016336539814390534
NARF 0.0005113612599948244 0.00038723340580757066 0.00018619177298357666 0.0005467895678586927 0.0016315760066446645
ZNF639 0.00042900185519205105 0.0005065399628747652 0.0004107964652893904 0.00028411883674712 0.001630457120103327
NAT15 0.0003355424144036125 0.0004227711096253502 0.0005895800677148246 0.00027917471080744305 0.0016270683025512303
TBCD 0.00024545149134837187 0.00040452382103337015 0.0004598410186911421 0.0005161785895077004 0.0016259949205805846
C12orf61 0.00035948479570000055 0.00035005372306848423 0.00044209783209370277 0.00047340245880812804 0.0016250388096703157
FLJ90757 0.0005443058223267446 0.00032377905900793597 0.0003626495374296719 0.0003939549761970346 0.001624689394961387
BCL3 0.0005572870412711517 0.00028095012651020674 0.0002990588364120807 0.00048637785886975474 0.0016236738630631938
LGALS9 0.00035350273744301226 0.0003152492562980683 0.0005404608903914582 0.00041421742828893154 0.0016234303124214703
RPL7 0.00016931871340751954 0.0002886750861075953 0.000635482180527964 0.0005286662135477828 0.0016221421935908617
TBC1D23 0.00034149140548052765 0.0002660563608509224 0.00043017521230739365 0.0005835938303119724 0.0016213168089508159
MTUS1 0.00034082629097979854 0.000486959982645375 0.00037251188030678516 0.0004194030516768765 0.0016197012056088354
STAG3L4 0.0003794535420736806 0.0001841403676501901 0.0005224830241108427 0.0005335803466123019 0.0016196572804470153
TMEM188 0.0002106575597970302 0.0003442771942933246 0.00039538382225658 0.0006686697944598624 0.0016189883708067972
CCDC43 0.0005287457909525378 0.00021000146219336672 0.00039317845634659327 0.0004864051026841925 0.0016183308121766903
RILPL2 0.0004340822767754547 0.0003769323593117908 0.0004261196253569374 0.0003811093453171761 0.001618243606761359
CAMKK2 0.00020504585355954333 0.0003845980324214794 0.0002757615935211875 0.0007515854248401649 0.0016169909043423753
TP53TG3B 0.0004190585774606095 0.0002973388628935235 0.0004962779037540384 0.0004038789933380971 0.0016165543374462685
NIPA2 0.0003823855784956595 0.00046830621715479565 0.0004135669938371652 0.0003507553832252235 0.0016150141727128437
KIAA0467 0.00041497085606162645 0.0003976130356231967 0.0003340393476624374 0.0004659631506916696 0.0016125863900389302
CST9 0.000376638782803624 0.0002752362932598392 0.0004980068282047355 0.0004583179086014389 0.0016081998128696375
STK25 0.00035429278308353495 0.0003525309154836972 0.0004105542750435954 0.0004899604880139962 0.0016073384616248237
PDZD8 0.00038367191263671753 0.00026745367616129315 0.0005104262980794674 0.0004451326702027712 0.0016066845570802493
SH3BP4 0.00034771382485964173 0.0003625488953361755 0.00041201451544538607 0.00048435907852783155 0.0016066363141690348
DNAJC28 0.0002328037927828268 0.0003476349650982173 0.0005485681792044012 0.00047761034456016946 0.0016066172816456149
RB1CC1 0.0005762901792831043 0.00010939920081554471 0.0003932240265619476 0.000527480918335289 0.0016063943249958856
KIFC3 0.0002960427600424189 0.0004443466073216075 0.0005562559897685124 0.00030756297442848955 0.0016042083315610284
NR2F6 0.0002701790800247297 0.0004819696595239313 0.00043525173170707205 0.0004149175875864208 0.001602318058842154
CCL28 0.0004673056110227095 0.00038168998050005945 0.0004275052723626497 0.0003248331499766385 0.0016013340138620572
POPDC2 0.00032203637275452304 0.0003895350483237482 0.00047044922641777104 0.0004168777199647014 0.0015988983674607438
UBASH3B 0.00023946783059677424 0.00030134418857328204 0.0006032303842000524 0.00045484861675055763 0.0015988910201206663
MGC57346 0.00037542724751303867 0.00039350612735533397 0.0003720645987053047 0.0004548142139648778 0.0015958121875385553
FSTL4 0.00039464504067842493 0.00030725938843704424 0.0005673290742405554 0.0003241030306977819 0.0015933365340538065
ACBD5 0.0005070009280498144 0.000277252021714261 0.0005500933058710839 0.00025894902451804527 0.0015932952801532045
IRF2 0.000479619098075319 0.0002435538791725013 0.0003913944693528065 0.00047513404211641885 0.0015897014887170458
C1orf163 0.000645135435054617 0.000249184355020873 0.0003171789027692536 0.0003761025071651969 0.0015876012000099406
LOC284788 0.00044029709091283274 0.0003499974096385031 0.00041026952619151484 0.00038662608338641024 0.0015871901101292608
PTS 0.00034501156005631577 0.00034382211330171445 0.0005105035198419652 0.0003863764960239802 0.0015857136892239757
CDK1 0.0004441562133357146 0.00034669821302506834 0.0003946285275947678 0.0003980817727051749 0.0015835647266607255
PPP4R1 0.0004179842414078406 0.0001698682749332634 0.0004533533207432538 0.000540866101374234 0.0015820719384585919
ZC3H6 0.0003629049959765182 0.0003879553263155146 0.0004186707889861453 0.00041079766035081317 0.0015803287716289914
PDE6G 0.00033812428219783783 0.0003475899410708244 0.0004560793952953319 0.0004377521947896603 0.0015795458133536545
GTF3C1 0.000443584131627403 0.00028527255137080035 0.00032838635999026097 0.0005209052826175217 0.0015781483256059859
MRPL15 0.00046540239153392514 0.00019641878392328286 0.0004671228900694183 0.00044890441998684806 0.0015778484855134742
SLC41A3 0.0003033129820088394 0.00023792879525941858 0.0004354347212563284 0.0006009452087256315 0.0015776217072502178
CANX 0.0002054640401120203 0.0003174774503949532 0.0005765387572805017 0.0004777470199031829 0.0015772272676906579
KIFC1 0.00046905164069495483 0.00018543320986969978 0.0004855575329548628 0.00043595734676116416 0.0015759997302806814
CSNK1G2 0.00032530970088658355 0.0003496345094447958 0.0003737087898764931 0.0005273232997035692 0.0015759762999114416
BCL6B 0.0005515190974867197 0.0003746000661803627 0.0002380250851356681 0.0004112684869091797 0.0015754127357119302
RYBP 0.0003653164278381039 0.00033492816911689753 0.00041354246204236035 0.0004610606588732703 0.0015748477178706322
KLHL29 0.0003308225338260996 0.00042536083389758153 0.00042638632720763404 0.00039079937314919383 0.001573369068080509
HIC1 0.0003301245033276351 0.00013293499493857779 0.0005887070060572374 0.0005209277978999516 0.001572694302223402
NDST1 0.00033093413902719586 0.00035820761142289244 0.0003493474626441831 0.0005328865122077508 0.0015713757253020223
TP53INP2 0.0003354503105935757 0.0002999278697902566 0.0004070170764231304 0.0005257034870826335 0.0015680987438895962
ZNF32 0.00048180402404079893 0.0002767039141470511 0.00033844648811107587 0.0004656203298266312 0.001562574756125557
CTNNBIP1 0.0003927615857700118 0.00025755283071911077 0.00043378303366912427 0.00047575187802456213 0.001559849328182809
TUSC2 0.00047442106374269666 0.000249635685314341 0.0004200454305528927 0.00041565960129315586 0.0015597617809030863
XPO1 0.0003424785901243599 0.0004072892309281284 0.0004091223691990231 0.00040086816948479173 0.0015597583597363033
WDR38 0.0003231052535896765 0.00025515133430587054 0.00039384449845104375 0.0005866615352434375 0.0015587626215900281
CHRNA10 0.0003678474141562982 0.0004152703980416829 0.0002713686883694514 0.0005032145072374382 0.0015577010078048708
NOL7 0.0003368285994395365 0.00021461933465609256 0.00040157945972043777 0.0006036376784256456 0.0015566650722417122
HELQ 0.00018456165801063336 0.0003215866052744884 0.0005116681087192425 0.0005378148548611647 0.001555631226865529
ZNF263 0.0003948839551556042 0.00032031097271867056 0.00034171219252904965 0.0004977184416224505 0.001554625562025775
MTIF3 0.0005851864459639195 0.00016494270888057098 0.00044533355710194965 0.0003565224890646574 0.0015519852010110976
CDK5RAP1 0.00025227274889967296 0.00025393296075888847 0.0005946557863418971 0.0004492656117731679 0.0015501271077736263
C7orf65 0.00040721274041200905 0.00024379666166079412 0.0005704476692493423 0.0003271516883350326 0.001548608759657178
FAM91A1 0.0005209666425960776 0.0002358540812325822 0.0005367021857635085 0.00025363802563026195 0.0015471609352224304
VDAC1 0.0005662313481962607 0.0003321226372894468 0.0002915861835672166 0.0003566097145149222 0.0015465498835678462
PDXP 0.0003584064531935046 0.00038753696668737675 0.00042899692590172395 0.0003686998131378265 0.001543640158920432
SOS1 0.0005067958849619308 0.0004096294502734431 0.0002995768638624187 0.00032752843461892163 0.0015435306337167143
MANF 0.0003544240193905596 0.0002539756782957938 0.00047794821646698644 0.0004565922527892392 0.0015429401669425791
RHBDF1 0.0002602690872094908 0.00037606335327789955 0.0004527638728753766 0.00045366907755086923 0.0015427653909136363
HMBS 0.00033426720674504124 0.00034315325080843073 0.00045799702516334474 0.00040155597085243854 0.0015369734535692551
SFRS18 0.0002569068926295133 0.00028693999458923443 0.0005720330733639288 0.0004197324509270761 0.0015356124115097525
IBTK 0.0005271909306281622 0.00026656785412320646 0.0004315591499885501 0.00031011270381827425 0.001535430638558193
POLH 0.00043193599105837414 0.000213933395414225 0.0005174218560457045 0.00037155817045155177 0.0015348494129698554
ATG16L1 0.00048376572935065234 0.00030128737692920363 0.0004742952458188489 0.00027412602150291704 0.0015334743736016218
RALGPS2 0.0003864846238228795 0.0001398497342920039 0.0004689843414872191 0.0005367372729042164 0.001532055972506319
SFXN2 0.0003444497431822701 0.00041196363969414845 0.0003452515207786575 0.0004300657454460261 0.0015317306491011023
NDUFS2 0.00027544063355003313 0.00020326886403311835 0.0005742446409961009 0.00047843952280263733 0.0015313936613818896
WDR70 0.0004345037154076275 0.00027983534311936336 0.0005007787611300575 0.0003160775559450829 0.0015311953756021312
ZNF225 0.00022222998469426298 0.0002992581723258132 0.00044724108949268396 0.0005621375889092423 0.0015308668354220025
STARD6 0.00025702763521767734 0.000310197075027808 0.0003696259744368418 0.0005936603485476338 0.001530511033229961
LOC728927 0.00038391505699322744 0.00015530923459500934 0.00047479461346185137 0.0005154126156987658 0.0015294315207488537
GPR56 0.00038761544489116217 0.00017973933032583938 0.0004816509574440968 0.0004786888188319947 0.0015276945514930932
KCTD21 0.00031175005348057746 0.0003144033021283472 0.00045701273010103705 0.0004408280075885463 0.0015239940932985081
C6orf145 0.00041470651010136196 0.00019963043568946935 0.0004365100573252679 0.00047230525593985634 0.0015231522590559553
CLK2P 0.0005249267005242473 0.0002062296352675452 0.00037804478084464953 0.0004134036124042193 0.0015226047290406613
DAAM1 0.000280329545605239 0.00016001558831934038 0.0005534772961148862 0.0005284480856056936 0.001522270515645159
SAMM50 0.0003596066953118874 0.00040256631894755015 0.0003636600803868258 0.00039470880378377897 0.0015205418984300422
ENTPD6 0.0003390772023060669 0.00034827722602331944 0.00048240732894361406 0.0003493615992585333 0.0015191233565315337
MAN1C1 0.0004396265084294166 0.0003692782081058222 0.00013676122313047257 0.0005726729462706184 0.0015183388859363297
UBXN6 0.0003497033980984727 0.00044889135919882323 0.00035348463416134013 0.00036548051004578637 0.0015175599015044227
DLGAP4 0.00022792654747338446 0.0004026039013201829 0.0003348132341336327 0.0005508200214544725 0.0015161637043816724
TBC1D13 0.0003282345526868514 0.00013938950207119066 0.000592913901890587 0.0004542189550224457 0.001514756911671075
WNT9B 0.0004031108091372531 0.00019424804923875695 0.00037132881074011066 0.0005457665176968957 0.0015144541868130166
EIF1 0.0005421803818285014 0.0002660192056762534 0.00037062306826075387 0.0003354291418554903 0.001514251797620999
NAPEPLD 0.000292547319530737 0.0002346265940063311 0.0003733669903469857 0.0006124164919205585 0.0015129573958046123
MIR21 0.000494835460663064 0.0004147658048282577 0.0002564833341475722 0.00034671054166479133 0.0015127951413036853
LYPLA1 0.00045645891136160746 0.00041391444091096256 0.0002956813336578869 0.0003465800289685971 0.0015126347148990541
RNF34 0.000343828109754272 0.00039675253841084477 0.00045545409997830785 0.00031647003734297833 0.001512504785486403
STK11IP 0.000315078375872147 0.00029197050989361844 0.0004896870678271382 0.0004143261712291858 0.0015110621248220894
ZNF700 0.0002722881512984309 0.0002682351676495199 0.0004205443658876752 0.0005497319815813992 0.001510799666417025
MPZL1 0.00025656478396550545 0.00017876658345812363 0.0005588037416979339 0.0005158184743446998 0.0015099535834662628
ATAD5 0.0003591377939505389 0.0004505236642484992 0.00036108346283793074 0.0003387260524743965 0.0015094709735113654
HEG1 0.0005176967689490351 0.00032581576647145594 0.000259921540176166 0.00040111882455817787 0.0015045529001548347
C7orf59 0.0002964929708152581 0.00041294334306287843 0.0003852772243471415 0.00040906195164639456 0.0015037754898716725
PAICS 0.00025786204127928466 0.00028217803743041696 0.00034050539282835855 0.0006216820050250854 0.0015022274765631456
NFYA 0.00039112825026340286 0.00032334966535964754 0.0003318196127635122 0.0004536917291975795 0.0014999892575841421
SKIL 0.00030253280371631274 0.000312866730342272 0.0004609450232332255 0.0004236012605726092 0.0014999458178644193
MYO15A 0.0004186425398287233 0.0001927534856062504 0.0004369692727522686 0.0004512347374691406 0.001499600035656383
SNX24 0.0004119782223120726 0.0002629608575012126 0.00028478558526881265 0.0005393271056552813 0.0014990517707373792
DDX17 0.00020515533153518312 0.00037936227730424495 0.0005226090369355201 0.0003919031207881691 0.0014990297665631173
RABGGTA 0.00035497002370158467 0.00022602809560889246 0.0004219780648953308 0.0004951486973983 0.0014981248816041078
MOBKL2C 0.00042388552151520703 0.00025661498799538576 0.0004076461185111418 0.00040430635212286776 0.0014924529801446022
RPL41 0.00017385106327471453 0.0003360154446281753 0.0003467326061744417 0.0006356010799997158 0.0014922001940770474
ALS2CR11 0.0005330796432552528 0.0001662074664961389 0.000374820064320461 0.0004170169429664378 0.0014911241170382904
RNF144A 0.0003858480854522175 0.0002087831830877298 0.00033174755815184784 0.000562378226450891 0.0014887570531426863
ZFAND2A 0.00028853518008637054 0.000139932957451053 0.00042049563931597115 0.0006395090700279478 0.0014884728468813424
VPS18 0.0003167731257362331 0.0002959619707820501 0.00037032725904460005 0.0005029977701816065 0.0014860601257444897
SERF2 0.00022909271765270836 0.0003943560459301748 0.0003560380108130727 0.0005007190432280088 0.0014802058176239647
PLCG1 0.0003455180011522437 0.0003799249444805611 0.00038448010216805524 0.00036981820389222965 0.0014797412516930897
DBF4B 0.0003785295018150859 0.00032384747557014727 0.0003540980214596229 0.00042162281727266867 0.001478097816117525
IKZF2 0.0003068548309410072 0.0003182482983262599 0.0004658282200742813 0.0003849669040045091 0.0014758982533460575
TCEA1 0.0003074275225273133 0.00033394609783165093 0.00028514214507023567 0.0005481267350419723 0.0014746425004711723
NEK5 0.0003068956761930103 0.00025150526925097493 0.00046305998680446284 0.00045135137829683885 0.001472812310545287
HDAC2 0.0003846484875557447 0.00030314464299481607 0.00037230517173726896 0.00041264411010421035 0.0014727424123920402
DHRS1 0.0004402765427184613 0.00020725145797593673 0.0003061737929841035 0.0005188451820642111 0.0014725469757427127
DEPDC1B 0.0004365416656576202 0.00021791854435007995 0.0005341515995547022 0.000282289352626956 0.0014709011621893585
C5orf13 0.0003633912649165192 0.0002691894060145758 0.000438300474988889 0.0003978429174727233 0.0014687240633927073
RAP1GAP 0.0004951644204729156 0.00046454763481984247 0.00020041601253243286 0.00030814777630604195 0.0014682758441312328
GON4L 0.000317461032285648 0.0003422601624970026 0.0003559421531558742 0.0004439267554653989 0.0014595901034039236
GGT1 0.00042693639425611565 0.00026288038282491365 0.00037360697586734024 0.0003956335806022256 0.001459057333550595
LOC729156 0.00026061039902286573 0.00023005263089097522 0.0005221876461746877 0.000445696267515767 0.0014585469436042956
TRIM56 0.00031622922949730556 0.0004683644574227272 0.00023816818387302537 0.00043575523270902096 0.0014585171035020792
DHX57 0.0003515641984337324 0.00021949036216611857 0.00047657463712571255 0.00041081672852658573 0.001458445926252149
ATP1B3 0.00040939064769776124 0.0002496705731275273 0.00031501583249962987 0.0004841341961043373 0.0014582112494292555
OSBPL11 0.00027768029298191096 0.00025156884900781357 0.00047976195021643054 0.0004486791652860183 0.0014576902574921732
LRRN4CL 0.00034641673709795244 0.0003946630674038802 0.0003444525276100689 0.00037127533306299413 0.0014568076651748957
NRCAM 0.00041325175110087985 0.0003308263128784326 0.00037724043566559934 0.0003351464175955249 0.0014564649172404368
PLA2G2A 0.00040720027840588887 0.0003120586398652245 0.00040999672177393433 0.0003268119050416464 0.0014560675450866942
RND1 0.000410743988733415 0.00034913288155910175 0.00028963644664908807 0.0004056388933198473 0.0014551522102614518
RCCD1 0.00038763072167561296 0.0003322442299031203 0.0003276446617127877 0.00040584928185902176 0.0014533688951505427
ZKSCAN1 0.0003208427113120446 0.0003400013527245256 0.00038511021023718544 0.00040642960282472946 0.001452383877098485
OPA3 0.0004761142559890835 0.0002802041303445915 0.0003722042267913179 0.0003212753716752235 0.0014497979848002165
SMNDC1 0.0003861511582460153 0.0002862433027357609 0.0003562299369548162 0.0004208525617803976 0.00144947695971699
MIR1272 0.00022807319338983466 0.0003765780809726646 0.0004219667839868528 0.00042002519855226933 0.0014466432569016213
FAM53B 0.0003142039090989181 0.0003169973080357007 0.0004016334385808154 0.0004135203198097091 0.0014463549755251433
DEGS1 0.00022189681685991016 0.00041758043294013255 0.0003610933862692637 0.00044426827903349867 0.0014448389151028049
DENND1B 0.0002990815311429746 0.00020021408356175313 0.00044624573512792935 0.0004961637527558816 0.0014417051025885385
PRKAB2 0.0003016040056019844 0.00027852901730202376 0.0004080998715904007 0.00045322597329119934 0.0014414588677856082
GALNTL4 0.0002832380185374335 0.00020195790453670243 0.000590559043978477 0.00036436209107383854 0.0014401170581264517
SPAG1 0.00035295854564374964 0.0003666956493716763 0.00039053808386495064 0.00032987349292026857 0.001440065771800645
ESPNP 0.00027254123949519 0.000422666621397195 0.00029678669074536477 0.00044481231289201384 0.0014368068645297636
MTRF1L 0.0003730515053915394 0.00023710641871766734 0.0005067053424305285 0.00031989473198258634 0.0014367579985223216
PDIK1L 0.0003771024007033312 0.0004218670940857697 0.00022956291310044665 0.000407050857909606 0.0014355832657991533
POM121 0.0002619769319985001 0.0003563959912123053 0.0004336340306046688 0.000383398509460657 0.0014354054632761313
EIF2S2 0.000308906676855812 0.00040450765077359367 0.0004208937948599437 0.000299479260729727 0.0014337873832190764
GRPEL2 0.0003574786586069021 0.00019934653407670326 0.0004942810487391737 0.0003792225058440315 0.0014303287472668103
YLPM1 0.0002984549071942364 0.00024115001225687017 0.00041883299591658277 0.000469156517053757 0.0014275944324214462
GLOD4 0.0002369808524094104 0.0002782622484040186 0.00043765717620638156 0.00047377096756349036 0.001426671244583301
ETFA 0.00037180896774070946 0.00019755064516061949 0.00037435696543485636 0.00048026078995905004 0.0014239773682952353
CYHR1 0.0005196492072822994 0.00039864619886379815 0.0002885517092606926 0.0002150874197295123 0.0014219345351363024
HERC1 0.0003295514030335372 0.000245433737130335 0.00026641312751856966 0.0005800125540781528 0.0014214108217605946
FGFR1OP 0.00041050915171882287 0.00037810666007564135 0.00020854016803402054 0.00042296062702574627 0.001420116606854231
C15orf51 0.00036872396232428124 0.0001997516754786858 0.0003551074901009972 0.0004964113259776209 0.001419994453881585
TRPV1 0.0002749628398241876 0.0003059501829745494 0.0004427700503336951 0.0003960426004173124 0.0014197256735497443
TMEM104 0.00025917455986023796 0.0003735698997297391 0.0003573350356684291 0.00042824239412027993 0.001418321889378686
TNIP1 0.0004266782221401484 0.00036408135162179617 0.0002426955766493973 0.00038339250895766776 0.0014168476593690096
DHX58 0.00037848814812289894 0.00016658778040184568 0.0003930335060410205 0.00047596325540372593 0.001414072689969491
ZNF24 0.0004944887925867347 0.00032837041438044215 0.00033911517643201605 0.000252030132396322 0.001414004515795515
ZSCAN22 0.0004788124182124205 0.00037434312819195414 0.00025232499702132813 0.0003020692268961957 0.0014075497703218984
SGK196 0.00041784063528689183 0.00016176566392916498 0.0003979667498886534 0.0004290113930487671 0.0014065844421534772
TWF2 0.00021583269531342143 0.00030010067159160896 0.000488354756675326 0.00040169799986782966 0.001405986123448186
NNT 0.00038802936943247194 0.00035567650564511104 0.0003618724850814078 0.00029979284706541434 0.001405371207224405
ZNF23 0.00027960728276540573 0.0002981896998625606 0.00026267270965155907 0.000563458581503126 0.0014039282737826515
SLC39A7 0.0002820518823094784 0.00037910385459548107 0.0004570404449159189 0.0002853833205780058 0.001403579502398884
CCT4 0.0005256798288661662 0.00023747451738913484 0.0004018804330552511 0.00023694416381643974 0.0014019789431269918
TMEM55B 0.0002805753563699637 0.000249665975889839 0.00042223875443487337 0.00044897025727050485 0.0014014503439651808
GPD1L 0.0004389696384454905 0.00026794738923780853 0.00030827457541453995 0.0003857431279881578 0.0014009347310859968
RPN1 0.00033953589047334813 0.00035278546329453614 0.00039453318637191977 0.00031117955314642187 0.0013980340932862258
TLR5 0.00025890109577611736 0.0003001711471761384 0.00041184641904041034 0.0004270729005661814 0.0013979915625588475
RALBP1 0.00036407404876863674 0.0002870930847461771 0.00031376579320190447 0.0004317254453619767 0.001396658372078695
BMPR1A 0.0003062699136819404 0.0003202036791300101 0.0003679280206473096 0.000397739927238055 0.0013921415406973152
UQCC 0.00024140373426311538 0.0003937099778862056 0.00021065171517374972 0.0005456312950319842 0.0013913967223550547
SFRS3 0.000324348655116396 0.00023640808155223422 0.0002492765047019064 0.0005737229151307449 0.0013837561565012814
CCND3 0.00033372710459374856 0.0003373817260965503 0.00043561975719323443 0.0002715640702958892 0.0013782926581794226
PRKACA 0.00028213742984393514 0.00034864190979377505 0.0002902432685928032 0.000454995640891133 0.0013760182491216464
DET1 0.0003373310410029454 0.000362805948435934 0.0003894152932257047 0.0002830696711673403 0.0013726219538319246
DPM3 0.00022159159808106703 0.00026195997530580013 0.0004432696763448546 0.000443892770544534 0.0013707140202762558
SHARPIN 0.0002878510569831304 0.00034027733449026507 0.00035773716358016586 0.00038483201595615436 0.0013706975710097158
SERINC5 0.00033003960438837937 0.00017194453560907136 0.00036264037904290097 0.0005039664339042528 0.0013685909529446046
ANKRD13B 0.00035376432025847275 0.00026040435636785644 0.00034562025911817336 0.000405468856454461 0.0013652577921989635
FBXO32 0.00040207375548026404 0.00023006089033936368 0.0003009311441334642 0.0004289591913438174 0.0013620249812969093
PIGT 0.00031817707548909967 0.00035224846026297616 0.0003778186217561932 0.00031315455503268046 0.0013613987125409496
NUCB2 0.00032648065482540785 0.00030742751350217257 0.00044371905973918606 0.00028322967817002905 0.0013608569062367956
HCG9 0.0005430522430789753 0.0003023453913957111 0.00022360714516652687 0.0002907205394933251 0.0013597253191345382
RAD21 0.00021589398082647802 0.0002625065659218435 0.0004902510353606514 0.00038944848139778316 0.001358100063506756
KIAA1143 0.0003002192894348423 0.00032429016620303465 0.00020828093051040802 0.0005241916156444669 0.0013569820017927518
DDX39 0.00025696792518742367 0.00017691436818137218 0.00042157459896236834 0.0004973555447938115 0.0013528124371249757
LOC440926 0.00044204598570557897 0.00027421143950464205 0.0003804889514694981 0.0002543150739739837 0.001351061450653703
ARFGAP1 0.00037267023409055263 0.0002378741956765411 0.0003386425888076274 0.00039877001097856485 0.001347957029553286
SLC39A3 0.000344203701722142 0.00021491463210620405 0.0004418487333732917 0.00034466432075010904 0.0013456313879517466
TMEM19 0.00027066767108696306 0.0003201762301042372 0.00046701563448643836 0.0002877090553762539 0.0013455685910538924
SS18L1 0.00027476890622780346 0.0001697223492283779 0.0003840078072057681 0.0005155005191463118 0.0013439995818082613
HEY1 0.0002829242755517854 0.00026953694236812447 0.0004406589983384665 0.0003470986010352962 0.0013402188172936726
PRR13 0.00020725137429734538 0.000311599361790354 0.0003902997520339204 0.00042706340163108233 0.0013362138897527022
FLJ32810 0.00021944388940416012 0.00039976445936892163 0.00033858685971545485 0.00037759435869189154 0.0013353895671804283
FAM120B 0.000180356571155537 0.00024132970476378306 0.0004229720737977807 0.0004870552769370588 0.0013317136266541595
STK35 0.00035623247153686836 0.00021731005738389778 0.00032685942015777444 0.0004298671299282295 0.0013302690790067701
MAPK9 0.0003842651753763365 0.0003099270006365256 0.0002677787007314859 0.00036701219200879526 0.0013289830687531433
STIL 0.00033940572479010996 0.00023822192817680855 0.00041140055986679786 0.0003385494114879196 0.001327577624321636
HMGXB3 0.0001733967676452182 0.0003379079370274728 0.0003327354548924357 0.0004811387956463398 0.0013251789552114666
CPNE2 0.00037599119899549055 0.00020242653250103826 0.0003675346718333084 0.00037475704006225937 0.0013207094433920967
LIN52 0.00012302860400707918 0.0003197838225862667 0.0004973462628045038 0.0003679239471904792 0.0013080826365883288
WDR4 0.0002556136814274787 0.00014370959434357664 0.0003941336394306957 0.0005138116139420539 0.001307268529143805
FREM1 0.0002745716345157185 0.00031074454399687625 0.0002646791216940513 0.00045697973850600563 0.0013069750387126517
ABTB2 0.0003764132822917864 0.0002878308995066895 0.00029444412410811434 0.00034340435389758415 0.0013020926598041743
PDIA6 0.0003264382913316035 0.00021361282061970548 0.00037990539600214453 0.00037932224012502037 0.0012992787480784738
ESCO1 0.00022164738657574914 0.00013321022687700105 0.0005194584449895875 0.00042282969961649245 0.00129714575805883
C20orf30 0.0003670459671207208 0.00037857024171283643 0.0003667401860592773 0.00018302462715722915 0.0012953810220500636
TCEB1 0.0004725103902779054 0.00018212609164659015 0.0002829862782300264 0.00035728943120147524 0.001294912191355997
RAB33B 0.0002673653395617212 0.00027258863015865777 0.00026961791509377803 0.00048489969462643884 0.001294471579440596
MRPL34 0.00034438854653838654 0.00029003055824095383 0.00041553583697877695 0.0002440378576943729 0.0012939927994524902
ZMIZ1 0.0002790206107291548 0.000254592072697788 0.00032521861768177693 0.0004302359447153967 0.0012890672458241163
IARS 0.0002720230546439029 0.00024017167448523932 0.0003472438394335856 0.00042926368819285994 0.0012887022567555878
FLT3LG 0.0003266016010119461 0.00035206735706289126 0.00030529958394253444 0.00030091355561110377 0.0012848820976284754
REST 0.0003635337534975462 0.00018224448114404718 0.0004240026072981584 0.0002999098607425628 0.0012696907026823146
ZHX2 0.0002563540767125937 0.00018883459592296655 0.0003388926580501857 0.00048403920471955475 0.0012681205354053008
FDX1 0.00026644692849678536 0.00024770462119590235 0.00035265034570608966 0.0003992832562611971 0.0012660851516599744
SEMA6C 0.00024022744321995542 0.0004895280636126452 0.00023711807276705798 0.00029759043328708343 0.001264464012886742
TXNDC6 0.0003578454543690831 0.00031815119089174357 0.0002257362505783293 0.00034929939134082397 0.00125103228717998
FBXL20 0.00036006519263800664 0.00025602733724016974 0.0003516097091059244 0.0002766465132661596 0.0012443487522502605
ZNRF1 0.00021593348923985636 0.0003880262506538743 0.000348430897866337 0.000281274400204114 0.0012336650379641816
MTCH1 0.00034208798764060486 0.00019652497797891782 0.0003080857526004385 0.00037884500568024295 0.001225543723900204
MKL1 0.0004230945908040646 0.00020405949898954956 0.0002839417281998453 0.00030986020067465345 0.0012209560186681129
C2orf52 0.00036978597576174004 0.00019569119873725938 0.0002732587613132259 0.00037498901414850653 0.0012137249499607318
MOGS 0.00029510731155488667 0.00018867170798381286 0.0003560530793694306 0.00037093315953973434 0.0012107652584478646
ZNF131 0.00030057656196445055 0.0003516497497803984 0.00027390533480445316 0.00028360109554448007 0.001209732742093782
TMEM219 0.0002950896866846842 0.00019067187986791275 0.0002789266858403519 0.00043526923418613084 0.0011999574865790797
SQSTM1 0.00035368399314212397 0.00028158955553455396 0.00018270346701897017 0.0003753992740135395 0.0011933762897091875
GYS1 0.00030817012207028603 0.00018620928506155295 0.00020019749197306634 0.000497997747326553 0.0011925746464314583
DDB2 0.00020929732070488986 0.00021892429604265519 0.00036621296480710745 0.00039289307563929047 0.001187327657193943
IRF1 0.0003129115696787847 0.0002816564669808217 0.0003044465947192103 0.0002790822512460921 0.001178096882624909
SLC22A4 0.0001563472950922848 0.0002128652382771354 0.0003758777770769935 0.00042039639188738004 0.0011654867023337939
HMGN3 0.00030101632158182235 0.0004181781075934911 0.00011374671075103987 0.00031646097341239525 0.0011494021133387484
LOC100132354 0.00033073271516691834 0.0002934258663439834 0.00010883015316801869 0.00040155087522005277 0.0011345396098989733
RANGAP1 0.0001806530241707812 0.0002137267459902491 0.0004581634317787668 0.0002756559018882058 0.001128199103828003
WRNIP1 0.00030322319999061297 0.00025035758761341907 0.0003471424208955101 0.00022088887485072466 0.001121612083350267
ANKRD27 0.00020504346417584695 0.0002792612477973259 0.0002577277381671402 0.00036197167252915833 0.0011040041226694714
BCCIP 0.00027265449333758486 0.00024475707480938955 0.00021363565966817113 0.00035524764764869807 0.0010862948754638436
CABP4 0.00027072335357716966 0.00014048971140645985 0.00033067173480824435 0.0003361073638655158 0.0010779921636573896
CMTM6 0.0003839918247984952 0.0002149878357789586 0.000200837988081056 0.00026701919070980983 0.0010668368393683197
URB2 0.000252771227783394 0.0002464605728492471 0.00020506756873654727 0.00033727781502050126 0.0010415771843896896
ENSA 0.00039385854483098834 0.000239780846289367 0.00016854090589582237 0.00023192447718702107 0.0010341047742031988
RECQL4 0.00019340602512958502 0.00015334738247039264 0.0002956211614400022 0.00035628103000953485 0.0009986555990495146
SOLH 0.00023011443749429428 0.0001311663619332589 0.0002825499730522622 0.00029106661721514914 0.0009348973896949645
