 NT G1 G2 G3 sum
ADIPOR1 0.016249636723267732 0.005199436156440204 0.00504523550340403 0.006035806588046294 0.03253011497115826
KIAA0664 0.012234064124651972 0.0023247186744812525 0.005132296393117613 0.005704945611850546 0.025396024804101382
RGS12 0.00855237025732184 0.004458013499356859 0.005703803522426152 0.004403225753679617 0.023117413032784466
C2orf79 0.00952490222750323 0.0026309004887163116 0.005164123167266212 0.004356167417642004 0.021676093301127755
HOXA10 0.00915161178942776 0.0016446652180598157 0.004299366985876669 0.003927621354986977 0.01902326534835122
AURKB 0.009068032267535584 0.0017848252450882456 0.0033976322464190785 0.004449666277240406 0.018700156036283312
SPC24 0.008635708579574058 0.0020350696038553707 0.00396213694779777 0.0031653534272084436 0.017798268558435644
TBX15 0.007726370870792795 0.0019991603643187477 0.0027137770619398336 0.003147961780606428 0.015587270077657806
AGRN 0.007229848148361001 0.0025337791505591167 0.0026828099584161984 0.0028099311320401964 0.015256368389376513
C22orf24 0.007224094426632395 0.0016257705425149957 0.003375362357823773 0.0025377904940494774 0.01476301782102064
OSR2 0.007011741062215424 0.001278865607115139 0.0033384709381319363 0.0027635011235468037 0.014392578731009301
HDAC11 0.004676097914207146 0.003601062498008901 0.003003335908948127 0.0030867992408111855 0.01436729556197536
ATPGD1 0.00682599709647688 0.001978977524599504 0.0026875749177696453 0.002453854779980924 0.013946404318826952
ZNF354B 0.005814488341024422 0.0012777394170379536 0.002972327276317901 0.002511362662305002 0.012575917696685278
SLC27A3 0.004919834672902013 0.004588911531433854 0.0015033480517512177 0.0015591508646809141 0.012571245120767998
CDC42SE2 0.005960724739093156 0.0015656656105829051 0.0024119126515357195 0.0025026985154426693 0.01244100151665445
MGC13005 0.005714899031790138 0.0011696628803371189 0.0026340112123510533 0.002700869650152173 0.012219442774630484
RGS22 0.005668154710521878 0.0010269909288342209 0.0027923497707230726 0.0024598503311317405 0.01194734574121091
DHX58 0.00030799277824623773 0.005252830045358444 0.001912036200366524 0.0032617373270125392 0.010734596350983745
ATXN1 0.005242822314638904 0.0015099363565466175 0.0014937916085986723 0.0024466350574920233 0.010693185337276218
ZNF232 0.004900624565521339 0.001361122989190629 0.0017381901647608457 0.0019587557855044865 0.0099586935049773
NCOA6 0.004277738616254657 0.001364577381221432 0.0016928538945360425 0.002606602851212653 0.009941772743224785
FGL1 0.004175625065214478 0.0010703723188567626 0.0012961114011118015 0.0023642212169298206 0.008906330002112862
VAX2 0.0007544456122517892 0.0031657152381984145 0.0008500876545992758 0.004041303398695637 0.008811551903745118
NOL7 0.0038698862423557556 0.0009983721101749267 0.0021473163636659956 0.001317469220670674 0.008333043936867351
ARAP1 0.003994901127248585 0.001398008534504817 0.001375023367145463 0.001450844890074424 0.00821877791897329
ANXA2 0.002789305944168599 0.0015795728354635937 0.0017881668064318088 0.0018687090680046428 0.008025754654068644
APOL3 0.00041969317741961395 0.0031118358586456575 0.0008109881638496588 0.0033003715855317224 0.007642888785446653
CYB5R2 0.003412495134258805 0.0008109701091806087 0.0015277291293883722 0.0015050293584644614 0.007256223731292246
ISL2 0.0034525839661935253 0.0007192825636285403 0.001889448759147969 0.0011637584137799781 0.007225073702750013
CBY3 0.0032979787920183893 0.0007572641823801434 0.0010415721303033295 0.002099091524022921 0.007195906628724784
HMGXB4 0.002079700063562627 0.0015591201426453888 0.0015318900095885025 0.00200529815901627 0.007176008374812788
PITX3 0.0033317941698896916 0.0006811699199909345 0.001923998490215901 0.0011797231875776328 0.00711668576767416
SLN 0.003227786842301137 0.002006958691744292 0.0011751861616202844 0.0006384778529416362 0.007048409548607349
MOGS 0.0005466717433883427 0.003384567279598479 0.0021017214566292877 0.0008216451229192036 0.006854605602535313
LOC728927 0.0024593898617105885 0.002049568103308543 0.0012157685805243802 0.0009405420678212251 0.006665268613364737
GPER 0.0008062872897304505 0.003168069024898202 0.0009123991516452101 0.001596131388526981 0.006482886854800843
FLJ40504 0.0031066143889226412 0.0018873117635940882 0.0008921440035001398 0.0005497781215198433 0.0064358482775367125
ZSCAN18 0.002773285532910196 0.0007075635820157654 0.0010584951917940455 0.001770707880260897 0.006310052186980904
PAIP2 0.002729854815762582 0.0006455824188055105 0.0013075408575915375 0.0016041483529982005 0.00628712644515783
MYO15A 0.000616090168161607 0.002904725000926821 0.0009853959199296381 0.0017510546172754455 0.006257265706293512
ANG 0.0022809943192872097 0.0010324584691966008 0.0008281020435605471 0.0021080474976380896 0.006249602329682447
SLC41A3 0.0023343897125447086 0.0022277595001086578 0.0008864842741729415 0.0007883870896862932 0.006237020576512601
WDR4 0.00014252707795088832 0.002902506866273482 0.0012348458527566089 0.0018357274891618474 0.006115607286142827
MUC13 0.00039996058703856114 0.00241758538154918 0.000990757891033461 0.0022878514874314785 0.006096155347052681
C9orf41 0.00047212271777595635 0.0029494043164023436 0.001321545663711505 0.0012145086970962462 0.005957581394986051
C20orf29 0.0016728757171707077 0.002735657016893424 0.0008113726408467152 0.0006899357444242388 0.005909841119335086
CDKL2 0.002670970561475414 0.0005494599618893171 0.001750980526325495 0.0009261392642096369 0.005897550313899863
NSUN4 0.001890132972152352 0.0007929689238686668 0.0006102186865359412 0.002587778343034021 0.005881098925590981
TCL6 0.002414342687566826 0.0017437727106570805 0.0010472761800694851 0.0006612941286096312 0.005866685706903023
MEF2C 0.0027289336649944872 0.0015182245483227655 0.0011752289740296431 0.00043675070718168004 0.005859137894528576
CCL28 0.0025509177404769547 0.0009291593873713641 0.0006794979228459151 0.001508631212299717 0.005668206262993951
SNORA1 0.0026776087642656834 0.0007170662912755857 0.0009234517621995706 0.0012201168412334438 0.005538243658974283
KCNE4 0.0018015668494625104 0.0019538421321811427 0.0008157108058796603 0.000908706286620305 0.0054798260741436185
BMP4 0.0025475179404069255 0.0007439150095722685 0.0006848188645807483 0.001457912953226127 0.005434164767786069
LIME1 0.0002485211988754421 0.002411254323184274 0.0009877574549812796 0.0017167828792137793 0.005364315856254774
FHL3 0.00048246987065021205 0.0018076482826212738 0.0006260298451045562 0.0023899865956129715 0.005306134593989014
CSRP1 0.00255632894494449 0.0006764246411850472 0.0009694757785499424 0.0010871304634651926 0.005289359828144672
TRAF2 0.002292021844317644 0.000548010897353165 0.0008068366691989929 0.001590957440887318 0.005237826851757121
LAG3 0.0004167323405755025 0.0018356457314843044 0.0006244612001167539 0.002332298549981982 0.005209137822158543
DSCR6 0.0022245467810789676 0.0005090594462552719 0.0010995957314418976 0.0012368188712068423 0.00507002082998298
DNTTIP2 0.00017039209119595192 0.0022835917360640155 0.0008362127413894581 0.0017735326374077188 0.005063729206057145
DET1 0.0005909937510440133 0.0024416514145400455 0.0007896782942388486 0.0011904021737779058 0.005012725633600813
FAM194B 0.0020786565200398904 0.001696490665979218 0.0006943067646764451 0.00046932977012761163 0.0049387837208231655
WDR26 0.001477801970358412 0.0022934814638608633 0.00044299823955020303 0.0007188171010673124 0.0049330987748367906
KCNQ1 0.0021077528343406214 0.0007775425272902799 0.0005656303512403037 0.0013180939068387055 0.004769019619709911
TFEB 0.002311170447087257 0.0008693455154198656 0.0007126075922360812 0.0008406297684903294 0.004733753323233533
ZNF366 0.0017489833706172426 0.0016818835312343336 0.0006389382740269332 0.0006009099739521109 0.004670715149830621
GPD1L 0.0017198512424399701 0.0008184899550715607 0.0012891672406768315 0.0007869489222990404 0.004614457360487403
STK40 0.001845606473688903 0.0005243114336867854 0.0010538917457962788 0.00105991864704775 0.004483728300219717
CCDC144NL 0.0019892078628476603 0.0013397090997223566 0.0007741656969127279 0.0003525668077823231 0.0044556494672650685
LOXL4 0.0020214909408238974 0.0008365138381329632 0.0005987585958237181 0.0008787425912360279 0.004335505966016607
NAPSB 0.002074309795146917 0.0009306194845742077 0.0005784323618360891 0.0007463236781164166 0.00432968531967363
MIR654 0.0018741667967708182 0.0014466901565938534 0.0006455812934512675 0.0003415885850772964 0.004308026831893236
OR8B4 0.0016720202476260284 0.0013334818344943335 0.0007410472732508279 0.0005498764320491805 0.004296425787420371
GPR116 0.0018687031718576045 0.0013113188032943153 0.0007237117334372423 0.0003418919187794842 0.004245625627368647
ALKBH3 0.0003587374680374635 0.0016443211354297768 0.0006014231170170948 0.0015872182651327123 0.004191699985617047
ASXL2 0.0007271322578461806 0.0020124620788768087 0.0009642879875041104 0.00046923693756524353 0.004173119261792343
ECSCR 0.0018130775862683969 0.001414509192253294 0.0006153184784022736 0.00028478943032295774 0.004127694687246922
LOC100128675 0.0017058825997677725 0.0006766740877143351 0.0008023565605199256 0.0009257776025606944 0.004110690850562727
C8G 0.00012047401592865533 0.0017923175595903457 0.0006486901142214 0.00150150312562503 0.004062984815365431
THOC6 0.0004058482085379443 0.001645492926850501 0.0006305769252346425 0.001362443274490303 0.00404436133511339
ZNF131 0.0002037724033084155 0.0017847810137932827 0.0014431471191014259 0.0006114431141484883 0.004043143650351613
LASP1 0.0002842550938039297 0.001572477942001487 0.0004348736282903594 0.0017126304404206445 0.004004237104516421
ZNF397OS 0.0017794621247991561 0.00039487581008278643 0.0009240353494246286 0.0008728255530477711 0.0039711988373543426
SERPINE2 0.0013518605025375735 0.0016932672314899165 0.0005172586329616443 0.0004053559041548399 0.003967742271143974
LOC731779 0.00169386055063746 0.0011433876286716682 0.0007783590744111464 0.0003476426880792378 0.003963249941799512
PIGB 0.00021730863462410193 0.0016166411310776993 0.0005191025833516172 0.0015932471164344104 0.003946299465487829
DNAJC16 0.00010742067990551799 0.0018853369856866036 0.0010458880576065732 0.0008960371492786785 0.0039346828724773734
KIAA1143 0.0015211663462355138 0.0006735085451938841 0.0006195295174634117 0.0011046380153613322 0.003918842424254142
BAT2 0.0017070906754694695 0.00047770199252212186 0.0006012169007596392 0.0011167274399257279 0.0039027370086769583
ABLIM1 0.0004546714249617727 0.0014957650716835272 0.0011933308111528329 0.0007306855927025597 0.0038744529005006927
TANC1 0.0016317355786764863 0.000533312173705978 0.0005421665714616145 0.001155923594649231 0.0038631379184933096
SFRS16 0.00011451568886401368 0.001791715070131069 0.0011816236647688798 0.0006456292245109031 0.0037334836482748653
CNIH4 0.0016017531544979529 0.0008646429161855544 0.000821998751805773 0.0003876555327320672 0.0036760503552213473
ZSCAN22 9.79809454336278e-05 0.001772524024645269 0.0008350291999807871 0.0009539755431526731 0.0036595097132123573
PAPLN 0.0002951069465927021 0.0014052923112875492 0.0003923237127682495 0.0014758386977543451 0.0035685616684028457
GABPB2 0.00029149890695530996 0.0016961344666908593 0.001178604084459554 0.00037404930136636946 0.0035402867594720925
PLD1 0.00024247890825705625 0.0009670952099408804 0.0006504179215221486 0.0016531327854865823 0.0035131248252066676
MMP12 0.0015957031880485823 0.0013271462697292805 0.0003124658790895457 0.00025828409805295324 0.003493599434920362
CDC42EP5 0.0006514781031477056 0.0010585090668816378 0.0008109988971258447 0.0009622890146039717 0.0034832750817591603
NCKAP1 0.00012195090257105981 0.001558066313657425 0.0006099497240805488 0.0011292166582073028 0.0034191835985163364
AP3D1 0.0002037773837203397 0.0016639971363134518 0.0009294751259674514 0.0006145207632285872 0.0034117704092298303
XPO1 0.0015278518487051277 0.0010190411942484008 0.000375962270937017 0.00047418349348933505 0.00339703880737988
C17orf90 0.0008837824129416137 0.0008279117827236808 0.0011266704929356777 0.000526055483692156 0.003364420172293128
MIR21 0.0015025312655526063 0.0004731143956257284 0.0007755082955923998 0.0005959046003959467 0.003347058557166681
LOXL3 0.0012884968511077688 0.0004566471069502825 0.0006595973648252109 0.0009319869256955628 0.003336728248578825
SNORD114-4 0.001375678607827949 0.0007389740980140033 0.0008728669946474567 0.0003393859076411096 0.003326905608130519
FAM195B 9.342430028209456e-05 0.0007002342054865198 0.0012679461010594415 0.0012498402312661402 0.0033114448380941962
CHI3L2 0.000662215096594868 0.0013432381582807625 0.00035770607556629964 0.0009469694357496728 0.0033101287661916026
MIR1272 9.760242710892987e-05 0.0015784323652317845 0.0011051268907075436 0.0005269265501966694 0.0033080882332449275
C1orf158 0.0007318164072747461 0.001314022974669668 0.0004022026087919019 0.0008431587183721194 0.0032912007091084354
C16orf81 0.000204709819547453 0.0013047569924723482 0.00048489875212227775 0.0012832740103522523 0.003277639574494331
PHTF1 0.0013566887797795972 0.0013337827303994995 0.0003330500057548955 0.00023304248328051262 0.0032565639992145046
STAG3L4 9.637299699132709e-05 0.0014771539800885196 0.0012380089955806284 0.00043259937951838133 0.0032441353521788564
TC2N 0.0009375700703073388 0.0013200737657074562 0.000331127870696196 0.0006232032100632815 0.0032119749167742726
MIR191 0.00022288790730065608 0.001517923105164075 0.0007670277694529882 0.0006147317304212843 0.0031225705123390035
DLG2 0.0012030339712892572 0.00037199979035813004 0.000494524556978122 0.00104461178451965 0.0031141701031451594
UGGT1 0.00036241731613345234 0.0012973164242369114 0.0006688500007793576 0.0007796882939871861 0.0031082720351369077
MOSPD3 0.00017113303671397877 0.0013387533599220473 0.0006254722318400278 0.0009670735986667386 0.0031024322271427924
C1orf70 0.0009554297266518109 0.0006257165468555936 0.0009271570362315211 0.0005874174400849247 0.0030957207498238503
GTF3C1 0.00026155951186672443 0.0013309644422181079 0.0011547632457135767 0.0003416251864916709 0.00308891238629008
FLYWCH2 0.00017118050513770182 0.0011015474236537573 0.0004534654397636912 0.0013524489426684377 0.003078642311223588
MALL 0.0012390443880649976 0.0008999535926422898 0.0005786625932029964 0.00034768302672344984 0.0030653436006337336
C1orf100 0.00037770307660274114 0.0013730970706203396 0.00038057103404858043 0.0009221338399245168 0.0030535050211961783
FSD1 0.0011781212819958885 0.0008845161935551387 0.0006092975201778032 0.00037472341703875757 0.003046658412767588
GRPEL2 0.00012274843065565187 0.0012365951778703977 0.0004475115687505958 0.0012078751379799727 0.0030147303152566183
RABGGTA 0.0008311175913084766 0.0006859267091724618 0.0006117292227984244 0.0008646020472848979 0.0029933755705642603
RPL27 8.035784934451859e-05 0.0013415861843820362 0.0012291902868084904 0.00033203493642667756 0.0029831692569617227
MIR1252 0.00011726723751727013 0.0013613722207222562 0.0004789218961161994 0.0010236708757801565 0.002981232230135882
SLC6A6 0.0005066213997708797 0.000933966188551507 0.0005926560770937072 0.0009460391507437813 0.002979282816159875
SAMM50 9.776310898428741e-05 0.0012901817576789828 0.0012167967151915987 0.0003422105785745211 0.00294695216042939
TMEM104 9.02369269501086e-05 0.0012977826720624145 0.0005224931454174379 0.0010361349624334773 0.002946647706863438
TAS2R42 0.00018771721918474032 0.0007745168136741162 0.0006164624819071779 0.0013668385675052492 0.0029455350822712835
PAK1 0.0005325811232411444 0.0009081677585785618 0.0007494447374085091 0.000745564074904383 0.0029357576941325984
AQP10 0.0006206238246386816 0.0006312727392485999 0.0004403310790652328 0.0012340758533649799 0.0029263034963174944
EVX1 0.001351313699697276 0.00045174992292970774 0.0007558755151667524 0.00036553517510267574 0.0029244743128964117
ZNF239 0.0011370349265036586 0.0008378879994823477 0.000553062403148664 0.0003857919426254766 0.0029137772717601467
RIMS3 0.0004515605695446111 0.000992096069854185 0.0009057101425711475 0.0005581146364297594 0.002907481418399703
NELL2 0.0009388728696500157 0.0011612719841979538 0.00036653819449547926 0.00042377715529833655 0.0028904602036417854
FOXP1 0.0008415357818335452 0.0006014021993142536 0.0006084592819555985 0.0008018794104280044 0.0028532766735314017
C16orf57 8.663673960112693e-05 0.0012093727981935859 0.001263317776701355 0.0002810622394245186 0.0028403895539205865
NBPF15 0.0007301946516112018 0.0011965546832406145 0.00031946775852389363 0.0005763950907799579 0.0028226121841556677
ZDHHC5 7.060327367756992e-05 0.0013165106139242375 0.0008894670413070094 0.0005389323245088404 0.002815513253417657
PISD 0.0002787185840767195 0.0012449704915985526 0.0004107866648831365 0.0008802498137217218 0.00281472555428013
RAB33B 0.00012104710050566582 0.000912243478598854 0.000553182556937687 0.00121508765845992 0.0028015607945021267
LRRN4CL 0.0007670052502753526 0.0011777990051274193 0.0004173018920521357 0.000424268678995591 0.0027863748264504986
CLCC1 0.0010515620010070437 0.0003345449891698558 0.0005057592261981985 0.0008930749632234004 0.0027849411795984984
PRR20E 0.0011734634624843653 0.0006967690487908376 0.0005984011567290397 0.0002762103998402476 0.00274484406784449
VARS2 0.0006144381877430771 0.0006788645542744032 0.00036817651876692884 0.0010741190213003407 0.00273559828208475
LGALS9C 0.0009618174683933428 0.0008603430384672688 0.0005001303654686587 0.00040880066887546913 0.0027310915412047396
ZFHX3 9.226422455648118e-05 0.001232272433034762 0.0010554260780646237 0.00035025018477705084 0.002730212920432918
C9orf27 6.577509456777763e-05 0.0009372451586748577 0.0012953158488285248 0.00042222470207300435 0.002720560804144165
LRRN1 0.001058886707419026 0.0005185376409961625 0.0006285142673168043 0.0005071337963955947 0.0027130724121275872
TBX4 0.0012331380984269794 0.00043174300623599675 0.0003913491098069827 0.0006476962084447643 0.002703926422914723
C17orf99 0.0009954172268106557 0.0010628229858295622 0.00037564998787929354 0.0002603445555715264 0.002694234756091038
TMBIM4 0.0001287384272982374 0.0009836182409497362 0.00039562014271250215 0.0011859795571108243 0.0026939563680713
LIN52 7.695339608605704e-05 0.0012535153617473066 0.0010043952693236321 0.00035646732803303196 0.0026913313551900275
ABTB2 0.00011215826639498819 0.0012213510730673736 0.0007879305336501219 0.0005691597017080569 0.0026905995748205402
ACOX3 0.0009211266262596871 0.0004395537120575277 0.0004640326175361936 0.0008504275686060034 0.002675140524459412
SNORD94 0.0005599545181483284 0.0009343639704565119 0.00043050398868420037 0.0007247427545708245 0.002649565231859865
LY6G5C 0.0011589575950809662 0.0010444285003063185 0.00023706284763640642 0.0002039847875491079 0.002644433730572799
P4HA1 7.767401327911147e-05 0.001127248718132879 0.0011578273352577358 0.00027735500037512014 0.0026401050670448465
DUSP10 0.00038721602853300215 0.0005457701343808152 0.0004704701272269797 0.001208877292014634 0.002612333582155431
POM121 7.81690032874212e-05 0.0012086560373325735 0.0008978420719738571 0.0004226697131760715 0.0026073368257699234
JDP2 0.001078190320310591 0.00031179135198684046 0.0006272938345300409 0.000585809440463946 0.0026030849472914184
RAB9P1 0.00018272270238910536 0.0012407784955193824 0.0005907092316370535 0.0005727683230636113 0.0025869787526091527
ZNF700 7.837210397760067e-05 0.0009047879639515653 0.00042676606050192945 0.0011718519127028473 0.002581778041133943
C1QTNF1 0.0006091727878747698 0.0007297146662223115 0.00045951589643296526 0.000742832724908975 0.0025412360754390215
ZNF687 0.00020376335861235613 0.0012173565432511049 0.0005263635972825446 0.0005916830253943105 0.0025391665245403164
FOXJ2 6.649014594784696e-05 0.001205443144228966 0.0008819367163420688 0.00038385279648653554 0.0025377228030054174
CPNE2 8.058232105372708e-05 0.0011533511421331982 0.0008673585546217204 0.0004113144690143434 0.0025126064868229887
GMIP 0.0006301601641723068 0.0011471834782197591 0.0005110289048377302 0.00021947791081826539 0.0025078504580480616
AGFG1 0.0006803190524492982 0.0006621458962647872 0.0005644549865456369 0.0005922028186770816 0.002499122753936804
FAM91A1 0.00012512605879478768 0.001036732218755538 0.0010922004358111285 0.00024146152275366647 0.0024955202361151207
PRKCD 0.00019683255117698223 0.001014187035134742 0.000509676200880472 0.0007585102783826018 0.002479206065574798
NDST1 0.00027675986540407296 0.0006344868176730241 0.00040019860071289137 0.0011672878802775693 0.0024787331640675576
GNRH2 0.0009539907452462552 0.0004100978872142347 0.0007845719490909732 0.0003283674326411348 0.0024770280141925977
LITAF 0.0008965438647509044 0.0005083656176561366 0.0005974966323499382 0.0004614507417066379 0.0024638568564636174
GAL3ST3 0.00012317690946995303 0.0010753370428227735 0.0006924721071687437 0.0005312397849638784 0.0024222258444253483
WDR38 0.0009822866230230515 0.000937319799069734 0.0002597215727360339 0.00023989577832005086 0.0024192237731488703
STK11IP 0.0001600254800956433 0.0006844536912072039 0.0004598412076964985 0.0010879888880239088 0.0023923092670232547
ALPL 0.0006675477365333706 0.000560207079800835 0.0005668653561836652 0.0005868357584023759 0.002381455930920247
LOC648691 0.00016836651974757577 0.000619269977977608 0.000495846489480285 0.0010893813103940327 0.002372864297599501
CXXC5 0.0009505325921299572 0.0002780230838253436 0.00044169472815051413 0.0006998226893061497 0.0023700730934119647
RNF138 0.00046120109432279497 0.0011002843987650349 0.00045951342869063804 0.00033232642513295713 0.002353325346911425
EGFL8 0.0002558174061625648 0.0010490436241162113 0.0003585862098033473 0.0006867279551266729 0.0023501751952087965
LOH12CR1 8.373567827597335e-05 0.001029065829497156 0.0004912123784087952 0.0007444006707271352 0.0023484145569090597
PITPNM2 0.0006919176362716194 0.0004616252208408389 0.0004770429511357499 0.0007056086586893162 0.0023361944669375244
ACSL3 0.00022541521466063578 0.0009462266634296671 0.0007295002185511058 0.00043236743713210326 0.002333509533773512
PYGO1 0.0002585776855423251 0.0008700340659058857 0.0008011404989693143 0.0003946039366944194 0.0023243561871119445
C1orf77 0.00017932046382659674 0.0009134102681667497 0.0004082748425986188 0.0008126399428378265 0.0023136455174297917
CLK2P 0.0008031435404056762 0.0006390180277911478 0.0004975360997596026 0.0003278341731743527 0.0022675318411307798
RRBP1 7.130360718802266e-05 0.0009456244007171726 0.000449519695675802 0.0007997808171125199 0.0022662285206935173
TWF2 9.167821705594105e-05 0.001009867964975541 0.000651442281689274 0.0005083685327776266 0.002261356996498383
NEIL2 0.0008987487011027914 0.0009337440466485496 0.00023397492477466951 0.00017594674440158777 0.0022424144169275986
ATP2B4 0.00028646055202707487 0.000985258545807431 0.0004245877846778846 0.0005332319850560114 0.0022295388675684018
GJC2 0.0009633454097381334 0.0007713140648825603 0.00026845559998180606 0.00022326777871117362 0.0022263828533136735
TP53TG3B 0.0008938383538952277 0.0006580978525231773 0.0003895746393949653 0.00028354251044431867 0.002225053356257689
ETFA 0.00013347157497612904 0.0008411113823746612 0.0003644725048971044 0.0008805932731273212 0.002219648735375216
ZNF589 7.830456220852305e-05 0.0006745627303716169 0.0004362899394764544 0.0010233291545360098 0.002212486386592604
ITM2C 0.0001712159857889802 0.0005911291423588338 0.0004084445196485588 0.0010222160808518773 0.0021930057286482503
SPAG6 0.0008890448880644551 0.0002776840540868142 0.0005109586726477095 0.0004999185838518835 0.0021776061986508626
C1orf163 0.00032740484636563247 0.000996063709964891 0.00032343966297130184 0.0005301980325241144 0.0021771062518259397
HNRNPF 0.0008491285109006342 0.000664017445561824 0.0003270275608129239 0.00033565666428886576 0.002175830181564248
MIR627 7.46441077155358e-05 0.0009991123532719615 0.0004606431486399422 0.0006339187504285181 0.0021683183600559575
RNF144A 0.00016121523657123188 0.0008588582557684879 0.00041588179476563747 0.0007304585944028593 0.0021664138815082165
C2orf84 0.00081510209577934 0.00026108430201955636 0.0003833015128011187 0.0006893216217269743 0.0021488095323269896
MRPL52 0.00026397892461782306 0.0009644456960397861 0.0005667219835815363 0.00034320321109486537 0.0021383498153340107
RND1 7.5961878320479e-05 0.0008376031204060125 0.000842339160942615 0.00037769097831518594 0.0021335951379842922
RABIF 0.00013438461201708667 0.0008817171320801296 0.000584710854967609 0.0005263459398485935 0.0021271585389134188
CYHR1 0.000111880777500745 0.0009294789023852201 0.0005766680226705637 0.0004996525299454898 0.0021176802325020188
CRYGD 0.0008868322246977612 0.00027194572568601963 0.00036449763874989643 0.0005837062105519509 0.0021069817996856284
ZMIZ1 0.0007288212913465274 0.0008606889804986029 0.0002785042777939466 0.00023818631246550937 0.0021062008621045864
NUMA1 0.00021231226784401347 0.0004990481101519315 0.0004653523663867917 0.0009256090476542075 0.002102321792036944
S100A2 0.0004670647403530727 0.0006265577711819011 0.0004175212854587216 0.0005888046849791186 0.002099948481972814
PIK3C2B 0.0002940466287966309 0.0009200182199939608 0.0006085173225938151 0.0002625569104633519 0.0020851390818477588
E2F6 0.00020311244185528365 0.0008394152064722653 0.00041333036206028936 0.0006261412153374849 0.002081999225725323
SEPT8 0.00012563561900407638 0.0003246072641884596 0.0006469745402828506 0.0009792720489847457 0.0020764894724601326
HOXC4 0.0008790765894129339 0.00019567747296732538 0.0006433961859127829 0.00035196534617321724 0.0020701155944662596
FKRP 0.00011233785724528315 0.0009190381510695422 0.0006197713564314446 0.00040553902859725933 0.0020566863933435295
MANF 6.834060858233726e-05 0.0009303028461337879 0.0007055862734614459 0.0003478589070160422 0.002052088635193613
TMEM51 0.00043848606312467495 0.0005119287159343802 0.0004986006456968939 0.00059684891457989 0.002045864339335839
PPP4R1 0.0001670780207098021 0.000986434386174906 0.0004950909514900427 0.0003966624290948796 0.0020452657874696304
ZNF790 0.00010713831023568196 0.0009187327247572322 0.0006861595678944877 0.00032281384109838693 0.0020348444439857887
SNX16 7.745248370324119e-05 0.0009766074933973308 0.0004983354447071792 0.0004822274303196663 0.0020346228521274175
VASH1 0.00022801499329096626 0.0008373092039721953 0.0002966976479155316 0.0006681143202966133 0.0020301361654753063
MUM1 5.5682906766633086e-05 0.0003828724709704804 0.0006176820894291512 0.0009648098196210389 0.0020210472867873037
CLDND1 8.007742186494315e-05 0.0009203045106234507 0.0005611785498078626 0.0004555405433480925 0.002017101025644349
MYH10 0.0001890298274706931 0.0004966005100103504 0.00047822003919549343 0.000848067901886013 0.00201191827856255
SLC25A16 6.110418816877821e-05 0.0008261506186722951 0.0008589773842868108 0.0002554535886246299 0.0020016857797525143
SLC2A8 0.00017922659406882446 0.0001834051062144213 0.0007206959420495199 0.000901206429757904 0.00198453407209067
SLC44A5 0.0005628486295181577 0.0004314816315701688 0.0005294243119619773 0.00045801880791707046 0.0019817733809673744
P2RX6P 0.0007110190505136465 0.0004412024900810528 0.0005143766894640453 0.0003145289684142736 0.0019811271984730185
CREM 6.852753162313472e-05 0.000893908278191177 0.0005339861668666068 0.0004792633524171361 0.0019756853290980544
ZBTB1 0.0002742391556183728 0.0007201986258124656 0.0005446652702132974 0.00043220345137357126 0.0019713065030177073
LOC100132354 0.0007581004078212314 0.0006368901648335536 0.0003432261524828646 0.00023171612425513193 0.0019699328493927816
LPP 0.0006223414525261387 0.0003881389821499163 0.00036555318683705745 0.000588239662105716 0.0019642732836188284
FAM131A 0.0006079020562747716 0.0008567718913799649 0.0002772782861188929 0.000219258542585481 0.0019612107763591104
IRF1 9.04226720994319e-05 0.0009168835549229922 0.00048238063760836045 0.0004683347797936197 0.0019580216444244044
HAPLN2 8.238086862297583e-05 0.00036461771504489154 0.0005818131035630581 0.0009218815300456699 0.0019506932172765955
DMP1 0.0005124067800031863 0.0007182493898392377 0.00032453808863502535 0.00037747139064131524 0.0019326656491187647
DDB2 0.00021539124100744276 0.0009098394611338536 0.0003753997450003466 0.0004279543597736228 0.0019285848069152656
ZNF248 0.0004654559906916533 0.0006657442984034568 0.000496325069451129 0.00030054204667173586 0.001928067405217975
COMT 0.00043335611472616035 0.00038269430841375736 0.0003908701623292229 0.0007196801426047517 0.0019266007280738923
SCG5 0.0007648556172515844 0.0002578543415521781 0.0004094508002894944 0.00048409583937682416 0.001916256598470081
THRAP3 7.276028281445213e-05 0.0009158636086687557 0.0005166105184713156 0.00040829738908898386 0.0019135317990435074
SEC11C 0.00022909910533877443 0.0008919421946056501 0.0003901779951107492 0.0004001438126229011 0.001911363107678075
KIFC3 0.00024297491910712528 0.0005695140659401787 0.0002684524868954434 0.0008276029982255574 0.0019085444701683048
C15orf51 0.0007140913710089238 0.00035437068474593683 0.0005370444717614504 0.00029390206718265746 0.0018994085946989685
CHMP4C 0.0002296752188042295 0.00037213103348487605 0.0004239680388961311 0.000870759709569901 0.0018965340007551378
C4orf47 0.000642283023115326 0.0004284738785053208 0.00031222814658269846 0.0005087370064149857 0.0018917220546183309
SGCE 0.00021874589358480403 0.0008290460676005793 0.0003342755543065951 0.0005007625675122399 0.0018828300830042183
ACTL6A 9.774217452630098e-05 0.0005263360424546565 0.00038759889556400876 0.0008706591494104354 0.0018823362619554017
HOXD4 0.0006720104558060505 0.00034742505247743256 0.0003005299343961379 0.0005456007527366421 0.001865566195416263
BLVRA 0.00020249120804738152 0.0007215419390267099 0.00036498526326657837 0.00057543489916062 0.00186445330950129
POPDC2 0.0003223614673945392 0.0007994973506900996 0.0005140898731055765 0.0002261922472843473 0.0018621409384745626
AGAP11 0.00036341528948989225 0.0007416337148305267 0.0003758574756616799 0.00037611162881691113 0.00185701810879901
ALS2CR11 0.0007720874439999708 0.0002608534621101414 0.0004795878097545246 0.00033945783938766624 0.001851986555252303
LYPD3 0.0006847429540213349 0.0002871472678005105 0.00034328153132871174 0.0005322144653137134 0.0018473862184642705
ANKRD11 0.0005316779727696045 0.00041679320858187393 0.00048255169371001105 0.00040350253175492235 0.0018345254068164118
ZSCAN12L1 0.0006639184653607548 0.00026523690279705735 0.0004745122769286024 0.00042835857277962386 0.0018320262178660384
CDCA4 7.289744255299225e-05 0.0005071376043994544 0.00044930079067303727 0.0008009201374514141 0.001830255975076898
SNORD46 0.0005043657429786884 0.0003573031194166132 0.00028527055700677 0.0006697110786212312 0.0018166504980233029
SLC2A14 0.0007683225786673893 0.00019564508312537175 0.0004862455577237007 0.00035080489449820014 0.001801018114014662
POLR3C 9.157414581149325e-05 0.0007479729711307937 0.0006391290593636729 0.0003079535857328057 0.0017866297620387655
LIMS2 0.0004315810724261612 0.0006998098004514122 0.00028433364555247075 0.00036675972960533636 0.0017824842480353806
AHNAK 0.00010919388833484896 0.0007525926064559269 0.000432401820140122 0.00047754140368015934 0.0017717297186110573
MIR1185-1 0.00043219480865384457 0.0006698495897940306 0.0003217524039277749 0.0003231405521305907 0.0017469373545062408
NAT15 6.94304874535383e-05 0.0007695021243164206 0.0006206637666362389 0.000286267018496132 0.0017458633969023299
HDAC2 0.0002476228008202002 0.0008011626932887636 0.0003774558896504631 0.00031699052564147676 0.0017432319094009038
DZIP1L 0.00033956894726140153 0.0004487078371989025 0.0005103861077064731 0.00044113368606387446 0.0017397965782306518
WDR18 7.468772684298089e-05 0.00030619318066948525 0.0005785389161904255 0.0007794791258868396 0.001738898949589731
ZNF622 8.774611370422358e-05 0.0006735134151458747 0.00030063001465955653 0.0006666002715341261 0.0017284898150437809
METTL13 0.00011155573030987162 0.0007356781163963652 0.0004302830941739854 0.00045072130195664237 0.0017282382428368648
C4orf41 0.00029086487132696034 0.0007009933713943491 0.000510314079527846 0.0002076390783789503 0.0017098114006281057
AAK1 0.00017752502821322802 0.0007768682896744395 0.0005337598179172367 0.00020859313097107307 0.0016967462667759775
HMBS 0.00012276228003284617 0.0007445681296238818 0.0005753534391031879 0.0002489675718450173 0.001691651420604933
C20orf30 0.00034848522354327487 0.000697677784610401 0.00040712618616882575 0.00022780224322022438 0.001681091437542726
LOC340017 0.0004947057455796036 0.0005098658841525004 0.00034095336819674074 0.0003279374985679191 0.001673462496496764
GUCY1B2 0.0006624317155382874 0.0003701420762645811 0.0004263048078102733 0.00020589161805166324 0.001664770217664805
MRPS18C 6.898438556971173e-05 0.0007342197496596813 0.00043910849170424065 0.0004197756094171852 0.0016620882363508188
NEURL3 0.0006000025271861509 0.000431555704983942 0.00036221418135729374 0.0002676858254232096 0.0016614582389505963
FAM186A 0.00021292851252784913 0.0003898274890686632 0.0003251309210687215 0.0007299671569048647 0.0016578540795700986
RPRM 0.0005869196880961993 0.0004232528233139523 0.000378197905911282 0.0002686095042152867 0.0016569799215367202
LGTN 0.0006389908573856514 0.0003731316791899425 0.00027999157068042126 0.00036199436560344815 0.0016541084728594634
PRL 0.00047034267809724915 0.0003607735672896678 0.0004725299578385714 0.000349955027925734 0.0016536012311512225
LPIN3 6.199783069875896e-05 0.0005293293817981939 0.0003440317634382397 0.0007155335519352172 0.0016508925278704099
PKNOX2 0.0006283497473619563 0.00031690536339272783 0.0004819838121756331 0.00022123050116751338 0.0016484694240978305
LRP5L 0.0002629109660858488 0.0005178696040978472 0.000531828422603678 0.0003104490698684438 0.0016230580626558177
ZNF639 0.00010702766978560353 0.000503611004335233 0.0003274687055099364 0.0006842900122883477 0.0016223973919191207
TBXAS1 0.00043383227080957733 0.0004161860130616637 0.00029416603156841287 0.000475707953625467 0.0016198922690651208
MAPRE1 8.468599564829628e-05 0.0004465446964557349 0.00040982585928305855 0.0006721287870051116 0.0016131853383922012
DOPEY2 0.0001430363012205656 0.00031742700330025624 0.00040219902038495376 0.0007487314285654493 0.001611393753471225
SLC47A2 0.0007041759056591112 0.00039344452476781564 0.00029993878650915785 0.00021036273559661722 0.0016079219525327018
PPP3R1 0.0005622567978821248 0.0005279274623260588 0.0002832830536836807 0.00023013762176852403 0.0016036049356603886
KLHL29 0.00019398004704265732 0.0007233809551426798 0.00027161190249947516 0.0004132275809502194 0.0016022004856350316
PAX6 0.0002815781768544636 0.00026343711123035684 0.0003771630444215928 0.0006794739414917651 0.0016016522739981782
NACAP1 0.000365700058379449 0.0003053233072347544 0.0005041728150213341 0.0004253190929351891 0.0016005152735707267
SLC25A46 0.0003753414835451921 0.00029970269353062133 0.0003614272868232311 0.0005619359409536444 0.001598407404852689
NID1 0.0003148901864526935 0.0004491442609070237 0.0005251166630646232 0.00030868193565584034 0.0015978330460801808
GPRIN2 0.0004356058461555661 0.00034001543273087115 0.0005419235311917624 0.0002779138052117555 0.0015954586152899552
GAS2L1 7.119643459466325e-05 0.0003809186211612482 0.00046199032900901503 0.0006778430064458273 0.0015919483912107536
PKMYT1 0.0006350858620146292 0.00021601606373959902 0.0004106298778898507 0.0003238520359093178 0.0015855838395533966
PLA2G2A 0.0006541653920558125 0.00045261415920577156 0.00026934490193455745 0.0002036206487572534 0.001579745101953395
BCCIP 9.839953858980564e-05 0.0006591464327365594 0.0002634823029587926 0.0005566307958014486 0.0015776590700866064
PRR15 0.00022153952368487856 0.0006864270010650379 0.0002703061586703085 0.00038635227034845 0.0015646249537686749
TXNDC6 7.407675722161672e-05 0.0006117185732555408 0.000678532342795046 0.00019953128515816037 0.0015638589584303637
ENO1 0.0002633893889815241 0.00046096700381573306 0.00028783382307470006 0.0005456926675733839 0.0015578828834453412
IER5L 0.0002168130981099683 0.000689156544358389 0.00042809716494076515 0.00022270800499448658 0.0015567748124036091
SNORD58A 0.0002632282678937019 0.0006595245786986805 0.0004544352213596877 0.00017913234975135869 0.0015563204177034288
ZFP62 0.00017215051535415652 0.00047695644336312947 0.00032800719690266134 0.0005754729963277658 0.0015525871519477131
IRF2 0.00012075063094628687 0.00039497669654744354 0.00039803457834011356 0.0006357833337353082 0.001549545239569152
PHF1 5.732373969220525e-05 0.00035286199830410046 0.0005110957514577838 0.00062806920641862 0.0015493506958727096
BCL3 4.872494249961211e-05 0.0006909065588765246 0.00044306004941441543 0.00036504994460534316 0.0015477414953958954
C4orf31 0.00016855895100515556 0.00038587865879406583 0.00039606670887429725 0.0005955981921373791 0.0015461025108108976
CTXN3 0.00028387355865893294 0.000357316580067463 0.00044252363296081473 0.00046015476207872396 0.0015438685337659346
OR9Q1 0.0005063291086580795 0.0003299885731527938 0.0004399653395798906 0.0002653576930275462 0.00154164071441831
SLC38A2 5.594441405267342e-05 0.0004955667610339837 0.0003546492467559768 0.0006311786635525843 0.0015373390853952182
ANAPC11 0.00019873406613296298 0.0007072649119313312 0.0003553931084560436 0.0002720505551728357 0.0015334426416931735
E2F2 0.0005292446020445174 0.0002477767254019473 0.0002751178190625538 0.00047439903229825556 0.0015265381788072741
HNRNPD 8.286604091990122e-05 0.00058272104004042 0.00026824542831397534 0.000591261146352961 0.0015250936556272575
ZNF167 0.0005673234552110953 0.0002462373671875529 0.00037416925049088475 0.00033617347932537263 0.0015239035522149054
ACTR3C 0.00038754962165385675 0.00043568856126425994 0.0003962085365989003 0.0002862787169533144 0.0015057254364703315
FAM196A 0.00028425133427396616 0.0004412207160021277 0.00029600426902373747 0.00048155956619466987 0.001503035885494501
SNHG9 0.00022549839466232008 0.0002835854104108559 0.000344522642417911 0.0006408538112022775 0.0014944602586933644
KIAA0528 0.00036214952256026446 0.0003338636261291588 0.00028513951326909943 0.0005132416993513949 0.0014943943613099175
LMO3 0.0004591899255249799 0.0002935515962268613 0.00047878508526119607 0.0002612976233000731 0.0014928242303131104
GPNMB 0.0003950640024269197 0.00040315022694382356 0.00035008316361036495 0.0003445265909018065 0.0014928239838829147
NOLC1 0.0002948152576098928 0.00041867653447421336 0.000386947741456135 0.00039010672286935875 0.0014905462564095999
PSMB8 0.0005355023969870278 0.0003825344223180342 0.0002975989744296934 0.0002679842876243079 0.0014836200813590633
ZKSCAN1 9.347267010726173e-05 0.0006374160815503686 0.0003996564951303301 0.00035034671363440306 0.0014808919604223634
RTBDN 0.00011939304629569807 0.00038082263008281964 0.00032297178833000037 0.0006574751823364736 0.0014806626470449916
MELK 0.0001728021899557931 0.000393340868052955 0.0002966426489355664 0.0006161835296585956 0.0014789692366029101
MC4R 0.00021070300540943372 0.0004110140376988924 0.0003517607591306515 0.0005054703551729197 0.0014789481574118972
TMEM188 5.1876156229527974e-05 0.0002478503566568118 0.0005155372859473713 0.0006572708335626512 0.0014725346323963624
OR8D1 0.00023948398327449275 0.00044714029079515516 0.0003185847100866991 0.00046682679239103494 0.001472035776547382
LOC285796 6.830533887849644e-05 0.00019214335184721747 0.0005810434342771048 0.0006258902013677641 0.0014673823263705828
MRPS23 0.0004332313291201863 0.0003093097689917738 0.00023971051470928224 0.00048486977799942624 0.0014671213908206688
FCGR3A 0.0006191823758209423 0.0004976634066463477 0.0001830229002896929 0.00016532336751507395 0.001465192050272057
RALGPS2 0.0003470166499151962 0.000390299722571838 0.00029391010651620047 0.00043247978412680476 0.0014637062631300394
LARP4 0.0003839678957591829 0.00020865963772384905 0.0002585282949245384 0.0006041660070399341 0.0014553218354475045
HACE1 0.000303719512489542 0.00022851706195828276 0.0005474086306331857 0.00036905636864398457 0.0014487015737249952
HMGXB3 7.976987558023637e-05 0.0006714524970833502 0.00040641307187673026 0.00029042402002273256 0.0014480594645630493
COPS3 7.845207738822377e-05 0.00040607130732772613 0.0003941679689447483 0.0005655549489649436 0.0014442463026256417
GRHL2 0.000477108969551683 0.00019182366879585413 0.0003446562286809972 0.0004268456662031876 0.0014404345332317218
DDX42 8.053537024236498e-05 0.00038135835234974323 0.00031230129279426243 0.0006646746958952228 0.0014388697112815935
SLC39A3 5.694072741763064e-05 0.0005805696189593768 0.0005873706877197991 0.00021397006553657488 0.0014388510996333813
ERRFI1 0.00025933639300745333 0.0005408993403526754 0.00043355613202071037 0.00020126655009481943 0.0014350584154756586
NSA2 9.731902575167413e-05 0.0005058901185232844 0.0004085714719149965 0.000423148397159624 0.001434929013349579
MMP7 0.00035382008694879996 0.00041277120972739385 0.00032648051040603155 0.000339203894659587 0.0014322757017418124
DLEU7 0.0005166746796665038 0.0002600932193515854 0.0004220086642518126 0.00022555972280009887 0.0014243362860700006
MIR365-2 0.00010529986707810036 0.0006276288816609431 0.0002613381996326338 0.0004276776823301352 0.0014219446307018125
C15orf39 0.00011194294590273493 0.0005172277812496571 0.0005764887456837357 0.00021042126991274805 0.0014160807427488758
MTCH1 7.380512550004256e-05 0.00042613060989903334 0.0005300974525529323 0.0003848983222045514 0.0014149315101565597
URB2 6.991345540171935e-05 0.00024528253366879426 0.00042795282973711506 0.0006716819436867744 0.001414830762494403
DBF4B 0.0004588209731409795 0.0002549520160953442 0.00024602565650195076 0.00045398611626082874 0.001413784761999103
MEOX2 0.00041378822405426007 0.0002802876949502703 0.0002972508978506141 0.00042179175366352983 0.0014131185705186745
BMPR1A 0.0001119568808994326 0.0005104548087658409 0.00029865674717254075 0.0004916986649814009 0.001412767101819215
SFRS18 7.120746782191075e-05 0.0004667822518601269 0.0006024613177283476 0.0002705724155403661 0.0014110234529507515
BLCAP 0.00010387084269329544 0.0004661014853197838 0.00023684972686302332 0.0006040097736932355 0.0014108318285693381
GYS1 4.272325376442874e-05 0.0006364679731128227 0.000270038394864148 0.0004600175003007861 0.0014092471220421856
TRIM61 0.00026612213810362666 0.0004254543548168641 0.00029507324216658125 0.00042154880690748847 0.0014081985419945604
TOPBP1 7.894362413817373e-05 0.0006417527952224565 0.0002910099297031524 0.00039073296361508846 0.001402439312678871
BIN1 0.0001234757695088583 0.0006485105510828954 0.00035389788273303184 0.00027351884631167704 0.0013994030496364625
DDX39 6.140922386990882e-05 0.0003396462969572596 0.00041615910669303156 0.0005817806322727014 0.0013989952597929013
RPL18AP3 7.057857509716267e-05 0.0003638698944354653 0.00036447761534261864 0.0005958694496215814 0.001394795534496828
WRNIP1 7.278717953943672e-05 0.00021473034460049175 0.0004790613003797594 0.0006278653199414591 0.001394444144461147
C5orf15 8.905510195874686e-05 0.0004155533497846926 0.0003519983435886592 0.0005312693881603636 0.0013878761834924622
PIGT 0.000355423165174714 0.0003262927588338954 0.0002719391430833126 0.0004333512287497435 0.0013870062958416657
FGFR1OP 5.741973016037814e-05 0.00027291684462532286 0.00040972464872308456 0.0006457399604124931 0.0013858011839212787
LDB1 0.0005487606679046153 0.00048329180036845506 0.0001891908460592029 0.00015885460690809555 0.0013800979212403688
IVD 0.00034982980297159716 0.0003394687299638328 0.00039027962215709916 0.0002960298456261204 0.0013756080007186495
FSTL4 0.00018523132793793403 0.0006029184924369745 0.0004099877908875675 0.00016760264016958118 0.0013657402514320573
PTBP1 6.400814385051333e-05 0.00033673022298620603 0.00046057616950326573 0.0004977818197931916 0.0013590963561331767
ID2 4.402150936168047e-05 0.0003347467038202107 0.0003927707202886346 0.0005863110545505974 0.0013578499880211232
PRR23C 0.00034372313232127556 0.00029286816190203784 0.0002862636866942811 0.00043457515321250874 0.0013574301341301033
UBE2H 5.7912348987959906e-05 0.0002097325102594025 0.0005172729160950318 0.0005725101988066374 0.0013574279741490316
SLC26A6 6.316830619955013e-05 0.000579090428786406 0.0003126827785584916 0.0004011612905176289 0.0013561028040620768
LOC401431 0.00010626407689155257 0.0005381576028993089 0.00041599300322668544 0.00029204817856080784 0.001352462861578355
SESN1 0.00020745339132436725 0.0005931531242361658 0.0003183741746519816 0.0002326236837692696 0.0013516043739817843
ZBTB22 0.0003373201932530394 0.0005896357036019567 0.00023036704871852326 0.00019301502973909085 0.0013503379753126103
NDN 0.00029173429850519754 0.0005693966287573096 0.00024507144555034773 0.00024141790060398997 0.0013476202734168448
TIPIN 0.0002546909299198331 0.00030572578546357766 0.0003192783992471823 0.00046716160306852633 0.0013468567176991193
RG9MTD2 0.00013352105552957033 0.00022299432937326031 0.00038200896269346616 0.000602940345708438 0.0013414646933047347
C12orf51 0.00016294179270895896 0.0004784906080407485 0.0003595221671940958 0.00033677748690107145 0.0013377320548448746
GALT 5.623317017585827e-05 0.0006149540883813573 0.00035792156309171933 0.0003060765797254578 0.0013351854013743925
SIN3A 0.00014113592817818904 0.0005605324503811338 0.000234933524343575 0.00039746110860112234 0.0013340630115040203
ZFAND2A 5.999702657773045e-05 0.00013449687113895539 0.0005709656681335659 0.000563361560089251 0.0013288211259395027
ABCA4 0.00011774941033469671 0.00020918300997088834 0.0003937939439870246 0.0006060584951498441 0.0013267848594424537
GDF1 0.00019520854621971623 0.00036072633822846446 0.00022024319866589278 0.0005409184102093607 0.0013170964933234342
RAB22A 0.0002445727662987693 0.00018801591723755886 0.0003848969233821835 0.0004955316580925993 0.001313017265011111
MKNK2 0.0003054700361267767 0.00017080447276268272 0.00028608450312626887 0.000549134618010094 0.0013114936300258223
LOC100128640 4.7588590670501774e-05 0.0005114923254484142 0.0003893382214166803 0.0003605133517256139 0.0013089324892612102
CTBP2 0.00035438487693011946 0.0002864131756974701 0.00036308214296492823 0.00030326551837932443 0.0013071457139718422
NEDD1 0.00034806436534800774 0.00033932669189594016 0.0003330203532454808 0.000284801595520575 0.0013052130060100036
USP53 0.00032101381258898784 0.0002687379457841536 0.00024844984341929315 0.0004621381968283166 0.0013003397986207513
LGALS9 0.00037423454825938313 0.0003155767174808667 0.0003383043423565991 0.0002695989621645602 0.001297714570261409
TXNRD3IT1 7.01125215178886e-05 0.0004351309842203415 0.0005411667308341721 0.00025097932525719067 0.0012973895618295928
DDR1 0.00012863407788644559 0.0004414569617098383 0.0002562559429054643 0.00047006512956978294 0.0012964121120715311
GGN 0.00033043603838595493 0.00018864112579989172 0.00027977342860145915 0.0004902312342209331 0.0012890818270082389
LOC441869 0.000230032490528486 0.0005166682860860456 0.0002899445031793998 0.0002489617324643478 0.0012856070122582793
CEBPD 6.61643948644742e-05 0.0005074204537538028 0.00026164946614583827 0.00044980427902056847 0.0012850385937846838
FAM103A1 7.104448771153714e-05 0.0002360371666407205 0.0005268975548358589 0.0004508380003735753 0.001284817209561692
ZNF438 0.00038068001969631846 0.00034888775120140906 0.00029094920179060184 0.00026201991090357804 0.0012825368835919075
BHLHE40 3.7166337132350604e-05 0.00027299775312497447 0.0003886484155344157 0.000579192642615161 0.0012780051484069018
MBD6 7.703571957263098e-05 0.000520817860583978 0.0002580155727504549 0.0004196178796401949 0.0012754870325472588
YAP1 0.00010097077974467075 0.0005320378895049701 0.00042586330123796525 0.00021511288504394302 0.0012739848555315492
RILP 5.144453223879696e-05 0.00027102534052562 0.0003614777106053668 0.0005895082089474699 0.0012734557923172536
SRPR 5.555721417047756e-05 0.00048529593488617315 0.00021259612708239383 0.0005186379699435255 0.00127208724608257
MIR1178 0.00041670109532019434 0.0002104160471740351 0.00018281953346323235 0.0004604117250291037 0.0012703484009865655
C2orf65 0.0004609239108133088 0.00015390486981239326 0.00030463398954854766 0.00034948619403328595 0.0012689489642075356
NR2F6 9.726642583586212e-05 0.0002712746136911849 0.0003606149750692645 0.0005375056884165421 0.0012666617030128535
CRHR2 0.0004966221393704589 0.0002426201965565424 0.00033172616304957576 0.0001926554936381106 0.0012636239926146875
DEGS1 0.000416010896056166 0.0001607532942351019 0.00026756631335744617 0.00041530240175966985 0.0012596329054083838
C14orf133 0.00010000835050642549 0.0005702157470648806 0.0003974942076075794 0.00019183715950206356 0.001259555464680949
RBM47 0.0001131385058333383 0.0002860555887820473 0.00033890312224243795 0.000518575923969742 0.0012566731408275656
PPWD1 5.59004592821124e-05 0.0005278536264911436 0.00043137466889861065 0.00023748678125333025 0.0012526155359251971
SH3BP4 9.404989913822699e-05 0.0005682631145660112 0.0003255257271024783 0.00026460729269223144 0.001252446033498948
RFWD2 0.00013017373085719202 0.0005517753303927174 0.0002653255884995587 0.0002965103294985766 0.0012437849792480448
BRCA1 0.00019675279194650394 0.0005469414772352935 0.00022444395673499551 0.0002710862142540517 0.0012392244401708448
CHRNA10 9.421626670916748e-05 0.0004711341584989597 0.0004824805761668453 0.00019104902777871492 0.0012388800291536872
PSMD13 5.072122051278753e-05 0.0005345191088255984 0.0003166953638720721 0.0003342728944772277 0.0012362085876876858
DEPDC1B 5.910060073073043e-05 0.0005037234802500013 0.0005023626918256182 0.0001702136122184457 0.0012354003850247955
PDRG1 4.8101276221983165e-05 0.0001534242055634976 0.0004740474850430695 0.0005584529384641895 0.0012340259052927398
STAG3 0.00033150076782501243 0.000242619801939625 0.00040410680380257495 0.00025289602687267093 0.0012311234004398833
CRTAC1 0.0004289753919087281 0.00020817891616535964 0.0003166370411536164 0.00027629458854867974 0.0012300859377763838
RAB1B 0.00013536287504188827 0.00023160729808753092 0.0003198218330549316 0.0005425453263805173 0.001229337332564868
ST8SIA3 0.00046773905097405083 0.00016949043508653012 0.0003339276941688967 0.0002545848327741106 0.0012257420130035884
C2orf50 0.00035875021374349715 0.00019649538579515944 0.00041528960075450425 0.00025419071415758415 0.001224725914450745
RPTOR 6.502740442755935e-05 0.0004844487700699636 0.0002650527195294136 0.00040981164320033956 0.001224340537227276
YWHAZ 0.00025046329155311805 0.00021040084865304721 0.00028022887336642984 0.0004791100380446249 0.00122020305161722
ZNF24 0.00011433954463445448 0.0005205592626890624 0.0003027620614171046 0.0002812483640842827 0.0012189092328249041
PDE4C 0.00015399311051123363 0.00040497846365943003 0.00041117669604520343 0.00024807645591392506 0.001218224726129792
SMPD3 0.0001651595565831851 0.0005316388082213222 0.0002376641890360486 0.00028223779596134774 0.0012167003498019036
RCCD1 0.0002703480728274856 0.0003594404255115826 0.0003301370600699221 0.0002558935118043328 0.0012158190702133231
FDX1 4.322724224733928e-05 0.00021518945089563627 0.0003924755048671998 0.0005645685192273764 0.0012154607172375517
IARS 0.0004863140802523314 0.00037532978345959606 0.0002164090403818516 0.00013685821662614168 0.0012149111207199208
POLR2D 0.00029911851945203094 0.000164147974069498 0.00023415684386312997 0.0005094762260934601 0.001206899563478119
CDK4 4.8176402765009327e-05 0.00047392965392313596 0.0005139801212128517 0.00017019747973475195 0.001206283657635749
FAM53B 7.41211564739287e-05 0.000552672795383388 0.00032342583599445586 0.0002552096578153249 0.0012054294456670975
ENSA 0.00013370286576828053 0.0005269462643925837 0.0002161957505126483 0.00032459736737902665 0.001201442248052539
YIPF5 5.4669394497330664e-05 0.0001748399471642685 0.0005010052448603479 0.00045930890519733057 0.0011898234917192777
PDXP 0.00014831351345028653 0.0004642307752959952 0.000315152759597299 0.00026192533897195216 0.001189622387315533
EZH2 8.273158920608559e-05 0.00028190479437599145 0.0002789634451457077 0.0005454293774371949 0.0011890292061649795
ZNF696 9.205697872935871e-05 0.00027689424425595197 0.0002890383877195956 0.000526448413042184 0.0011844380237470901
LOC284749 0.000257787442365317 0.00024611135077389504 0.00036413183821707264 0.00031244702178501876 0.0011804776531413035
MIER2 0.00010026450438591705 0.00033617251945235703 0.00028178227511964636 0.0004592413932418349 0.0011774606921997554
HIST1H3G 0.00028352625241197417 0.00020332006790988057 0.00029917435832615605 0.00038704398329067957 0.0011730646619386902
PRR14 0.0002764331018989067 0.00015672481982859375 0.0002624934979562037 0.00047720549179855367 0.0011728569114822578
PRKACA 0.00014942141458802136 0.00019436498346737528 0.00042264080180152796 0.0004028622981434864 0.0011692894980004109
GGT1 4.7613789370501825e-05 0.0005219546318184444 0.000272569646157084 0.0003187383607389829 0.001160876428085013
LOC284788 0.00019987058529367209 0.0004645875697291887 0.0002552593660445684 0.00023891506911434792 0.001158632590181777
TRPV1 0.00012691434156267392 0.00046818675934230626 0.00039577784228240424 0.00016603494303214442 0.0011569138862195286
KIAA1712 0.00023339454858692312 0.00034637666204411784 0.00024228053684933 0.00033119885368501455 0.0011532506011653857
AGFG2 0.00011025664430811368 0.0002239363936086564 0.0003029730943759744 0.0005120491615934048 0.0011492152938861492
FAM114A1 7.138136194264838e-05 0.0004917699448917646 0.00036766125526695365 0.0002172826967404395 0.001148095258841806
CDK13 0.0002728987507231259 0.00046855770958714624 0.00020319837101944585 0.00019965060852515938 0.0011443054398548773
ADD1 5.4594513392415785e-05 0.00034403883572969656 0.00024018197970618592 0.0005043888532522145 0.0011432041820805127
IKZF2 5.084454680334229e-05 0.00046543304915466055 0.000443760627727586 0.0001783229523593063 0.0011383611760448953
MIR376B 0.0003253665108791038 0.0001921626415568904 0.00038420877635653514 0.00023581392924205066 0.00113755185803458
RANBP2 0.00019927665353915627 0.00048579712437072287 0.00024171445281282876 0.0002085230497767736 0.0011353112804994815
LOC729156 8.703410222257369e-05 0.00045663039176875467 0.0004197337020365903 0.00017123313107474423 0.0011346313271026628
CDAN1 0.00021250303544374072 0.00047636671975805447 0.0001920637071481106 0.0002533596603798501 0.0011342931227297558
C7orf29 0.00016040518741742958 0.00024723768627987665 0.00026078474689905255 0.00046489910014602614 0.0011333267207423849
FREM1 0.00021837881548968297 0.00031375658809770074 0.0002623235634694198 0.00033658277455409587 0.0011310417416108996
MEI1 0.0001261454011402581 0.0001643235453221542 0.00036541143525159686 0.0004742001739859492 0.0011300805556999584
LOC284798 0.0002599013269576389 0.000289017031940187 0.00025956034216204315 0.0003207333113556677 0.0011292120124155368
SH3D20 4.739079942741112e-05 0.0002193739473100586 0.000353530921701046 0.0005057936270227053 0.001126089295461221
ATG16L1 5.7003310819425126e-05 0.00038907328245543483 0.0004997821539053826 0.00018005174699971973 0.0011259104941799623
MPPE1 6.699494812120422e-05 0.00045218690576020527 0.000255730261484548 0.0003501870214713074 0.0011250991368372649
SPOCD1 0.00033916636353956283 0.00025611292460494 0.0002177224873274269 0.00031132276047402707 0.0011243245359459568
ELMO1 0.00016239208670904836 0.00020124627724505423 0.0004518409771094715 0.0003082815548610422 0.0011237608959246163
ADCK5 4.4346207936763564e-05 0.00048258324702980473 0.0004089182745102435 0.00018305260141241272 0.0011189003308892246
ITPKB 6.719717093653699e-05 0.00013161722997534866 0.0005035306066043445 0.0004156382278581632 0.0011179832353743935
UAP1 7.047317924077968e-05 0.0002914726840590534 0.0003101128872259328 0.00042995077543426065 0.0011020095259600265
HERC1 4.4943264605762614e-05 0.00035950250496318416 0.00021530666360430325 0.0004817366714021007 0.0011014891045753507
REST 5.926395437904513e-05 0.00024309124904087963 0.00034219987241049623 0.00045553289496428435 0.0011000879707947053
STAT3 5.421289637453163e-05 0.00044216163413311776 0.0003483897636444535 0.00025244429970196555 0.0010972085938540685
ZNRF1 5.2159756648126736e-05 0.00046992223148176367 0.0002903215551124157 0.0002843094543095138 0.00109671299755182
CDC42EP1 0.00014316731572440165 0.00037472043868459445 0.00026295777439936123 0.0003155966078329956 0.001096442136641353
CYP2S1 0.0001237248697402066 0.0002513928428909925 0.00027231357530553264 0.00044533340794960136 0.0010927646958863331
C12orf61 6.205047746505365e-05 0.00041759239859899923 0.0001910012020833448 0.00042206498165547386 0.0010927090598028715
LOC440926 5.064308754031868e-05 0.00041142956769838564 0.0004314354969000996 0.00019789653909326794 0.0010914046912320718
STIL 5.15769668288208e-05 0.00022958101725752516 0.00043661717076087694 0.0003720997290789999 0.0010898748839262228
SPRY4 0.0001075368469793157 0.00018598304882491977 0.0003960753968469684 0.0003998584950440304 0.0010894537876952343
NAALADL1 0.0003944980617923073 0.0003592356585674161 0.00017536398266557778 0.00015921541694851997 0.0010883131199738213
RALGAPB 5.016714262151039e-05 0.0003130371963404236 0.00026443737833899367 0.0004589813459121273 0.001086623063213055
LOC84931 0.00014631559782188992 0.00017465532304398405 0.0003443470231832653 0.0004174344879513026 0.001082752432000442
MAN1C1 3.288586255228034e-05 0.00017470960629938347 0.0003784885573038186 0.00049643947167286 0.0010825234978283425
PDZD8 4.955018828088096e-05 0.0003373156598407256 0.00022309555668624447 0.00047242240366822153 0.0010823838084760725
SPG7 9.612464059261655e-05 0.0003903451378316729 0.00034573271176554745 0.0002490216552783505 0.0010812241454681874
DSPP 0.00033418277333422205 0.00039197464295448665 0.000198942869845203 0.0001556506753345492 0.0010807509614684607
BTG2 0.00016343805617112858 0.00034930344478934736 0.00020199241541521672 0.00036308029200660157 0.0010778142083822943
PAK6 0.0003406127043728255 0.0002756181330783501 0.000255513285583209 0.00019944949782080032 0.001071193620855185
ZHX2 0.0001632661503401987 0.0004352304104339089 0.0002698651258017927 0.00020179564189842097 0.0010701573284743213
C6orf48 0.00011994415212468183 0.0004668494924724084 0.00026730825065136973 0.00021043663834274784 0.001064538533591208
ZNF738 0.00017145640954807257 0.00018655992168153455 0.00035551216757533175 0.000350163791940529 0.0010636922907454678
SNORD24 0.00020282371923696906 0.00024180354140078742 0.00023322670814110896 0.0003855126753896985 0.001063366644168564
TMEM55B 6.93511182718867e-05 0.000370379868492468 0.00032769031934001434 0.00029449002400060425 0.0010619113301049733
TLR5 9.178750873662244e-05 0.00017101968424739058 0.0003235058764976381 0.000473922290736037 0.0010602353602176882
C19orf50 0.0001317942643158483 0.0004468474403307004 0.0003158015029222186 0.00016484417729825982 0.0010592873848670273
INADL 6.30091189234617e-05 0.0003419316963995694 0.00020390296024281538 0.0004469843444813673 0.001055828120047214
MRPL15 0.00011229117162353578 0.00022860631336122213 0.0004297674289603425 0.00028274924836205705 0.0010534141623071576
RUNX3 0.00032798811184636705 0.00018158378765079168 0.00037579457550207513 0.00016505916261733597 0.0010504256376165698
MAPK9 5.535197748267967e-05 0.0003868939171293554 0.00040975441703704945 0.00019821615739410323 0.0010502164690431876
RILPL2 6.024809893862424e-05 0.00039057945792374455 0.00027346324869011423 0.00032541485809322283 0.0010497056636457058
NQO2 0.00013291167686304138 0.0004147671578030464 0.0002566258666517796 0.00023596571891590368 0.001040270420233771
CORO1C 0.00011031335416235285 0.0003875734721490023 0.0002993309834706745 0.00024181181818377454 0.0010390296279658043
GPR19 0.00023779203737786075 0.00020494634043605325 0.0004269127867581185 0.00016808468795520318 0.0010377358525272356
TBC1D23 0.00019801358139761712 0.00043184111617009777 0.00021083392415737132 0.00019673737845580345 0.0010374260001808895
ANKRD39 5.693832169066786e-05 0.0001731875305296365 0.0003910337736034423 0.00041346291879758014 0.0010346225446213268
RECQL4 5.782679145854886e-05 0.00036259382580536325 0.0004054675686204942 0.00020514307177756452 0.0010310312576619707
KIFC1 5.706821218016363e-05 0.0004229557318279552 0.00027858594357283426 0.0002721201365866303 0.0010307300241675834
MYST4 0.00017902093934162987 0.00032249116271153907 0.00021310693930870077 0.0003128716940081327 0.0010274907353700026
NUDCD3 4.270443809477685e-05 0.00014616200473089902 0.00038755471127750773 0.00044692901178481704 0.0010233501658880005
ANKRD27 0.0003313905035538441 0.00016224930867882854 0.00023757495118867538 0.00029201792291992646 0.0010232326863412744
ACAT2 0.00011336142000974 0.000392114629909063 0.0002488728128977594 0.00026534414331813594 0.0010196930061346981
STARD6 0.00014111257301903187 0.00037538706112248286 0.00018427189630774448 0.0003187970532183288 0.001019568583667588
MED20 3.830948708019983e-05 0.0002577359595836543 0.00041929569806125965 0.0003038399723225584 0.0010191811170476722
MAGEL2 4.0503877610298745e-05 0.0003896522858683672 0.00023390988536274452 0.0003532063718632968 0.0010172724207047072
ALDH9A1 8.31467943093214e-05 0.00026990050882859124 0.0003147304299975217 0.00034792257622905944 0.0010157003093644937
C15orf26 0.0002171649915369258 0.00027838104583539176 0.0003532486596125587 0.00016586194873666234 0.0010146566457215386
CYP51A1 5.3121178847656284e-05 0.0003711226826081635 0.0002353786449390612 0.000351117894821568 0.001010740401216449
ZMAT3 0.00017585093835340856 0.0003891398470348 0.00028598048925948435 0.00015934035475715318 0.001010311629404846
HMGN3 0.0001267916859950967 0.00015858914915165906 0.000343278013459772 0.0003787892368036467 0.0010074480854101744
TSTA3 9.098436681995926e-05 0.0003670510511944014 0.0003623193671826646 0.00018485326879876622 0.0010052080539957914
BAT1 5.06966635511431e-05 0.00014373617595116113 0.0003847538084443376 0.0004205620316692558 0.0009997486796158976
NUCB2 0.00012072172259249788 0.0003033943315683023 0.00019829685926455012 0.0003772745609525932 0.0009996874743779436
VASH2 0.00020463121557427432 0.0002853771340556881 0.00023514378253392437 0.00027401881286630807 0.000999170945030195
PDSS1 4.2787184398332e-05 0.00017055349168669667 0.000370169886406664 0.0004147880094558476 0.0009982985719475402
RNMT 3.582324287000058e-05 0.00035014245258535543 0.00043798602673341384 0.00017416283872943064 0.0009981145609182004
EPHB4 4.900735504415503e-05 0.0003051982457308369 0.0002062407129814858 0.00043673369350017186 0.0009971800072566496
CCDC43 4.5092042214697424e-05 0.00033658378887929327 0.0004123915242046349 0.0002002884338278092 0.000994355789126435
DAXX 0.00013053547131348784 0.00019363145225523287 0.00025482190108856056 0.0004125851833247514 0.0009915740079820326
DSE 0.00014982884020551117 0.00014663208362718536 0.0003157394425665469 0.00037808473731852936 0.0009902851037177727
CST9 9.788858322717944e-05 0.00015469775137174282 0.0003680898250904946 0.00036863023743142755 0.0009893063971208444
PPP2R5A 0.0002840739651226716 0.00019583821611079743 0.00019435352495181436 0.00031477500030958487 0.0009890407064948683
SPAG1 8.159378819843057e-05 0.00037301557405742126 0.00033441941179054104 0.0001997752144739681 0.000988803988520361
ARPC4 6.447946427115134e-05 0.0004184637613955882 0.0002536780927457952 0.00025153500524018534 0.00098815632365272
ARHGAP25 5.9368104103739956e-05 0.0004210993387275288 0.0002222218792091204 0.0002832307540709442 0.0009859200761113333
BBS1 0.00029608944144751193 0.000182316410100606 0.000329474951632868 0.00017796018846599364 0.0009858409916469796
RALBP1 5.00822062493532e-05 0.00037498334705494843 0.00023002113130722018 0.00033060131093371977 0.0009856879955452416
RYBP 4.340072678149995e-05 0.000381874604157594 0.00038775187447070714 0.00016808691846621372 0.0009811141238760149
ZNF295 0.00012718074838830392 0.00032573334584476323 0.0002004468570547281 0.00032514237038677393 0.0009785033216745693
DBNDD2 0.00030082346044009 0.00018478280470151905 0.00028195276986300193 0.00020931577484011908 0.00097687480984473
CCDC51 0.00017620997714302294 0.0002954702098919297 0.0003360149110715437 0.00016818268504920872 0.0009758777831557052
DLGAP4 3.890353236127259e-05 0.00016623965452021314 0.0003696470033558655 0.00039629329355765093 0.0009710834837950021
RSBN1L 3.79893105930993e-05 0.0004231529150715345 0.00031678905317638744 0.0001930336662015911 0.0009709649450426122
DCK 0.0002589245866798609 0.00030955766505689423 0.00021294347848632456 0.00018922030488171152 0.0009706460351047911
TBCD 0.0002348785273081746 0.000242353120760059 0.00022509868380398557 0.00026718596987323497 0.0009695163017454541
TMEM80 0.00011590248900433182 0.00032994153204157013 0.0003404729076176564 0.00018265771922551112 0.0009689746478890695
OSBPL8 0.00019063908069639335 0.00017370706737733396 0.00022334255059470098 0.0003768322373047087 0.0009645209359731371
KIAA0182 0.00027353523273592465 0.00015179460256023754 0.00018945399391774419 0.0003475916886307328 0.0009623755178446391
XPNPEP1 4.355959310787192e-05 0.0002856212146362695 0.00021637317264115515 0.0004148205918020105 0.000960374572187307
HEG1 0.0001327746992951066 0.0001707884519568465 0.00028624683137293483 0.00036644779150352125 0.0009562577741284091
MIR1975 6.692969138465064e-05 0.0004279065596865631 0.0002271559731477121 0.0002328413660941376 0.0009548335903130634
SIK1 4.6154853567317785e-05 0.00023317643218199248 0.00040931528289076663 0.0002649708922956433 0.0009536174609357202
CLIP2 0.0002624015980953688 0.00016680913339978825 0.00030618764208506066 0.00021738765787202713 0.0009527860314522448
SQSTM1 8.350296972686042e-05 0.00039499655474954816 0.00022112725771381584 0.00025244758763466835 0.0009520743698248927
EHBP1 3.773586976206151e-05 0.00016589703177940916 0.0003237627426131302 0.0004245302103456705 0.0009519258545002713
ST6GALNAC1 7.20162491241479e-05 0.00020135494969491602 0.00028741876952535284 0.00039103874462237024 0.000951828712966787
TECPR1 0.00019565150860339765 0.00036720611995990553 0.0002107812540206605 0.00017325909329786012 0.0009468979758818237
FAM161A 4.185822576132978e-05 0.00041283315295630077 0.0003147794399619659 0.00017666957952678074 0.0009461403982063772
SFRS3 6.596586269318487e-05 0.00015180695582981486 0.00039283483974177964 0.000335124276948443 0.0009457319352132224
WDR87 0.0002696701284759335 0.0003585107448622243 0.00016854250553674876 0.00014886657501498462 0.0009455899538898912
MYO1B 0.0001272676270284542 0.0002252873830777624 0.0002061616607150308 0.0003851945637905407 0.0009439112346117881
CAMKK2 6.280503438959369e-05 0.00027691316466136944 0.00020893077392882694 0.00039399924893120255 0.0009426482219109925
ABHD12B 0.0002887886538932387 0.00016341684603875112 0.00022223720388666468 0.000265487238629049 0.0009399299424477036
DAAM1 0.00014676283961928354 0.00020015548852074863 0.00024114758680853578 0.0003492243831125287 0.0009372902980610965
GCH1 0.00014086808657426682 0.0003189875200413837 0.00029640249460667064 0.00017766955397677744 0.0009339276551990986
LOC282997 4.555217197934745e-05 0.0001825205201599017 0.00035469057058380466 0.0003506175696766124 0.0009333808323996663
NEK5 6.406901084490914e-05 0.0003337266721325174 0.0001858802361727846 0.00034898880544846514 0.0009326647245986762
ADAR 5.303180220724039e-05 0.00018361728790285088 0.00029222285647897246 0.00040228008994208696 0.0009311520365311507
SNORA34 6.328955489506899e-05 0.0004154238247402289 0.00023748131560110634 0.00021415463122237215 0.0009303493264587764
NPAS2 7.592029546979653e-05 0.00022690895954751068 0.00023039804586926006 0.0003966208164640067 0.000929848117350574
RNF215 3.938188962465531e-05 0.00021886480446920258 0.0003943903251797384 0.0002760384256192523 0.0009286754448928486
NIPA2 5.0353463771895653e-05 0.00031670738393626706 0.0003540012254542943 0.00020722325620780224 0.0009282853293702592
RPL7 0.00012069085422808888 0.0002660642471407965 0.00022795772725253566 0.00031272333930931084 0.0009274361679307318
SOX15 4.537473764343326e-05 0.00031030931821427507 0.00017552063595628378 0.00039567828061100085 0.0009268829724249929
ZNF302 0.00018842355220164057 0.0003257258165077914 0.0002411464446188475 0.00016645695457773 0.0009217527679060095
ZPBP 0.00015205866101060855 0.00014284387883576228 0.00024262783591788112 0.00038375645163686567 0.0009212868274011177
HOXD3 0.00020950008976979473 0.00013563970046349602 0.0002492938904973043 0.0003268495405457668 0.0009212832212763619
PRR13 7.13738935077195e-05 0.00035098019891294447 0.0002351167913767135 0.00026337954941625067 0.0009208504332136281
FDPS 0.00021702028460178962 0.00017916137824694969 0.00025668845888474794 0.00026656211002825 0.0009194322317617373
UGT2B15 0.00017768015157299699 0.00019922006613628824 0.00028579580955889766 0.0002533757288695713 0.0009160717561377543
UBTF 0.00011067312432863275 0.0002746793353346237 0.0002472619885027222 0.0002813710369893998 0.0009139854851553784
PLEKHM1 0.00010815563183380306 0.0003051905219314757 0.00027413097912984543 0.00022401738477776786 0.0009114945176728921
MEG8 0.000212024295210916 0.0002621327805012945 0.0002346068473400318 0.00019929225969852882 0.0009080561827507712
TRIM56 0.00010586798626472502 0.00028734895218773 0.00031545652840875066 0.00019657456587204993 0.0009052480327332555
ZC3H14 8.253434190798105e-05 0.0002944178017137738 0.00020945598224918742 0.00031833238697401615 0.0009047405128449584
TRPM1 0.00013306453132086687 0.0002391575758505956 0.000196603291814518 0.0003339006246858841 0.0009027260236718646
DUSP6 0.00011550338753438167 0.0003352482483395107 0.00029991035338644215 0.00015026697298360428 0.0009009289622439389
TIGD1 4.561868408799919e-05 0.0001264096845635534 0.0003289275781197178 0.00039821522859621584 0.0008991711753674862
LTBP1 0.00010614873846834676 0.00028259459077965523 0.00019189256007507376 0.0003158868430074996 0.0008965227323305754
NOD1 0.00013895151606674785 0.00023289956912156856 0.00021761900497626571 0.0003062079330656908 0.000895678023230273
YTHDF2 3.423828855576357e-05 0.00033815988094508287 0.0001712874352109229 0.00035081315532978425 0.0008944987600415535
ZNF862 4.6100663075037866e-05 0.0002170383327501035 0.0002920506584185959 0.0003385610382996438 0.0008937506925433812
COLEC11 0.00023442486988331174 0.0002742099382487246 0.000212280523229138 0.00017230094796373847 0.0008932162793249128
FAM84B 7.70452190437197e-05 0.00013237566573137 0.0003137305430536281 0.0003688632148316338 0.0008920146426603516
NAPEPLD 9.014657423822944e-05 0.0002043533881771049 0.00032396539838335414 0.0002733048590966872 0.0008917702198953756
ADORA1 7.455592600864049e-05 0.00017857200732835022 0.00030194847173800653 0.0003349961657705555 0.0008900725708455527
UBASH3B 3.498017504018e-05 0.00021334630326144796 0.0002582978824361053 0.0003824985951019945 0.0008891229558397278
ASB2 0.00021509560289215954 0.0002046695962559397 0.00025850448047737864 0.00020902429768178795 0.0008872939773072659
SOS1 3.356694466662299e-05 0.00030280481143249937 0.0003162707991467749 0.0002333529325502511 0.0008859954877961484
FAM153C 4.9962627589239244e-05 0.000126404937655941 0.00034619148654883543 0.0003615542382461884 0.000884113290040204
FLAD1 5.285285661665645e-05 0.00024682930153970407 0.00020425509260915036 0.00038016263196565583 0.0008840998827311668
OVOL1 0.00024506557110784264 0.00012776249509899182 0.00018895405734554093 0.00032149298447819573 0.0008832751080305711
NNT 4.260728191296874e-05 0.00021294161204932108 0.0002511928815807661 0.000375902032274822 0.0008826438078178779
DMXL1 4.653292666812653e-05 0.00015955227502470286 0.000357808037153703 0.00031751663311878266 0.000881409871965315
KCNQ1OT1 6.910709392510022e-05 0.0002853090020942609 0.00018654881633568463 0.00033994643957788027 0.000880911351932926
LEAP2 0.00010096052822949839 0.0002484981179732231 0.00021403962596449689 0.00031403997406734047 0.0008775382462345589
NFYA 5.278442838374418e-05 0.00021087543652047825 0.00028356392172833073 0.0003267076888738864 0.0008739314755064396
MEG3 0.00023995250832053774 0.00018048050859843177 0.00025914984156798345 0.00019415294716080287 0.0008737358056477558
ANKRD23 0.00011434796502619144 0.00027532370662072987 0.00029709037578436827 0.0001832246752968921 0.0008699867227281817
BCL6B 5.870229491304527e-05 0.00019025889152480933 0.0002755801539264158 0.0003441939233817146 0.0008687352637459849
SIX3 0.00017209691841187327 0.00019703397864717938 0.0002059927441153058 0.000293299471612784 0.0008684231127871425
KLK6 0.00014874216641926026 0.00015033418612017238 0.0003251645612249729 0.0002431785440152516 0.0008674194577796572
MKL1 5.265350983529487e-05 0.00014332107715316213 0.00033204932574770675 0.0003392207207922542 0.000867244633528418
DMRTA2 0.00017500145752190457 0.00022153111766750152 0.0002779596488632273 0.00018657321285581803 0.0008610654369084514
ZNF367 0.00014492830457803573 0.0003179469826411067 0.000251698015081201 0.00014417211789169427 0.0008587454201920377
AKTIP 2.6908848768666394e-05 0.00018130016133395018 0.00025930079836342443 0.0003847484973641999 0.000852258305830241
CDK5RAP1 9.667823243224898e-05 0.0002874929370522922 0.0001888750850349272 0.0002790963641402673 0.0008521426186597358
SLC39A7 4.5249131331855045e-05 0.00018951417905214204 0.000327590655775205 0.0002897829647439222 0.0008521369309031244
TMEM39B 9.770072379745904e-05 0.00030373415679808 0.00025641644583924273 0.00018993305846036747 0.0008477843848951493
ZNF263 3.737254536728342e-05 0.0001780980835930309 0.00025117010289679156 0.00037822069699351864 0.0008448614288506245
SMAD6 0.0001097757034282758 0.0002343676441341118 0.0003571635866811706 0.00014350601528997881 0.000844812949533537
TP53INP2 7.641336298238753e-05 0.00030728951567897427 0.0002699055951571284 0.00019080154165922295 0.0008444100154777132
ORC2L 9.642573248716424e-05 0.0001604358186707987 0.00022754769239877493 0.00035795260903990274 0.0008423618525966407
MIR492 0.00022031727733406824 0.0003022886177121396 0.00017607914765890942 0.00014298131554714959 0.0008416663582522669
C11orf24 0.0001375578981410621 0.00023116311952412635 0.000234037227234248 0.00023687795578071933 0.0008396362006801558
SNX27 0.00018786600355522203 0.00013990730711290234 0.00019964240635025784 0.00030290460771209847 0.0008303203247304806
ADAMTSL4 5.3563072499767585e-05 0.0001759902982723161 0.0002406628718913502 0.00035792525992909744 0.0008281415025925313
SNORD30 9.310639155127682e-05 0.00021464946880927148 0.00017077819841739678 0.00034880631187982904 0.0008273403706577742
LEMD2 0.00011705300522636911 0.0001735560757412998 0.0001971610133238362 0.0003393540982348417 0.0008271241925263469
C6orf145 5.998220110503369e-05 0.00022822842191933408 0.00026094856462275756 0.0002775483411751511 0.0008267075288222764
MRPL34 5.137975607096962e-05 0.0003671479255821776 0.00024094221216642013 0.0001670756698300651 0.0008265455636496325
SNORD72 0.0002517797913504768 0.00015572950149559582 0.00018098473028678057 0.00023685783795268457 0.0008253518610855378
PITPNA 7.751110829319646e-05 0.00014022435975684968 0.0002794971414684929 0.0003258583681327484 0.0008230909776512875
CAPNS1 6.84598062913297e-05 0.00030502930816202927 0.00020480206808054752 0.00024322431501638594 0.0008215154975502924
POLH 0.00023865268286940786 0.00025757844873004873 0.0001667739658931083 0.00015625108840176097 0.0008192561858943258
MGRN1 6.0239817963293456e-05 0.00032159908771092863 0.00026663813608133677 0.00016971766203688137 0.0008181947037924402
NCK2 7.079431636452616e-05 0.00013312257639610885 0.0003177886463262746 0.0002953068557838085 0.0008170123948707181
PACSIN1 0.00015187938316942574 0.0002651073871451643 0.00023311558754922847 0.00016646540957345114 0.0008165677674372696
NLK 4.219640037786848e-05 0.00032581672994958313 0.0002158606479702758 0.0002311088946014102 0.0008149826728991376
TBC1D13 0.00013792947337053148 0.0002402491583836628 0.000179395303132051 0.0002559753718488089 0.0008135493067350541
HNRNPUL2 3.369419168085862e-05 0.00018017814703964784 0.00023920005735275914 0.0003598950389925767 0.0008129674350658422
ZNF28 3.492900500300581e-05 0.0002195053248362615 0.0002613610166431237 0.00029577112212329077 0.0008115664686056818
MIR641 0.00016067581304941194 0.00020190489704925113 0.00014708082057381095 0.0002990559355461931 0.0008087174662186672
WNT9B 0.0001632565521790683 0.00018424967992592848 0.00029698221759131324 0.00016279490847822438 0.0008072833581745344
DDX46 6.38444864749172e-05 0.0002708256374809563 0.0002464812032151853 0.00022310726182605913 0.0008042585889971179
NARF 8.36921838978466e-05 0.0003429336039944586 0.00020602464205191038 0.0001713612419443127 0.0008040116718885282
NDUFS2 4.500367217731697e-05 0.000261682644550854 0.00018903876612130053 0.00030714638124860284 0.0008028714640980743
RHBDF1 6.0560731901147235e-05 0.0002881134248439699 0.0001995764468382856 0.00025446000222790804 0.0008027106058113108
VPS13B 7.84941595331814e-05 0.000293109498344011 0.00017692225702937826 0.00025412994985339534 0.000802655864759966
ICK 2.9222144419993697e-05 0.0001542985273008189 0.0003069618671431056 0.00031198768327269657 0.0008024702221366148
OSBPL2 8.307320620602671e-05 0.00018319644703740137 0.00021612435855688773 0.00031885148738797865 0.0008012454991882945
FKBPL 3.881976833483524e-05 0.00020616740336380679 0.00032423648747045467 0.00022627118928866255 0.0007954948484577592
LRRC37B 6.515891076719311e-05 0.0003357685515500345 0.000229141961093798 0.0001651374546203528 0.0007952068780313784
AKAP8 4.7371480082699016e-05 0.00018985956249908346 0.00023952840267271389 0.000314614163866814 0.0007913736091213104
ANKRD13B 4.288720298049866e-05 0.00015347861587799855 0.0002712593514528152 0.000321028748913234 0.0007886539192245464
RPN1 6.13260807414312e-05 0.00024894762544212334 0.0001900146670046605 0.00028781674421967166 0.0007881051174078868
RB1CC1 8.773054330666255e-05 0.0003126682257238716 0.0002047690163162657 0.00018038434043918388 0.0007855521257859839
DPM3 0.00021659381646581968 0.00013861691468849128 0.00019300630033775964 0.0002371503585927034 0.000785367390084774
DMRT3 0.00011006986181421032 0.00013458475478270252 0.0002520916352963587 0.0002883713590441265 0.000785117610937398
RBAK 0.00019944828901979775 0.00014820755403078574 0.0001932022897056057 0.00024252621025109758 0.0007833843430072869
WDFY3 9.91889764534987e-05 0.00014626208404858987 0.00021092086333338806 0.00032651556241455415 0.0007828874862500308
MGC57346 3.57660884250453e-05 0.0002690764299206726 0.000238038983456628 0.00023987880491549885 0.0007827603067178448
EIF1 0.00021907719957128588 0.00028888000776453916 0.0001480232116292278 0.00012636224583742098 0.0007823426648024738
C17orf73 3.865365224399377e-05 0.0002723157329919715 0.0002907170838448873 0.00018062746103236706 0.0007823139301132197
GON4L 5.2200151111255746e-05 0.0002890276507781295 0.00025297664946889525 0.00018668517335024534 0.0007808896247085258
ESCO1 4.1355952209601986e-05 0.0001949431328193954 0.00023543489734005122 0.0003087005776782449 0.0007804345600472935
MGAT4A 5.414380227179652e-05 0.00012350822037109402 0.00026381872551313495 0.00033594609732074976 0.0007774168454767752
MIR2110 0.00021050100968475144 0.00025826483885563916 0.00016354737066647475 0.00014219852671924868 0.000774511745926114
UBXN6 5.279174890388285e-05 0.0003298385976692406 0.00022589065959756978 0.00016581837965486996 0.0007743393858255631
PTCH1 3.517248533631026e-05 0.00018487562616572933 0.0002608261927273804 0.00028574792117270505 0.0007666222254021251
LOC344595 0.00013105800142766227 0.00016041394761811246 0.0002306580185560246 0.00024353358484927897 0.0007656635524510784
IBTK 9.07938731245127e-05 0.00022196492395452016 0.00017445410657949698 0.000277433252050844 0.0007646461557093739
HELQ 0.0001299513406450433 0.0001315578030895675 0.0002268408465921935 0.00027444849254612666 0.000762798482872931
ZNF227 5.2491109232441915e-05 0.0001248377537121725 0.0002712510934932341 0.0003127234714329611 0.0007613034278708096
HMGB1 4.463773620736656e-05 0.0001574849863696271 0.0003115660545531093 0.0002473586737400715 0.0007610474508701745
GALNTL4 0.00021855932126103303 0.00019434451053679857 0.00016437388938931046 0.00018328108318180791 0.00076055880436895
SMPD4 5.148102662849872e-05 0.00017265172822629183 0.00021856848854358825 0.0003168716361788158 0.0007595728795771946
NRCAM 0.00012654796388519862 0.00016719219519966606 0.0002202010429116278 0.00024458760004014707 0.0007585288020366394
KLHL33 0.00014802717676263866 0.00014880102358190715 0.00019116302752476884 0.0002704354145390495 0.0007584266424083641
C7orf70 5.909683318979855e-05 0.00022907847814341236 0.00019011025555122193 0.0002798460134375282 0.0007581315803219611
FBXL20 2.99241878341574e-05 0.00013898478401989288 0.00026530253491387944 0.0003238034468883638 0.0007580149536562935
SNORA38 0.0001409168655552294 0.00017001667593295923 0.00018908445361178887 0.00025770855751464957 0.000757726552614627
SSB 0.00016838595429719629 0.00017756212037936767 0.00019764515223793172 0.00021297167455645584 0.0007565649014709514
ORC4L 0.0001035948553502075 0.0002527156243738977 0.0001928380886891792 0.00020633813040546136 0.0007554866988187458
C10orf28 0.00020990715569899881 0.000142099991585723 0.00022873452682235069 0.00017392490812088225 0.0007546665822279548
MRPL46 0.00013476453650795864 0.00025524786453213707 0.00019809683465491241 0.00016579136874032003 0.0007539006044353281
BRP44L 2.84733460818872e-05 0.0003063786749409657 0.00024795507735458634 0.00017073770222039917 0.0007535448005978384
WDR70 6.149463123867168e-05 0.0002591291210916332 0.0001610513107634099 0.00027150464954081626 0.0007531797126345311
TCEB1 3.231243562446629e-05 0.00020777510570822749 0.0003151578566563024 0.00019507683545052444 0.0007503222334395206
RAP2B 7.47722190492116e-05 0.00018082077873132968 0.0002207543788735582 0.0002739713397259869 0.0007503187163800864
MIR10B 0.00013745315148961114 0.00013463103391101413 0.00021552900807361762 0.00026106766513141205 0.0007486808586056549
GRPEL1 6.202035021011894e-05 0.0001759561923114598 0.0002067932855812157 0.00030304754006602123 0.0007478173681688157
C17orf69 0.00011388252363811191 0.00015499037669730842 0.0002794442169565477 0.00019719532469117084 0.0007455124419831388
L3MBTL 7.861969345015084e-05 0.00019762886020312006 0.00017734925458192226 0.0002916159813550009 0.000745213789590194
MIR1977 6.676829502683624e-05 0.00030969189944303667 0.00018834498451557362 0.0001783938572014879 0.0007431990361869345
SLC22A2 9.255513399226013e-05 0.00023159246242895619 0.00019419721633783085 0.0002244249550144623 0.0007427697677735094
XRCC5 5.5956490630748435e-05 0.00024265391665712196 0.0002746770230089286 0.0001687555312725435 0.0007420429615693425
LDHB 0.00014504146312469023 0.00017803414255481142 0.00018471305235368484 0.0002338566395304048 0.0007416452975635913
CDCA5 3.409718529114404e-05 0.00017439548115032438 0.00023269200158064366 0.00029957711072645126 0.0007407617787485634
TAS1R1 4.7068286130441e-05 0.00027183523925084093 0.0002607765545854192 0.00015983453614050236 0.0007395146161072036
SHPRH 2.9378760345753236e-05 0.00011093045734432044 0.0002834957767279971 0.0003131429953866709 0.0007369479898047417
DNAJC5 4.93186168457269e-05 0.000288358310984278 0.00022582997596310548 0.00017321697934994483 0.0007367238831430552
SGK196 0.00012343357569309868 0.0001509454758149295 0.0002423209411097929 0.0002197927647909793 0.0007364927574088004
GRAPL 6.53793722540121e-05 0.00019431195624919058 0.00027338035828219085 0.0002032702913138142 0.0007363419780992077
MAS1L 0.00012570173640870578 0.00015529128283730628 0.00022742720591135295 0.00022365932376926435 0.0007320795489266295
C2orf52 3.9655872799109976e-05 0.0001716266976461402 0.0003135527516906814 0.00020522819490194645 0.0007300635170378781
C16orf88 6.266950000443535e-05 0.00030136337224896486 0.00020114745254792596 0.00016446697123686507 0.0007296472960381912
FBXO32 3.4787607914097755e-05 0.0002765652038994315 0.0001710264044032591 0.00024632467877368366 0.000728703894990472
FGFR1OP2 8.956695093656947e-05 0.0002731803883009203 0.0002299441343969528 0.00013539594791381487 0.0007280874215482574
HIST2H2BA 0.00013279851744415458 0.0001608655877311305 0.00018164708171394817 0.0002489561882705072 0.0007242673751597404
CSNK1G2 5.567478787999796e-05 0.0002641062831314467 0.00017941713792924633 0.00022025075206312978 0.0007194489610038207
GFOD2 5.1844756879325016e-05 0.0002517513929174114 0.0002490722763828671 0.00016517165471588012 0.0007178400808954836
TRIB1 3.209251697469709e-05 0.0002703833077767399 0.00022278823526511224 0.00019153011989755567 0.0007167941799141049
VPS18 0.00010241660687818069 0.00019377183868098886 0.00021265283075202514 0.00020767933432533863 0.0007165206106365333
BTAF1 2.9028403713249748e-05 0.00019549755435361495 0.00018323745265626587 0.00030756718872950904 0.0007153305994526396
BCDIN3D 6.260556508482496e-05 0.00023764707903880882 0.00020673789569491475 0.00020630548060533499 0.0007132960204238835
DHRS1 0.0001335455028467859 0.00020542670362679724 0.000202527846950495 0.00017165947646257946 0.0007131595298866575
CABP4 0.00020632804393053549 0.00014458695273629707 0.0001779090998377622 0.000181931392402696 0.0007107554889072907
SGPL1 3.3881085415123985e-05 0.00012142076150899045 0.0002663059433101259 0.00028533578200455714 0.0007069435722387975
CDX2 0.00011582181012995314 0.00013338980885091607 0.00023273966291925541 0.00022453690097085414 0.0007064881828709788
HCRT 9.781160858904751e-05 0.00024657620712864917 0.0002094557733679257 0.00015142108364928224 0.0007052646727349046
GPR56 8.787428193623523e-05 0.00024756480099757505 0.0002157126276982351 0.0001511098975972561 0.0007022616082293014
NCRNA00120 8.78374711168083e-05 0.0002704060585123146 0.00020719593709036502 0.00013390539870079045 0.0006993448654202784
STARD10 5.537358166226239e-05 0.00022546707411010344 0.00027478927725248643 0.00014357828519419676 0.0006992082182190489
TMEM214 3.540474811423722e-05 0.0002402449462915673 0.0002401836440823871 0.00018179600348722092 0.0006976293419754126
CASKIN2 4.3065535752061254e-05 0.0002551925139457069 0.00016660205987838363 0.00023253535962234384 0.0006973954691984957
PDE6G 8.725987310428146e-05 0.00023216533895187478 0.00017274541059899648 0.0002047289093914561 0.0006968995320466088
FLT3LG 3.603369197353861e-05 0.00015358509546956777 0.00021686378233113905 0.0002893629248772373 0.0006958454946514828
GLOD4 4.012282325824142e-05 0.0002782681554878676 0.00021857291503676272 0.0001588693169429148 0.0006958332107257866
SERF2 6.959600748731738e-05 0.00013694114902730315 0.00024332515720152417 0.0002450496728813508 0.0006949119865974955
SAP30L 3.52315988412389e-05 0.0002791923002282158 0.00022532101206886173 0.0001542680820577048 0.0006940129931960212
DYSFIP1 5.859280906356177e-05 0.0002667668198433073 0.00022467197883858106 0.00014374720901091313 0.0006937788167563633
GALK1 5.5052163850658635e-05 0.0002636863587900744 0.0001874266029390246 0.0001873610845924053 0.0006935262101721628
DUSP13 0.00010389997253388813 0.00026548526507604606 0.00020136191755001242 0.00012244780912391986 0.0006931949642838666
CES4 7.76084985013985e-05 0.000281484385928476 0.00017776440829690043 0.00015574813152431356 0.0006926054242510885
ADO 4.4381912508871844e-05 0.0002676986022282646 0.0001803158306613546 0.00020015302734205354 0.0006925493727405446
ZCCHC3 3.799427491435703e-05 0.00011934569246253756 0.00024377104381127752 0.0002899372943135626 0.0006910483055017347
CFTR 0.00017915015910389075 0.0001329452985796919 0.00015913777841694527 0.0002193802070770719 0.0006906134431775998
MPZL1 2.9930415981844646e-05 0.00021158871570428226 0.00026856993294197007 0.000179596264573038 0.000689685329201135
PDIK1L 5.749903618583483e-05 0.0001202868171604466 0.00024232915852513427 0.000269542960208118 0.0006896579720795337
HIC1 0.00011983658193424422 0.0001380969956993598 0.00017954485448509793 0.0002510761163436429 0.0006885545484623448
DDX17 2.558052303282638e-05 0.00018054208576087145 0.00019755468097310585 0.00028435710477089904 0.0006880343945377028
PRR7 0.0001618321621288467 0.0002425360760340913 0.00014194508902230327 0.0001415252914536926 0.0006878386186389338
RPP38 3.1200765070724865e-05 0.00016031204164114745 0.00021353838955241218 0.00028264357187530553 0.00068769476813959
FAM82A2 6.991386447064557e-05 0.00026019898721200903 0.00016314955654092377 0.00019399615500336327 0.0006872585632269417
TRIAP1 4.465979737393823e-05 0.00011325315285523659 0.00026621895248136497 0.0002612525305196518 0.0006853844332301916
C17orf85 9.91248647182357e-05 0.00016782914721736003 0.00016750047936558624 0.0002492243498291893 0.0006836788411303714
RANGAP1 3.5718003890498e-05 0.00012369226880772647 0.0002483415931767754 0.0002757701474622663 0.0006835220133372662
ARFGAP1 6.562761393371363e-05 0.0002054729562834727 0.0001635829320343663 0.0002487629383350627 0.0006834464405866152
PFKFB4 7.166503044410446e-05 0.00020718010625311008 0.0001975924167491516 0.00020657680018869583 0.000683014353635062
TMEM19 3.586748682605322e-05 0.00021268832686129497 0.00025891304542814946 0.0001741306603479451 0.0006815995194634427
GSTM5 4.7935913865365375e-05 0.00011418388972130192 0.0002654364346467607 0.00025166517301318563 0.0006792214112466136
TSPAN1 0.0001511140957228825 0.00023096850962895174 0.00016914771337465056 0.0001278503053998863 0.0006790806241263711
NCRNA00114 0.00019473180317531306 0.0002354930821846582 0.0001302781843894081 0.0001148322067865296 0.000675335276535909
CDK1 5.69943919760711e-05 0.00014014527164308074 0.00020534171633769597 0.00027191714599877936 0.0006743985259556272
ATP6V1H 3.2505130913157676e-05 0.00022939434195901718 0.00016649977112075313 0.000244446576544985 0.0006728458205379129
STX3 2.7442451234260476e-05 0.0001655573014701335 0.0002288426576944354 0.00024787993967330835 0.0006697223500721377
C8orf38 8.236484501165033e-05 0.0002013654465192329 0.00016653722863212844 0.0002184927052056442 0.0006687602253686558
CCT4 5.083916399162181e-05 0.00017537433221929426 0.00018002849886376686 0.00026168084946954237 0.0006679228445442253
STK35 0.00019978222458166142 0.0001581759534157384 0.00014877196003894346 0.0001611617277143572 0.0006678918657507004
SMCR7 0.00015859989449121622 0.00021121453657767242 0.00016679131154989958 0.00012949780793558495 0.0006661035505543732
YIF1A 4.354852806880148e-05 0.00018515198579886774 0.00018207903499015878 0.0002536344028742296 0.0006644139517320576
CMTM6 4.536959023566083e-05 0.00024047083858075467 0.0002122155439843123 0.0001652316485033212 0.000663287621304049
RNF141 4.762084441894562e-05 0.00019349943713630572 0.00021292285988333987 0.00020667376390934164 0.0006607169053479329
PGCP 5.736597413911923e-05 0.00016017490090746426 0.0002001293496906217 0.00024175173856557817 0.0006594219633027833
PACSIN3 4.6771591983075214e-05 0.00023500695295184114 0.0002336554047429962 0.0001401854274752849 0.0006556193771531974
HIAT1 3.646775360523559e-05 0.00010708717689937393 0.0002427314448376655 0.0002693061206393187 0.0006555924959815937
RUNDC2A 3.337312918364057e-05 0.0001255449639679865 0.00024026911778491598 0.00025597733270319914 0.0006551645436397421
AMAC1L3 5.3419731689097445e-05 0.00022269833677592658 0.00024391952685237652 0.00013505166893559183 0.0006550892642529923
HIST2H2BF 9.344640450130803e-05 0.00015455397917908784 0.00016996115289810812 0.00023710624606459763 0.0006550677826431016
CENPF 6.120552387774127e-05 0.00018469657078650206 0.00017479223683292437 0.00023398433745371792 0.0006546786689508857
TMEM173 0.00015322906892709928 0.00013054071292367854 0.00021563458193629747 0.00015519412490683451 0.0006545984886939098
HCG9 4.878040598918305e-05 0.00017078524277684424 0.00025912661023358007 0.00017523032283137149 0.0006539225818309788
DDIT3 5.942995372174067e-05 0.00018815444586495469 0.00020701451340351647 0.00019587973670198616 0.000650478649692198
RTN4 0.00015207045546365602 0.00011855602245054568 0.0001912017789934039 0.0001869244206997754 0.0006487526776073811
ZCCHC17 6.80954672876621e-05 0.00015397431057241785 0.00017429937312116587 0.00025165995964383347 0.0006480291106250792
PRPF31 3.823985556635791e-05 0.00015844290789961222 0.00018037412654481908 0.00026666464919751525 0.0006437215392083044
CYP1A2 0.00010955801695333013 0.00014664971592712566 0.00024845919342643825 0.00013803424840664686 0.0006427011747135408
PRDM8 5.90247429325495e-05 0.0001437640682212827 0.00017173919008103613 0.0002659122095970307 0.0006404402108318991
TRIM4 6.181711233349001e-05 0.00014777526812190627 0.00020710694983302872 0.0002210569046302447 0.0006377562349186698
HDAC4 6.289607705766941e-05 0.00022435253398502531 0.00015704453493622477 0.00019244528429846047 0.00063673843027738
PSPH 6.766108626600014e-05 0.0001327408320024621 0.0001875065318364863 0.0002441873143032735 0.0006320957644082221
MXD3 6.981783955720238e-05 0.00024788610141525294 0.00016141918069411467 0.0001517000783340442 0.0006308232000006141
PAICS 3.4873523758240286e-05 0.00020255231704969357 0.00023528400402678552 0.0001579774310693333 0.0006306872759040526
ABLIM3 3.7608923932655294e-05 0.00016698797816024283 0.00025973303223248773 0.00016443837086151336 0.0006287683051868992
TSTD1 3.365302068296943e-05 0.00015377767754433456 0.0001894851467851549 0.0002513828657532143 0.0006282987107656732
ETV2 5.9113827670393534e-05 0.00012562332835398395 0.00021037287914779106 0.00023279281218630695 0.0006279028473584754
ACBD5 4.059154097397724e-05 0.0002316264427070626 0.00021391262946842378 0.0001408703173772998 0.0006270009305267635
RAP1GAP 4.342795048269471e-05 0.00014321046480782537 0.00020646279483193083 0.0002338326730606622 0.0006269338831831131
AURKA 9.997521144769296e-05 0.00015508448452839315 0.00022726875181502444 0.0001437986663692915 0.000626127114160402
PPP2R5D 6.17229187616756e-05 0.00015551406509047952 0.0001994407492289444 0.00020908532322412343 0.000625763056305223
HEY1 3.930297148835833e-05 0.00019907157099992336 0.00015753856279808156 0.00022807184674874357 0.0006239849520351068
MTIF3 3.4304079455563164e-05 0.0002320629478083269 0.0002173195573687245 0.00013911532436130955 0.000622801908993924
FLJ32810 7.288183880277584e-05 0.0001521246761438221 0.00017653409242240784 0.0002195894132941917 0.0006211300206631974
C20orf11 4.4292545387170696e-05 0.00017465766540467992 0.0002351651643812605 0.00016654438283558197 0.0006206597580086931
MAN2C1 2.9026775993211433e-05 0.00020246226741281703 0.00018068120177580112 0.0002064020499782493 0.0006185722951600788
ZNF32 0.00011257049894256798 0.00014968127236914238 0.00018195343059723926 0.0001743352306151813 0.000618540432524131
ZC3H6 0.00012735403486670922 0.00012924827908058237 0.00021276181337863786 0.00014809670450905454 0.0006174608318349839
PTS 6.077222249804724e-05 0.00016353610765827798 0.00019096189189837248 0.00020183387196162894 0.0006171040940163267
C13orf33 5.875948861903098e-05 0.00018022708665212548 0.00015837928678478643 0.00021792020303828386 0.0006152860650942267
DEPDC5 6.243414803560354e-05 0.00016675428091959056 0.0001626538834883268 0.00022235282073206083 0.0006141951331755818
STAU1 5.886565435177854e-05 0.00018828585038868116 0.00013255571577745417 0.00023421996173772014 0.000613927182255634
DHX57 4.0345739065272165e-05 0.00015591330522579032 0.00027325884559148623 0.0001439048561654615 0.0006134227460480102
SERINC5 2.8581909413485218e-05 0.00023919226061254223 0.00014759802748241408 0.00019580030586651125 0.0006111725033749528
GTF2I 4.277920074924032e-05 0.00016673964842208128 0.0002192499336947595 0.00018168859533848115 0.0006104573782045623
SDHAF1 4.652219779855356e-05 0.0001673090251094848 0.000244420195433566 0.00015118036026527253 0.0006094317786068769
ESPNP 0.00011226460941103564 0.0001684487897072867 0.00018431384370503218 0.00014255258803223925 0.0006075798308555938
FAM120B 9.540542197030679e-05 0.00012441380515605137 0.00017664062273113065 0.00021016809139143283 0.0006066279412489217
HGFAC 9.205660365448106e-05 0.00015474012567510926 0.00018781572098148142 0.00017100534099608454 0.0006056177913071562
RPL7L1 0.00010381347273821787 0.00014640647765798285 0.00019992264650480572 0.00015302175578744048 0.0006031643526884469
SHARPIN 3.632585400884717e-05 0.00019993945907825048 0.00014618226054717074 0.00022048265810444863 0.000602930231738717
CEBPG 0.00010373416484289729 0.00013325145380282152 0.00016584884897575159 0.00019939188940477272 0.0006022263570262431
OSBPL11 3.3113084539620455e-05 0.00022607771352395572 0.00019233166212214223 0.0001448488588814615 0.0005963713190671798
ENTPD6 9.715585255817304e-05 0.00017117492874546883 0.0001832848225588525 0.00014123368793542368 0.0005928492917979181
PCBP2 0.00010814997571247015 0.000186697489122298 0.00014610362954372403 0.00014967344155581192 0.0005906245359343041
MTRF1L 3.277934214727004e-05 0.0001958707065941083 0.00016926951202477178 0.00019135084233273713 0.0005892704030988873
ATP1B3 3.892188176427718e-05 0.00021525315178279333 0.00015282586040262546 0.000180124146254367 0.0005871250402040629
GNPDA1 3.641970114289423e-05 0.00014929172639591035 0.00019610585422761277 0.00020404495977187185 0.0005858622415382892
BOLL 0.00012011360652923824 0.00010746884444554998 0.0001964377147521344 0.00016108689004303863 0.0005851070557699612
C5orf13 9.886970046166897e-05 0.00022492070158076056 0.00014484211536517293 0.00011584446514341869 0.0005844769825510211
NR2C1 4.054509398806438e-05 0.00021270218169205978 0.0002145888013035153 0.00011588493651663802 0.0005837210135002774
SLC22A18AS 3.369792278771977e-05 0.00011266855663779743 0.00023169440315641505 0.00020539194798937084 0.0005834528305713031
AKNA 3.7021201112797995e-05 0.00014030002101779213 0.00019516195473941758 0.00021084166460997553 0.0005833248414799832
RDBP 5.164553913237836e-05 0.00020323652451800155 0.00018775120265131259 0.0001387766489346122 0.0005814099152363047
PRKAB2 7.702950940931732e-05 0.00017642416412017668 0.00018389443996412138 0.0001424512503816156 0.0005797993638752309
SNRPB2 3.8385187267743744e-05 0.0001497022471710454 0.00016598994077259566 0.00022450552121067762 0.0005785828964220625
SPTBN1 4.107430750118481e-05 0.00020564894824200483 0.0001612753841428388 0.0001688340911700698 0.0005768327310560982
HSF2 2.7696722823340482e-05 0.00014661735353445527 0.00023372187980088047 0.0001679952807753764 0.0005760312369340526
PLCG1 3.133594913766629e-05 0.00016145334679878437 0.0002211478558897484 0.00016187581253281668 0.0005758129643590157
TUSC2 3.392799855217883e-05 0.00014325193109234073 0.00016848231109000493 0.00022900880964790452 0.000574671050382429
EFHA1 2.7712552976930344e-05 0.0001365258184937648 0.00019938861901817433 0.00020923736184362676 0.0005728643523324963
HMGCR 0.0001004777952686004 0.00014974683244627852 0.0001705324580666825 0.00014968488884646315 0.0005704419746280246
HCG18 2.4703688022723372e-05 0.00013815517718713876 0.00017228827195766514 0.0002319831585232255 0.0005671302956907528
LYPLA1 5.813361216643562e-05 0.00015584757316869168 0.00015598427211744836 0.0001952054193468106 0.0005651708767993863
ZNF181 5.716342563250274e-05 0.00019448329717649187 0.00013397597016073887 0.00017735806179722412 0.0005629807547669576
EXOC3L2 0.00014208732622210727 0.00010950543974739574 0.00016008040205830814 0.00015009360552101366 0.0005617667735488248
CANX 4.000243148163499e-05 0.0001492418421819333 0.00017487890154954398 0.00019438888361915523 0.0005585120588322676
ZNF23 4.332501922002361e-05 0.00020677589664386758 0.00015659282493401156 0.00014836418295780386 0.0005550579237557066
PLEKHB2 3.494644027636992e-05 0.0001755580756159246 0.00016995172858434195 0.00017332061648360679 0.0005537768609602433
PDE2A 4.082043174388347e-05 0.00015299555152048657 0.00020611048911409703 0.00015292360930534572 0.0005528500816838128
FLOT1 2.979531227809158e-05 0.00015918234618042028 0.00015439673303561588 0.00020900202644693247 0.0005523764179410602
OPA3 3.135994915679265e-05 0.00011979061760460127 0.0001699318492953393 0.0002307553805520056 0.0005518377966087388
C7orf65 5.489932554360871e-05 0.00013588992873954614 0.00019353535697481543 0.00016708431082046 0.0005514089220784303
DENND1B 3.363967311194626e-05 0.00019231040365940663 0.00015903288627255223 0.00016630501057475334 0.0005512879736186585
TRNT1 5.1438385674067035e-05 0.00016405767093839572 0.0001430319041079535 0.00019252163784110634 0.0005510495985615227
POLR3D 2.9005524704805003e-05 0.00015922918340918326 0.0001565341277349272 0.00020505924450108133 0.0005498280803499968
TCIRG1 5.839608832091936e-05 0.00015239508716343656 0.00018170165952189195 0.00015532828359589315 0.000547821118602141
ZC3H3 3.4898973883747995e-05 0.00019145399251751632 0.0001767836551356467 0.00014432358759827128 0.0005474602091351823
MADD 8.921594784364433e-05 0.00014179865409826156 0.00016195568938056135 0.00015268900130829564 0.0005456592926307628
RAD21 3.2955153494467976e-05 0.000210353939497193 0.00016403094494261335 0.00013738814723811654 0.0005447281851723908
ZNF385B 8.018486640486726e-05 0.0001772111056600999 0.00014806297602067405 0.00013752826284585835 0.0005429872109314995
C21orf56 8.192090870120234e-05 0.00018867295318107124 0.00014505290644143684 0.00012679099326523145 0.0005424377615889419
AP2M1 3.3448533695895266e-05 0.0001633959104171355 0.00021894794739850306 0.00012625241380539393 0.0005420448053169277
STK25 3.149975590323024e-05 0.00017961585661656806 0.00017797789120637298 0.00015007861669595997 0.0005391721204221313
RCAN3 3.643957968409995e-05 0.00019587882110405115 0.00013731174976518748 0.0001668203041164279 0.0005364504546697665
VDAC1 3.864686644025203e-05 0.00015621666889582554 0.00021392750084904278 0.00012702637044838928 0.0005358174066335097
CTNNBIP1 3.685313303742367e-05 0.00011423748401255041 0.0001614884339383072 0.00021994004626833594 0.0005325190972566172
DAZAP1 3.8681792792368244e-05 0.0001759647584112187 0.00017264104185919893 0.00014080293315128144 0.0005280905262140673
EIF2S2 3.2326117569868136e-05 9.902464242042149e-05 0.0001993509861580625 0.0001943109235583296 0.0005250126697066818
MLX 2.221960003609787e-05 0.00012633018562661542 0.00018098673718528808 0.00019464507687604762 0.000524181599724049
UQCC 4.180204710180739e-05 0.0001403584453615032 0.00016166288352140968 0.00018009351709034253 0.0005239168930750628
ARHGDIA 4.02248720910088e-05 0.00018942607727330838 0.00015515174565900947 0.00013776017553596753 0.0005225628705592942
HBEGF 7.05198020540636e-05 0.0001647981299504353 0.0001502670728313948 0.00013575009539685325 0.000521335100232747
PTPRU 2.8037565044196392e-05 0.000146585492458383 0.0001514797450425715 0.00019483213773173247 0.0005209349402768833
CALU 2.8410344919998e-05 0.00019144500956728755 0.00017472119444768936 0.00012111371443926865 0.0005156902633742436
FLJ90757 3.6134592927295854e-05 0.00016017079561789736 0.00017598304648320953 0.0001415215198936518 0.0005138099549220546
GBAP1 4.4601107756743146e-05 0.00015626572789608154 0.00016140281534155601 0.00014608008629372725 0.0005083497372881079
SERP1 3.398155718314321e-05 0.0001576871791326526 0.0001628616189296691 0.0001537510360286873 0.0005082813912741522
TRIM46 4.2926214481904034e-05 0.00010347927824331282 0.00017477424132656243 0.00018592747542328324 0.0005071072094750625
HIST1H2BH 7.798783121621655e-05 0.00010264059942221131 0.00015522940488394614 0.00017005023005915222 0.0005059080655815262
KCTD21 3.7448171506528093e-05 0.00010079161247194772 0.0001703626099871022 0.00019197189372549425 0.0005005742876910723
SLC22A4 3.4016116325979456e-05 0.00011965416098956564 0.00017805087401281784 0.00016826035877255622 0.0004999815101009191
CALCOCO2 2.859071837344443e-05 0.00014573466709839216 0.0001672270792061574 0.00015809624810358985 0.0004996487127815839
RPL41 3.924080141493013e-05 0.00018554129703470283 0.00015881979465388153 0.00011321875537567842 0.0004968206484791929
ATP5O 5.077244408453424e-05 0.00011440745342082071 0.00014633740523455183 0.0001848829233162654 0.0004964002260561722
C6orf59 4.763822426262748e-05 0.0001550730425424003 0.00013613310266006673 0.00015690786904928804 0.0004957522385143825
MTMR14 3.516267112947609e-05 0.00015071633320501855 0.00014620125983600996 0.00016298595435305607 0.0004950662185235606
FBXW9 2.8125191415732758e-05 0.00016438658638373934 0.00017378126280495227 0.0001287501457168338 0.0004950431863212583
TRMT1 3.295099214306168e-05 0.00013614516181861572 0.00013821716020213514 0.00018139905213644523 0.0004887123663002578
PTBP2 3.755601778794316e-05 0.00013702971711626708 0.00018091208408359204 0.0001318076792862392 0.00048730549827404144
TCEA1 6.250798839690907e-05 0.00011711325254566785 0.0001617495260901663 0.0001455918246047201 0.0004869625916374633
SNX24 3.0015530218638526e-05 0.00014617625335091436 0.00017743741586413768 0.00013245192732561415 0.0004860811267593047
TNIP1 4.1675775147302855e-05 0.0001229456068446571 0.00019968492302396536 0.00012174601465049595 0.0004860523196664213
ZNF322A 4.898604657017624e-05 0.0001344315639940272 0.0001516073159198853 0.00015075603032447906 0.0004857809568085678
SFXN2 4.129490457874041e-05 0.00014785279773880404 0.00015213066612328017 0.00014073949533228484 0.0004820178637731094
NOMO2 3.731992702451408e-05 8.476721332206895e-05 0.00018635508019427 0.00017222861203161069 0.00048067083257246376
PPP4C 2.515689676113618e-05 0.00016298559063445428 0.0001525486804940326 0.00013947386511962826 0.0004801650330092513
KLHDC2 4.332096583732705e-05 0.00010630217320678983 0.000178155118646717 0.00015025195005330643 0.0004780302077441403
CCND3 5.653047911092549e-05 0.000148667855485495 0.00014037635817552263 0.00013200514560849974 0.00047757983838044287
POLE 3.2686882721493325e-05 0.00014174467165572487 0.00014706758872322373 0.00015484704769348914 0.00047634619079393105
SKIL 3.236859435984899e-05 0.0001427997195844472 0.00016841307042302601 0.0001302661789774303 0.00047384756334475247
SMNDC1 3.131192493888208e-05 0.00012718841622185595 0.00016855110074501516 0.00014649028857147646 0.00047354173047722966
PANK2 2.398283710610558e-05 0.00013229878914194172 0.0001522888203299337 0.00016366966991029192 0.0004722401164882729
SS18L1 3.886705280601352e-05 9.979007706326898e-05 0.000154720492331073 0.0001761648980427588 0.0004695425202431143
SIRT1 4.685297599864372e-05 0.00012437525581930606 0.00015272760077498568 0.00014229898641833808 0.00046625481901127355
B4GALT5 3.4563583137739716e-05 0.00013271883019762802 0.00014342050348759792 0.00015548367309385825 0.00046618658991682394
ATAD5 5.3592824140373314e-05 0.0001370872805681208 0.00013095343041292763 0.00014173945820685987 0.00046337299332828164
SEMA6C 2.2395563674974394e-05 0.00010547538619173758 0.00015775484204608652 0.00017562137720589623 0.00046124716911869477
ZNF225 2.504406379712406e-05 0.0001234466103587691 0.00013125955689339053 0.0001802469683230902 0.00045999719937237394
SOLH 3.38434998701499e-05 0.00013315571658859248 0.00015713477184813138 0.0001299244641278316 0.00045405845243470534
YLPM1 4.4216445097259144e-05 0.00011321054791884493 0.0001521010980946893 0.0001434965624597285 0.00045302465357052187
MOBKL2C 4.586441231132016e-05 0.00012126514240204573 0.00013550276720756892 0.0001494649157217992 0.00045209723764273404
CCDC64 3.2828176528505767e-05 0.00010409793290741384 0.0001494461019888592 0.00016185873468187157 0.00044823094610665036
TMEM219 5.976832349888681e-05 0.00011814327528502466 0.00014224847564206538 0.00012697662023901902 0.0004471366946649959
LSM3 4.6153996327876115e-05 0.00012589252925849877 0.00015952620929714911 0.00011273357619778185 0.0004443063110813058
PIK3R3 4.1477440179258504e-05 0.000122412412408394 0.0001402941424342146 0.00013623861620263412 0.00044042261122450123
PDIA6 3.7798170702080895e-05 0.0001207132463671349 0.00015422135979110513 0.00012417294001350996 0.0004369057168738308
MTUS1 3.401180412039685e-05 9.682787762722721e-05 0.00015364681282076104 0.00015120714659614236 0.0004356936411645274
MIR611 3.229925892246645e-05 0.00011633938290993577 0.00017031089606414477 0.00011513874759858484 0.00043408828549513183
RNF34 6.43586477264865e-05 9.844793396177416e-05 0.00013789277237482716 0.00013244424217335828 0.00043314359623644605
DNAJC28 2.274384865520602e-05 0.00010615417594734105 0.00015642494906299462 0.00014539379262172065 0.00043071676628726236
SLC12A7 2.7052882325915012e-05 8.866527712903118e-05 0.0001536302186353722 0.00015781328585606048 0.00042716166394637885
NUS1 3.628633899151498e-05 0.00011238918811565536 0.00013425080720181338 0.00014326128969378155 0.0004261876240027652
RHOT2 5.970777157088712e-05 0.0001142634621852811 0.0001257503227038345 0.00011949231631550462 0.00041921387277550734
SRP54 3.432440402979126e-05 9.923529227090799e-05 0.00011634167034870371 0.00015950294417781287 0.00040940431082721584
CLDN19 3.3383839516337146e-05 0.00011678340626454751 0.00014552185980854746 0.00011321952892378987 0.000408908634513222
C7orf59 6.142405045246896e-05 0.000107753604857544 0.00011370806266176612 0.00012350844958782493 0.000406394167559604
VAMP4 6.289845477662724e-05 0.00011260892459504398 0.00011351136197520848 0.00011498535397315081 0.00040400409532003053
CXCL16 3.0073908698671347e-05 0.00010868743619805482 0.00013588980064432776 0.00012183727579947998 0.00039648842134053393
HRAS 2.842572597783787e-05 0.00011215312098786837 0.00015218575838469624 0.00010278010134425783 0.00039554470669466026
KIAA0467 3.462299379794724e-05 0.00011328244640946512 0.00012255577730561524 0.00010888455251772731 0.00037934577003075493
DOLK 3.850197182791332e-05 0.00010761486973031125 0.0001090372223546238 0.00010974656414794615 0.00036490062806079454
