 NT G1 G2 G3 sum
KCNQ1 0.0005101019379266634 0.001552820689471145 0.005396864329900065 0.005586395575061456 0.01304618253235933
CDKL2 0.0005474536674299061 0.0005975124116281534 0.006620953547929452 0.004142659770750525 0.011908579397738036
RAB22A 0.00025723711313818887 0.003362451123909467 0.004426341887784344 0.001138796385898835 0.009184826510730834
E2F6 0.00047780180755884334 0.0007948259078579252 0.005096672870237533 0.0027719559436742073 0.009141256529328508
PIGB 0.0006189200013109802 0.002667815418021475 0.0009658606290392617 0.0046669418048314835 0.0089195378532032
S100A2 0.0008285345131636777 0.001268556407567678 0.0009750838616268647 0.005680404544367048 0.008752579326725268
NEDD1 0.0004991212469286351 0.0016237387456260583 0.004750135635142949 0.0018370593910141974 0.008710055018711839
C1orf77 0.00032905717845912715 0.0007491900605066818 0.004308753874190747 0.0029699442298634026 0.008356945343019959
PLD1 0.0008473881639554087 0.003124513028870099 0.0011460037644663858 0.0021681273573328033 0.007286032314624696
BMP4 0.0007990685788034271 0.0011983201248391172 0.002284537535201175 0.002929822178556828 0.007211748417400547
NUMA1 0.0007033965365641746 0.0008715118400386423 0.002271678759722283 0.0031925617388492518 0.007039148875174352
PAPLN 0.0006311936986154323 0.00262815043627645 0.0006338655137854582 0.0029933423523105826 0.006886552000987923
ATPGD1 0.0008946981609936972 0.001107903942227398 0.0034215444143863285 0.0012409462075185914 0.006665092725126015
C9orf27 0.0005222397400480316 0.0023548915469478672 0.002844505725627762 0.0007628595699316266 0.006484496582555287
BOLL 0.0003332330904204 0.0006218973473227822 0.0015756954759826307 0.003461830873217482 0.005992656786943295
DMP1 0.0003638348435591136 0.0033357805871627212 0.001128777228353185 0.0011213471145807745 0.005949739773655794
DUSP10 0.0006171379095006969 0.0005686885589403787 0.0013053888339610666 0.003173460591445036 0.005664675893847178
C17orf90 0.0003996242985021539 0.0023493863975201515 0.0025629337589205695 0.00030653451166868487 0.0056184789666115596
TRAF2 0.00030843895410331124 0.0003971710161268625 0.001236699091836498 0.003604382295327506 0.005546691357394178
COLEC11 0.0004919715503871737 0.0008247463002792856 0.002581187965277163 0.00161992989204569 0.005517835707989312
ITM2C 0.00025341587412372154 0.0004691618098266255 0.0013997705780067278 0.003191351585037512 0.005313699846994587
SERPINE2 0.0005321114523223977 0.00131487476752338 0.002586116250834343 0.0008413725197081093 0.00527447499038823
RUNX3 0.00048160830213765356 0.0007281661926283181 0.002882859414086155 0.0011705745149802583 0.005263208423832384
ABCA4 0.00045267718081739493 0.0005407816304990716 0.0017217468863645405 0.002464060143504632 0.005179265841185639
CES4 0.00041358504944144877 0.0007387154463110806 0.0020899965436570462 0.0018823682468789116 0.0051246652862884864
NCOA6 0.0008433778739218125 0.0003760344807553743 0.0009874452484313705 0.002842046748307902 0.00504890435141646
ABLIM1 0.0002904788908615589 0.0020695231432233743 0.0017381357612532762 0.0008767740363256826 0.004974911831663892
C16orf81 0.0006542190866212732 0.001149175985928648 0.00039375908728323666 0.0027668211772976853 0.004963975337130843
GSTM5 0.00042374682220206036 0.0004869993067189874 0.0020249173973967086 0.0019479602056003925 0.0048836237319181495
C17orf69 0.0006053081025081524 0.0013610198425824545 0.002269023154906282 0.0005943637486954777 0.004829714848692367
NDN 0.0005076781676188585 0.0012098241040078034 0.0019631229960986396 0.0010426581864880088 0.00472328345421331
HOXD4 0.000495378213626176 0.0010546010028523426 0.000684193693191786 0.0024069441612440535 0.004641117070914358
SLC2A8 0.0005612916777845689 0.0006584393608264703 0.0016920162847298063 0.0015899806121863706 0.004501727935527216
SMPD3 0.00026800312388822976 0.0024781591459389603 0.0010186205792767696 0.0005503437812302924 0.004315126630334252
C15orf26 0.0005885163744625443 0.0007229300837210465 0.00196975018204639 0.0010305817940306364 0.0043117784342606175
HOXD3 0.0005579493701544395 0.0006529904482703575 0.001344833486568193 0.0017539833783606809 0.004309756683353671
LIME1 0.0003799093348476082 0.0016644508552055791 0.0016465168879543652 0.0005877982447843732 0.004278675322791926
OR8B4 0.0002213933418558184 0.0003429289119653054 0.0013437954318752817 0.002261396089276479 0.004169513774972884
TC2N 0.0005431345082846577 0.0018502345509839653 0.0005531426277227308 0.0011955053645124494 0.004142017051503803
ENO1 0.0003816622263590907 0.00043512540603920055 0.0010790475570352184 0.002111125700097726 0.0040069608895312355
ATXN1 0.0013087804457590237 0.0006540174300857958 0.0004465338250530077 0.0015969401427998616 0.004006271843697689
C1orf70 0.0005306022350555263 0.001530726570232802 0.0007243105990183808 0.0012172518823032187 0.004002891286609928
VASH1 0.000490992382923595 0.0019644943122307953 0.0008264179409200933 0.0007188216513986273 0.004000726287473111
SLN 0.0008697496567507389 0.001195077312710672 0.0012132895024990578 0.000616579609375668 0.0038946960813361366
TIPIN 0.00044819639328731904 0.0013229116938686268 0.0006194971283936253 0.0014321886367565245 0.003822793852306095
ITPKB 0.0003426576841579179 0.0002998505320906509 0.0015137907399288262 0.001635450561102418 0.0037917495172798132
LOC340017 0.00047351904364869397 0.00032084400413681674 0.0014809527416634138 0.0015136570666218726 0.0037889728560707974
ANXA2 0.0007319952690527505 0.0013906192852250715 0.0007160722610967285 0.0009348471109171637 0.0037735339262917147
AGFG1 0.0004648877406165884 0.0003667352820733513 0.001312993745496848 0.0016095184217111882 0.0037541351898979763
VAX2 0.0004834655568365663 0.0007549875787915292 0.0005062208631521282 0.0019695671610236395 0.0037142411598038634
PAX6 0.000541187784227932 0.0005462128508023417 0.0008434733953906458 0.001743704807618421 0.0036745788380393406
TMEM173 0.0005190959048260761 0.0015396386699414498 0.0011367221222229654 0.00046887817452368646 0.0036643348715141777
AQP10 0.0005072215144375854 0.001092145783879631 0.0007033784976168073 0.0013607481514913498 0.0036634939474253737
LOC100128675 0.0009304107538993708 0.0005055759909323947 0.0017179793372779605 0.0004919628012349638 0.0036459288833446896
C1orf100 0.0004773270898550977 0.0014535436820680664 0.0011133443612025454 0.0005842636400326766 0.0036284787731583864
KCNE4 0.0004275237436664397 0.0015519722872262144 0.0007838824594481863 0.000855616408816804 0.0036189948991576446
DBNDD2 0.0006602391621799731 0.0002989111666981049 0.0010149943834325485 0.0016437875850916187 0.003617932297402245
SPAG6 0.0004474563336512906 0.000515874335438096 0.0017369945175735046 0.0009077730219457035 0.0036080982086085945
CFTR 0.0004121282455171318 0.0015962141750871478 0.0009878295670179816 0.0005896339076391861 0.003585805895261447
PYGO1 0.0006289177090495564 0.0005398367439140533 0.0016358990598033779 0.000759302815990373 0.003563956328757361
DSE 0.0004461379248304486 0.001346711575128225 0.001321188513140229 0.0004232260398867141 0.003537264052985617
SIX3 0.0005654768658375345 0.0005002005652307852 0.0011338259323750385 0.0013090563401757605 0.0035085597036191183
PRR15 0.0004294764926642781 0.00148893394510276 0.0010010972816119205 0.0005652338909705845 0.003484741610349543
RILP 0.0004093664032593596 0.0006993505026346535 0.0006966828331225897 0.0016643235280690831 0.003469723267085686
MIR10B 0.00047552355004938185 0.0006191405473157475 0.0011775121021101818 0.001162962915145976 0.003435139114621287
CLCC1 0.0005714720562958794 0.0004516404218599259 0.0010326812099171073 0.0013741534163099656 0.0034299471043828782
NAPSB 0.0006405133191154769 0.0005187540514981157 0.0010346749351815823 0.0012346087589421325 0.0034285510647373073
MEI1 0.00045539120336279755 0.000537511456187103 0.0009595572442270868 0.0014724055757069558 0.003424865479483943
LOC84931 0.0007035059333812493 0.0008876146916345804 0.0010865041680935949 0.0007446740031177609 0.0034222987962271856
NSUN4 0.0007044354821838921 0.0013164731408881508 0.0006467867191728277 0.0007440571130734477 0.0034117524553183183
PSMD13 0.00033427282745279307 0.001314777969967295 0.0008533923109254963 0.0008901394757157664 0.003392582584061351
OR8D1 0.00028989986427876415 0.000637659893821377 0.0005906061117214249 0.0018463785286140712 0.0033645443984356375
HMGXB4 0.0004547087686561175 0.0010467776581329425 0.0012890334270173622 0.0005498005012989771 0.0033403203551053994
DLEU7 0.00047097522490151895 0.0003832485373683832 0.0013354511438543708 0.0011481832939833829 0.0033378582001076557
TRPM1 0.0004229587566292022 0.0006422774153344394 0.0006135499642106053 0.0016555761886238277 0.0033343623247980743
FAM195B 0.00039598479409126117 0.0003171637541591508 0.001332309866148962 0.001286416022120307 0.003331874436519681
SEPT8 0.00042289252283585324 0.0004055840675621803 0.000959644987192826 0.0015414274541451195 0.0033295490317359787
USP53 0.0005646499927172267 0.00042120834880918413 0.000915344728437404 0.001426598101754595 0.00332780117171841
MMP12 0.0004705575024961157 0.0010401465653727747 0.0012945607458241617 0.0005139378427476048 0.003319202656440657
ZNF354B 0.0005345265145702034 0.0007115584851120055 0.0015543870970569835 0.0005064917127460691 0.0033069638094852614
ZPBP 0.0008323836349559835 0.00024256260248686456 0.0007888610833128309 0.001441811267767274 0.003305618588522953
HDAC11 0.0007142146609124666 0.0004015882269676233 0.0006831168207614001 0.001494744762748754 0.003293664471390244
CYP1A2 0.0003054330735668664 0.000359402353913274 0.0014869139489290055 0.0011377720998682463 0.0032895214762773918
THOC6 0.0003090678865783501 0.0010716022052161295 0.0007963973315833711 0.0011028563713926256 0.003279923794770476
LITAF 0.0006626273932734563 0.0006737954638929485 0.0012192049696056943 0.0007192508082377196 0.0032748786350098188
OVOL1 0.0003476265267845811 0.00031747574167102175 0.0011961258915206684 0.0014071139454816851 0.003268342105457956
POLR2D 0.0008316730719982641 0.000921596756309234 0.0007785113752594461 0.000715471492220218 0.003247252695787162
SLC6A6 0.00040716287074535237 0.00026957497126912813 0.0014082704158439835 0.0011479702043702298 0.0032329784622286938
OSR2 0.0006926920867701215 0.000262493683317958 0.0014303767283923674 0.0008438403941549471 0.003229402892635394
SLC27A3 0.0008340049120395951 0.0012077381038872502 0.0005329506833487954 0.0006469115397995765 0.0032216052390752173
HIST1H3G 0.0003281659577272156 0.000375241190378337 0.0009378483215136308 0.0015684572381507143 0.003209712707769898
MGAT4A 0.0003076734717832008 0.0005782537690799532 0.00131059085169039 0.001012924578382929 0.003209442670936473
HAPLN2 0.00037700027197303833 0.00024808447577903735 0.0009570776939839102 0.0016175806714450948 0.0031997431131810805
YWHAZ 0.0005037649913560125 0.000343098415652912 0.001049467779582775 0.0012373362315936905 0.00313366741818539
CDC42EP5 0.0007012765486404142 0.0008357008258507396 0.0006388830654403866 0.0009418920193977294 0.0031177524593292696
C4orf31 0.0005095420185439193 0.0005738068600583093 0.0010075967187633257 0.0010265231797865954 0.00311746877715215
MIR376B 0.0005080512874413632 0.0009046323801974417 0.0010720577267367584 0.000626938669981255 0.0031116800643568184
NCK2 0.0004963440788264916 0.00038837395252298813 0.000814553757061683 0.0013890027502763429 0.0030882745386875054
SLC25A46 0.0005071470668314745 0.0003504061725151051 0.0009134271150958087 0.0013118782049589364 0.0030828585594013247
EHBP1 0.0005142233853396852 0.00048440370333278926 0.0010376613642760588 0.0009943413571783383 0.003030629810126872
ZNF239 0.00046967018259424576 0.0010214480342429588 0.0006349294394880805 0.0008887851496834508 0.0030148328060087357
IVD 0.0004863737567584826 0.0006246041268126962 0.0014240870211568793 0.0004724055086252557 0.0030074704133533138
LDHB 0.0005438760026184335 0.000648472655193248 0.0007204919195274125 0.0010769861102368924 0.0029898266875759867
C2orf50 0.0003762170804337212 0.0008060547131230642 0.0012225763532189265 0.0005554838185887969 0.0029603319653645085
CDCA4 0.0005766872192835647 0.00019732055781086026 0.0007780352891355839 0.00137816187681966 0.002930204943049669
MIER2 0.0003735789175682268 0.0006505900399035914 0.0010478201702232171 0.0008339880925710665 0.002905977220266102
CDC42SE2 0.0007111854392975934 0.00030410781285449706 0.00043868833675446374 0.001427195908965911 0.002881177497872465
FAM194B 0.0007157750019281383 0.0006704552185804788 0.0005195468029950784 0.0009710899248741075 0.002876866948377803
INADL 0.000368535976832295 0.0003486281286880715 0.000946713145720518 0.0012125817395659906 0.002876458990806875
DOPEY2 0.000337250834301385 0.0011038204095182055 0.0006309995350633047 0.0008027171006196321 0.0028747878795025274
ST8SIA3 0.0006017816336914523 0.00043404751434753566 0.0008779294356723959 0.0009402091264703625 0.0028539677101817465
ISL2 0.0006636569287965368 0.00035753906136406957 0.0010160931249573203 0.0008148524915123235 0.0028521416066302503
SIRT1 0.0003086686670727371 0.0003105430038464721 0.0009652756169841823 0.0012582310315350264 0.0028427183194384177
NPAS2 0.00042345970237422535 0.0010639893678837944 0.00041325517525905663 0.0009178374239817214 0.0028185416694987975
LOC731779 0.001085837906740946 0.0005977555702680862 0.000645147805162256 0.00048362087409966996 0.002812362156270958
MYH10 0.0005601592243897058 0.000325286600005339 0.000847138866669602 0.0010531405490862259 0.0027857252401508725
RBM47 0.0005324563501537176 0.000515840551222993 0.0006106177801002022 0.001118458664594621 0.002777373346071534
TMEM39B 0.0004306538720168356 0.0005372745187698271 0.001231014887528685 0.0005710570155270306 0.0027700002938423783
TBX4 0.000558036012318348 0.0004549833844878641 0.0008108882907176407 0.0009349833214348993 0.002758891008958752
GAL3ST3 0.0004041706776098211 0.0012106491462561487 0.0006213805820063568 0.0005105620063480612 0.002746762412220388
GGN 0.0004302069613069812 0.0002864241029078526 0.0007514252619980717 0.0012773041079027002 0.002745360434115606
MYO1B 0.0005272251081433869 0.0009940285221594714 0.0008601509455426799 0.0003591306252433321 0.00274053520108887
ACSL3 0.0004885320258755221 0.0008001794083430765 0.0009238958432033671 0.0005228945201781048 0.0027355017976000706
SNORA1 0.0007859099573284502 0.0005534710408617372 0.0009006934997622992 0.0004643318093447917 0.0027044063072972782
ZNF232 0.0004691947890907744 0.0011797075424876944 0.00048425560928749703 0.000559585017182721 0.002692742958048687
RTN4 0.0005323408576205877 0.00035535361020847423 0.0006990562003384373 0.0010947438332222132 0.0026814945013897123
GCH1 0.000758498201873426 0.0003775239080180565 0.0008060899362040465 0.000737883320503026 0.002679995366598555
MELK 0.0006508603315716253 0.0007276404002695607 0.0007718880380010113 0.000525910425445847 0.0026762991952880445
PRR14 0.00035301052895838475 0.0004271166476171575 0.0008070725021028423 0.0010870277364000524 0.002674227415078437
PDRG1 0.0005154318679204829 0.0004677298611992325 0.0006974811515376643 0.0009851339344403981 0.0026657768150977774
RPRM 0.0005525327315595789 0.0005793739703601652 0.0008311393906296028 0.0006916317928846776 0.002654677885434024
C22orf24 0.0010455157157498475 0.0003950396539820192 0.0007483871894015798 0.0004635920041326666 0.002652534563266113
GABPB2 0.000687912838648857 0.0004805016255815571 0.0009548785828611686 0.00052645898627843 0.0026497520333700125
ZFP62 0.00037784288963327593 0.0003405286739756563 0.0010577093780735813 0.0008668841288057158 0.0026429650704882296
HOXC4 0.00039000876809396637 0.000662872208749104 0.0010207046553456158 0.0005683991975398514 0.0026419848297285376
FLYWCH2 0.0007376431010514114 0.0004498753627778844 0.0008310945330960258 0.000617830734015067 0.0026364437309403885
TRIM56 0.0005093136008688453 0.0004689981033294668 0.0008939169971264804 0.0007404729918194281 0.0026127016931442202
TOPBP1 0.0006675724868800922 0.0007070283147995445 0.0006709112815769094 0.0005512852447617197 0.002596797328018266
LOXL3 0.0005669436907766213 0.000783935211179067 0.0007074930485567338 0.000536601343087077 0.0025949732935994993
CST9 0.0005981597577626288 0.0005491673783841857 0.0007989854746758921 0.000641457597975927 0.0025877702087986334
ERRFI1 0.00043536903654663156 0.0002483534820807745 0.0008357677190218033 0.0010593171848211522 0.0025788074224703614
PGCP 0.00039293270088024856 0.000816432015933563 0.0007922358818275174 0.000576111289081451 0.0025777118877227797
PRL 0.0006650489406903909 0.00039036730477179057 0.0009417666074117272 0.0005801624333904376 0.0025773452862643464
RGS22 0.00046108346487312875 0.00032161416792290753 0.0010154820009794373 0.00077590839580525 0.0025740880295807237
SNORD46 0.0005151435093280914 0.0006213636794919887 0.0008282918478428608 0.0006054409338262692 0.00257023997048921
ADCK5 0.0007728211394870956 0.0004476373600425503 0.0007515063098752397 0.0005607614369374422 0.002532726246342328
RIMS3 0.00035566331619832597 0.0007550232543515034 0.000986437540459806 0.0004282039202832525 0.002525328031292888
NEURL3 0.00024139424493193517 0.0003973551949986486 0.0008179038938809314 0.001068489819737282 0.0025251431535487975
POLE 0.0003357895565059154 0.00045675341141536777 0.0007641706070613336 0.0009670977871869187 0.0025238113621695356
FGL1 0.0005253293337166098 0.0004428851908467207 0.00034546010281910026 0.001201220949433562 0.0025148955768159926
CRHR2 0.0005370293219129771 0.0003510077860747338 0.0009712314984957726 0.0006476213930840629 0.0025068899995675463
DMXL1 0.0003773895720893357 0.00032012872118733943 0.0009811766476454163 0.0008275467371552934 0.002506241678077385
MIR1252 0.0003058171548778876 0.0005723163213088456 0.0005976819187551935 0.0010238968766671862 0.002499712271609113
NELL2 0.0004253805735469749 0.0012072157208642955 0.0004555604832209595 0.00040661133969288116 0.002494768117325111
LMO3 0.00041635251209096614 0.0004364125297521626 0.0008294760378441417 0.00079775357559687 0.0024799946552841404
OR9Q1 0.00030953387244472965 0.000551259092562401 0.0011254382423414877 0.00047911742252062454 0.0024653486298692427
POPDC2 0.0004062191090517156 0.0005620735851483703 0.0007099618595715148 0.0007841043043144653 0.002462358858086066
ALKBH3 0.0004485025138537704 0.00042768472490370657 0.00031713146584472305 0.001253683958818813 0.0024470026634210128
SNORD114-4 0.0006629883565630886 0.0003398358576066094 0.0008814532835619809 0.0005595825158742466 0.0024438600136059254
LOH12CR1 0.0005613326629260475 0.0010026174956997511 0.00046010728008559113 0.0004167073173039698 0.0024407647560153595
DAXX 0.0003677212676671235 0.000746258364290781 0.0005811095885729853 0.0007408491205732319 0.002435938341104122
KIAA1143 0.0005701279107955718 0.000724958255920065 0.0006514080836250097 0.00048025125466555926 0.002426745505006206
ZNF167 0.0006324275828308749 0.0004305142733790219 0.0009135602416543579 0.00044541319903625186 0.0024219152969005065
HMGB1 0.0004903826370568943 0.00038161168971365643 0.0007015068075257761 0.0008451605889274137 0.0024186617232237403
DMRTA2 0.0004154089455747265 0.0007312704471829658 0.0007610177232905328 0.000501182954948049 0.0024088800709962744
HOXA10 0.0007455853312065327 0.00032962455997778776 0.0005490798702150639 0.0007818156824474981 0.0024061054438468824
ZNF438 0.0006453676756464162 0.0006781247531289704 0.0005840962079379949 0.000495132606161335 0.002402721242874717
BAT1 0.00037884697023687653 0.00037945127753770825 0.0005060148093756016 0.0011305477902407756 0.002394860847390962
AGRN 0.0007452223167751094 0.0003044994677847294 0.0007528097049011756 0.0005856678514091935 0.002388199340870208
AURKB 0.0007533820302105696 0.0003330403499013908 0.0006346396933869093 0.0006666334072549874 0.0023876954807538573
C6orf48 0.0006885138825813506 0.00022521387127984863 0.0008580333651468227 0.0006150450235902621 0.002386806142598284
FAM131A 0.0004037907043469294 0.0010952655837235467 0.0006433994604359309 0.00024403668935069062 0.002386492437857098
CRYGD 0.0007748166012480608 0.00046771943845883446 0.0006408198444011828 0.0004989432414503718 0.00238229912555845
GPRIN2 0.00025501176988418215 0.0005505597913337619 0.0009922846534457153 0.0005833907155515475 0.002381246930215207
RTBDN 0.00022012240083222554 0.0008345856944520962 0.0003556099157831363 0.0009614448762306777 0.0023717628872981355
C2orf79 0.0006318583347778909 0.0005430375726756199 0.0008508080697467288 0.00034524165409356516 0.0023709456312938047
DSCR6 0.0005897263228004226 0.0004584367536232496 0.0008475368663481139 0.00046870547575779566 0.002364405418529582
DOLK 0.0004245010240043804 0.00037867857861947484 0.0008984405663155385 0.0006615079282403069 0.002363128097179701
AGFG2 0.0003364862182082388 0.00042678760576585277 0.000672121051591123 0.0009227869504752782 0.002358181826040493
ZSCAN18 0.0004936827234140791 0.00045216246936298585 0.0005965081595446776 0.0008144051692489225 0.002356758521570665
MEG3 0.00035891875873261564 0.000481202104963669 0.0004758892636678564 0.0010368657659880558 0.002352875893352197
DMRT3 0.0005597187590946008 0.0004696846876463308 0.0006610230909542956 0.0006559166966118104 0.002346343234307038
MAPRE1 0.00046554437727107655 0.0005786953705484398 0.0005999869403946526 0.0006971846840219537 0.002341411372236123
PPWD1 0.0005212935763767424 0.000480401940272388 0.0006286384499013607 0.0007061470445180132 0.0023364810110685042
TBX15 0.00046301337134468186 0.0009443206042338132 0.0005445188026882059 0.0003839642745705283 0.002335817052837229
PRR20E 0.00043952796105683356 0.00039036767475479736 0.0009354510612679722 0.0005575006824686954 0.0023228473795482985
CHI3L2 0.0005696410509962173 0.0008881983624460181 0.00029097641405716684 0.0005600941527495253 0.0023089099802489277
IBTK 0.0006437376712551304 0.0003485263695029169 0.0007091608706976916 0.0006031441576538364 0.002304569069109575
ZNF227 0.00038905649028214684 0.0004095045925380573 0.00061437828493125 0.0008845369490860436 0.0022974763168374978
C17orf85 0.000314669501644827 0.000660715650895397 0.0007613111008609734 0.0005585949248098626 0.00229529117821106
C1orf158 0.0004221344142923995 0.0005365557786372385 0.0005288610747668047 0.0008047081664246355 0.002292259434121078
KIAA0664 0.0008842069276510022 0.0004419197505465985 0.00035918700791978214 0.0006039015573386478 0.0022892152434560308
FAM196A 0.00034189976803413775 0.00046153352395432055 0.0004777921763757289 0.0010041244366898754 0.002285349905054063
CCDC144NL 0.00042562482840243247 0.0005133553420586508 0.0008209282464579526 0.0005211019433394508 0.0022810103602584867
MGC13005 0.00041401866242408763 0.0003547223956437528 0.000746131814812991 0.0007647411777700079 0.0022796140506508395
ARHGAP25 0.0003517596321022872 0.0008833906608803821 0.0005617341867405822 0.0004779763320627583 0.0022748608117860096
C19orf50 0.0008161524740328459 0.00040820865483384635 0.0004322583477821168 0.0006087540859754517 0.0022653735626242608
LRP5L 0.0004854876521382794 0.0007650939804663088 0.0003952589431865967 0.0006168180000489904 0.0022626585758401753
CNIH4 0.0006022029283179922 0.0004068133552454581 0.0008252197375166586 0.00042535039690188594 0.002259586417981995
KIAA1712 0.0002501779731126966 0.0007702727797664094 0.0007049491079067358 0.0005337688921852635 0.0022591687529711054
ACOX3 0.00045600043592585176 0.00041051202185681847 0.00036508231948326057 0.001022443551353912 0.002254038328619843
BTG2 0.0005612639968758699 0.00037980810668177055 0.00033317981001340944 0.0009770525744538328 0.0022513044880248826
CRTAC1 0.0004926529192120436 0.0005921051691733035 0.0007012902032499354 0.0004580022679291424 0.0022440505595644248
MIR1975 0.00044000327980072123 0.0003019632372877779 0.0009179003904492564 0.0005791036161039798 0.0022389705236417353
NQO2 0.00048377984831775935 0.00041313450718875845 0.000699166161886111 0.0006419698036577398 0.0022380503210503687
LOC284798 0.0003055522527970095 0.00022595619623956114 0.0006763076470334157 0.001026284597703985 0.0022341006937739716
ANKRD23 0.00045572978268124196 0.00022023677614048487 0.0006995328800102526 0.0008529070726866084 0.002228406511518588
RPL18AP3 0.0005121187176748275 0.00026896566341706485 0.0005603897428016321 0.0008862173111293878 0.002227691435022912
LARP4 0.00047196841040167344 0.00046132403646970377 0.0006776376559304183 0.0006142344434008514 0.002225164546202647
MIR1178 0.00047819842365234307 0.00042506971960781515 0.0005138029943572257 0.0008026602164863505 0.002219731354103734
SMPD4 0.00044376849348287065 0.00017371633106210734 0.0005410999385483149 0.0010529340650592244 0.002211518828152517
LOC100128640 0.0005700471460737192 0.0004417334448538959 0.000522527293375872 0.0006744338678629058 0.0022087417521663927
GPNMB 0.000642358226058128 0.0005639693644718909 0.00042239729007468967 0.0005771899322609378 0.0022059148128656465
C15orf51 0.0006148777658760403 0.0005224756723875751 0.000394576061979356 0.0006657713988631223 0.0021977008991060937
MUC13 0.00034117464730925743 0.000943099448796179 0.0003680006426444754 0.0005431361734554725 0.002195410912205384
NOLC1 0.0005049476883986853 0.0006604383633259652 0.0005845535282154397 0.0004444039752764456 0.002194343555216536
DAAM1 0.00034357502239669 0.00040263081958656383 0.0007190426070276129 0.0007152351212062381 0.002180483570217105
PRDM8 0.00043030142979594255 0.0006751706298841457 0.0006730543802972196 0.00039938097526970523 0.002177907415247013
APOL3 0.0003698723373342878 0.0007058383527885042 0.0004279521165535171 0.0006720307115649387 0.002175693518241248
PPP2R5A 0.0004878983252585794 0.00048690432588430893 0.00048061213407332313 0.0007197866154633022 0.0021752014006795137
RBAK 0.0005739551393826313 0.0007656218183241875 0.0005235857696248696 0.00030875102157132124 0.002171913748903009
PHF1 0.00039296187765476884 0.0005916670999127119 0.0007466438974608403 0.0004380774334878288 0.0021693503085161497
RPN1 0.0005909554175571964 0.0005503341605825174 0.0005419993646454112 0.00048382994337564645 0.0021671188861607715
GPER 0.0006091185849899266 0.0006248898431432851 0.0005186075202169037 0.0004142463026818497 0.002166862251031965
GALT 0.0005491573899561372 0.0007991662437792339 0.0004969999271752849 0.0003185097809645855 0.0021638333418752416
SSB 0.0006176260343588788 0.0004974378727611328 0.0005098397483132991 0.0005344174811549353 0.002159321136588246
MEG8 0.0005971542530682418 0.0003520482680453367 0.0007005724130420604 0.0005081479311361452 0.002157922865291784
RAB9P1 0.0005460176720326649 0.0005546725027911427 0.0005840219800324589 0.00046699963986430597 0.0021517117947205725
TMEM51 0.00030194804352394 0.0005920519076712357 0.0005264274669999642 0.0007308421243263232 0.002151269542521463
AKNA 0.0002767565301995404 0.0004299893604301999 0.0007367760805152185 0.0007055186143550613 0.00214904058550002
BCCIP 0.0005359160412187708 0.00048469232163555787 0.0005722484290126611 0.0005544673104863471 0.002147324102353337
LY6G5C 0.0005350289082694846 0.00047617860236391554 0.0005958170547539694 0.0005401831091687506 0.00214720767455612
JDP2 0.0007726449983103003 0.00043173787770720126 0.0006221738882004802 0.0003182352337470977 0.0021447919979650796
BCL6B 0.0005603910196005661 0.0004068171017480006 0.0005831379372469784 0.0005932531609284787 0.002143599219524024
PKMYT1 0.0004008133024186736 0.0005221855319709997 0.00047276880539537933 0.00074579635061165 0.0021415639903967026
PPP3R1 0.000755437965967178 0.0002852948835806911 0.0005325142119869285 0.0005672378605445829 0.0021404849220793805
DEGS1 0.0003449194296658479 0.000418841365221317 0.0008197924402215557 0.0005512505434500308 0.002134803778558751
FSD1 0.0005279601463500977 0.000581265663168479 0.00047495207371610804 0.0005472160125989277 0.0021313938958336122
CORO1C 0.0004187653475869604 0.00040709785122300835 0.0008514296645751451 0.00045078479043854944 0.002128077653823663
SLC44A5 0.00042440486252231027 0.00025281606159726906 0.00057395288144775 0.0008737773566541894 0.0021249511622215187
ZCCHC3 0.00030955478443692923 0.0003804025833102923 0.0006368109629250543 0.0007953147936400624 0.0021220831243123385
ELMO1 0.0006048430216483497 0.00023810544572496953 0.0008270558134921509 0.00045015324888737437 0.002120157529752844
ANG 0.0005956699354897137 0.0003514595247702026 0.00020340927223413892 0.0009673209871360914 0.002117859719630147
ST6GALNAC1 0.0006564814985979259 0.0003638713070276173 0.00044012406370982454 0.0006503398060771826 0.0021108166754125503
SMAD6 0.00035047700097469274 0.0004954177504075394 0.0008028960728542888 0.0004602687939794027 0.0021090596182159237
NCRNA00114 0.0005124203765873524 0.000280640529532233 0.0006115633588793913 0.0006947904644274449 0.0020994147294264216
CDX2 0.0004292772742395806 0.0008479510190530042 0.00037132623291691476 0.00044395365630188835 0.002092508182511388
FAM186A 0.0007978890749021956 0.00046974880052895235 0.0003053829862514546 0.0005169508462763734 0.0020899717079589757
ADIPOR1 0.000666814468807766 0.00046140443768798097 0.0005079211494828076 0.00045038451733789736 0.002086524573316452
RUNDC2A 0.000792365148201336 0.00041339149214024976 0.00041427245065219794 0.0004650771976943274 0.0020851062886881114
PDZD8 0.0005974018984727797 0.00043486745168380925 0.0004754665046303558 0.0005755274539511945 0.0020832633087381393
ATP6V1H 0.0005271659510850869 0.0004141968551085828 0.0006389586944990417 0.0005016263983580972 0.0020819478990508084
BIN1 0.0005318344184718385 0.00043938045483463253 0.0005638472287287079 0.0005454622543810857 0.0020805243564162644
SH3D20 0.0005436811327256734 0.0004264503119050619 0.0006112983381646569 0.0004980417762851885 0.0020794715590805807
SNORD30 0.0006243835758512214 0.0004353330291087095 0.0005221081312828941 0.0004935580057288111 0.0020753827419716362
C13orf33 0.00031974451303267695 0.0007400441318318791 0.0005758048532885325 0.00043937669655506477 0.0020749701947081534
MKNK2 0.0006463523619003595 0.000268597211440699 0.000442237289897667 0.0007164953583234737 0.0020736822215621994
PKNOX2 0.0005354677132532005 0.00035334771059158915 0.0006556027128030098 0.000526388028367792 0.0020708061650155916
ATP2B4 0.00046281808690011757 0.0005166269289503189 0.0006649972365636239 0.00042619878385278983 0.0020706410362668504
SCG5 0.000348358853184244 0.00036724733993160735 0.0005727244546153371 0.0007817987010653963 0.002070129348796585
ORC4L 0.000570812153196029 0.0002534803322812345 0.0006602095087666542 0.0005820463268828435 0.002066548321126761
PLA2G2A 0.0006329586985746255 0.00040561948245342283 0.0006267842785273286 0.00040112684440969713 0.002066489303965074
DUSP6 0.0006475380582099228 0.00042434897351630783 0.0005009084253657891 0.0004886317760058551 0.0020614272330978746
EZH2 0.0006805511695889107 0.0004531760814983017 0.0002804435409133988 0.0006406270513563689 0.00205479784335698
SMNDC1 0.0005232662531581359 0.00034120641600897297 0.0005364402281307541 0.0006502886942902784 0.002051201591588141
ADAMTSL4 0.0005348579302879793 0.00039270550811276673 0.0007023553969984176 0.0004212290112859331 0.0020511478466850967
UBTF 0.0005081133016540335 0.00023304621805860336 0.0006922028827283079 0.0006173785505800762 0.002050740953021021
PTPRU 0.0005471386505888562 0.0003200674523638865 0.0005751531365850211 0.0006083748462176635 0.0020507340857554273
ASB2 0.0004211777859425512 0.0005190848321764108 0.0005731456158214796 0.0005359463383145639 0.0020493545722550053
C6orf59 0.0006476153776648648 0.0005162999307370638 0.0005118179393925986 0.00036975678481974506 0.0020454900326142725
LYPD3 0.00036735919051783994 0.0003477120863630743 0.0004756780046015965 0.0008470102378347477 0.0020377595193172586
VASH2 0.0004357657379102803 0.0004975637063474189 0.00039418720305913217 0.0007014388297101864 0.002028955477027018
CCND3 0.00047497568988831416 0.0006562723119693306 0.0004512216236697655 0.0004442474961543601 0.0020267171216817705
RALGPS2 0.0005665567901043222 0.0005807866785062395 0.0005628723996778755 0.0003133650673273835 0.0020235809356158206
KCTD21 0.0006739442075387812 0.0004676770510890564 0.00031791870652073627 0.0005621619875200432 0.0020217019526686175
SOX15 0.0004159708832245803 0.00029034609455176103 0.0006905310253540198 0.0006225559183806122 0.0020194039215109733
NACAP1 0.0005354907955745162 0.0003485243780345524 0.0005943140581212893 0.0005384401421661522 0.00201676937389651
MALL 0.00047709096328499187 0.0004758534640709867 0.0005907619116535827 0.00047058595829222865 0.00201429229730179
SPAG1 0.0006295169737495598 0.00040686630831190284 0.000386577316939705 0.0005848447460715829 0.0020078053450727504
XPNPEP1 0.00042776133400815075 0.0005230656695208154 0.0003698259564182997 0.0006855100618770771 0.0020061630218243427
STK40 0.0004013560192333406 0.00035676891008698135 0.0006780157141659385 0.0005625941359175804 0.0019987347794038412
NDST1 0.00037780461055892636 0.000715596840965999 0.00031188304603580385 0.0005926231923915852 0.0019979076899523146
CTBP2 0.0003219267617633771 0.0006232922996327026 0.000636755252262775 0.00041451176414198255 0.0019964860778008374
ABHD12B 0.00046896115900273746 0.0003172198247270054 0.0003147905023561845 0.0008940339261641606 0.001995005412250088
MRPL46 0.00043372358652351824 0.00041018452029236796 0.0007242456457181646 0.00042496992819850593 0.0019931236807325566
STAG3 0.00043947969905801574 0.00044725139385574616 0.0005236970197431858 0.0005800668145054734 0.0019904949271624213
ZNF397OS 0.0004307932086018338 0.0005498340717833087 0.0005387353555992858 0.00046902489015224636 0.001988387526136675
VPS13B 0.0004016530111647234 0.00040395357545584327 0.0005664432462776042 0.0006147613037300486 0.00198681113662822
SNHG9 0.0004923102101003378 0.0003980557354807101 0.0004425961296956814 0.000653492245640924 0.0019864543209176535
DLG2 0.0005404646511410332 0.00043543275774918916 0.0004687024662889053 0.0005416510707360177 0.0019862509459151454
DZIP1L 0.0006137194508846267 0.00042201157700017325 0.00043695793621676397 0.0005121649094270036 0.0019848538735285676
C9orf41 0.0005006040477465508 0.0005467232736163691 0.0005675495943320637 0.0003692500619724772 0.001984126977667461
RGS12 0.0005931363523584947 0.0004383316019056135 0.0006652287896429362 0.00028719114059342347 0.001983887884500468
SNORA38 0.000334621165792229 0.0006662450892231727 0.0005917395319936427 0.00039081230559622897 0.001983418092605273
CLIP2 0.0005693588307989792 0.00042473573206944676 0.00037139371985328963 0.0006174463090381311 0.001982934591759847
ETFA 0.0004679540142040665 0.0004013398677923049 0.0005388275549060277 0.0005735360461567787 0.0019816574830591777
ZSCAN22 0.0004920350582654292 0.0006065731099573735 0.0004700686726389474 0.00041025286591802105 0.0019789297067797714
CBY3 0.0007680422318276664 0.00040543689368118294 0.0004893757618114221 0.0003144291884299651 0.0019772840757502365
C2orf84 0.000519724218610057 0.00044503818055039097 0.0006861529994553717 0.0003260529164060981 0.001976968315021918
DDX42 0.0004803579795078147 0.000357882997985486 0.00035928969115954593 0.0007790361520482205 0.001976566820701067
HIST1H2BH 0.0003368225381911856 0.00043896839828913033 0.0005146247518135704 0.0006854661567500404 0.001975881845043927
CTXN3 0.00044561721274322656 0.00031149129103126376 0.0006073967811348051 0.0006104996575134604 0.001975004942422756
SKIL 0.0004687861239745003 0.0005343371787980255 0.0005586141158086111 0.0004117351800898016 0.0019734725986709383
RABIF 0.000471083952085535 0.0004737766648925659 0.0008006523864872125 0.00022583787547837626 0.0019713508789436897
NEIL2 0.00040929526454918844 0.000514864683774067 0.0005080126752755717 0.0005387223329320085 0.0019708949565308354
MEOX2 0.0006059580474015013 0.0003586554977562557 0.0005527223510198241 0.000448404591609309 0.0019657404877868904
TECPR1 0.0004852181374275954 0.0005093906607617335 0.000435057680949196 0.0005334536723253445 0.0019631201514638693
LAG3 0.00035368837636950236 0.0004412794658570472 0.000510655374414168 0.0006574609121070768 0.0019630841287477945
ZNF131 0.000501787527470911 0.000563082299687364 0.0005344595742179256 0.0003630865581068075 0.001962415959483008
MGRN1 0.0004483668469988141 0.0005973985113016396 0.0005843363118381909 0.0003258890708603955 0.0019559907409990402
SLC2A14 0.0004466010552108939 0.0005067942548682712 0.0005079418730877106 0.0004916938673663867 0.0019530310505332625
MAGEL2 0.0005233936839856713 0.0004129935809391738 0.0005902290165939301 0.0004261657204893352 0.0019527820020081102
LASP1 0.00040710148323522125 0.0005687451722588111 0.0005574633072824413 0.0004179678262792857 0.0019512777890557593
MIR1977 0.0004376132633312626 0.0006018097888447762 0.00032974691036776 0.0005810406927003493 0.0019502106552441484
C8orf38 0.00029695344264812174 0.0004994126697855541 0.0005863909507723542 0.0005659335899181461 0.0019486906531241762
FLJ40504 0.00040234202752110674 0.0005771584035467059 0.0006680046706704578 0.0002999793387626142 0.0019474844405008847
LGALS9C 0.0007186936319285287 0.0003545330301624305 0.0005342202623869196 0.00033855465883087063 0.0019460015833087491
STARD6 0.0005140898942430301 0.000438013091050885 0.0005072691097618746 0.0004834995014049859 0.0019428715964607756
SPOCD1 0.0003916487131294099 0.0005045703873466326 0.00048323142338372487 0.0005629168241038546 0.0019423673479636219
FLJ32810 0.0007412644385652218 0.0003086141303498247 0.0004599411273981722 0.0004289750579657653 0.001938794754278984
WNT9B 0.0005095623028257545 0.0003957543777782439 0.00048672525061334873 0.0005460475029883197 0.0019380894342056667
GMIP 0.0006521434180838324 0.0004199896957538139 0.0006374239514549337 0.00022837602111684227 0.0019379330864094221
HACE1 0.000444718156711668 0.00038163966681504255 0.0006673889589355183 0.0004391829283210603 0.0019329297107832893
NSA2 0.00045879486435778565 0.00047924114564063317 0.0006044606101029274 0.0003871821468781685 0.0019296787669795146
LOC648691 0.0004274468476811585 0.0004892704701095838 0.0005109051973866594 0.0004920031739923132 0.001919625689169715
NOMO2 0.0006833340874232446 0.0004213302704215033 0.0004361114707512709 0.0003772623163431769 0.0019180381449391958
P2RX6P 0.0004796899421784702 0.00043138431865060714 0.0006081398684233766 0.0003970145658917128 0.0019162286951441667
DBF4B 0.0007128159259706136 0.000562329768845705 0.00035195468627550634 0.0002870551716161196 0.0019141555527079444
KIAA0467 0.00034389658690376875 0.0004902696462410639 0.0005026514817176068 0.0005770506310454691 0.0019138683459079084
PHTF1 0.00031099402761450935 0.000320200050109491 0.0006176594724995722 0.0006634994216367324 0.001912352971860305
SNORD24 0.00033941281324056835 0.00040177830573219367 0.00045234697290616796 0.00071878231722221 0.00191232040910114
ZNF367 0.0004271765919590018 0.00036344613656298284 0.0006554100990839558 0.0004651808782757154 0.0019112137058816558
BLCAP 0.0004334740355280651 0.00034344521431638517 0.0006418220092876838 0.0004924316960974144 0.0019111729552295483
ATP5O 0.00037651229366389324 0.000611243394039149 0.0005817597690642819 0.00034086930926265167 0.0019103847660299758
LRRN1 0.0007285351618551395 0.0004222178404397323 0.000272649440100958 0.0004855823671027004 0.0019089848094985303
STX3 0.0003310822890272893 0.00041756998270846073 0.0006946851447194043 0.00046201345559729394 0.0019053508720524484
DDX39 0.00044306118768403055 0.0004978546565289354 0.00048193502539508985 0.0004820656357833912 0.0019049165053914472
ALPL 0.0004757377793440789 0.0004250294543572296 0.0005339505967603363 0.0004701387461105729 0.0019048565765722178
C17orf99 0.0005551522439573243 0.00054583170896852 0.000543255665771571 0.00025655752476853324 0.0019007971434659486
HIST2H2BF 0.0003972552485642943 0.000361689438409705 0.00044940740840303077 0.0006923801709595001 0.0019007322663365301
E2F2 0.0004047069674042168 0.00036312149830689834 0.0006248318963994202 0.0005078565882653803 0.0019005169503759159
SPG7 0.000331878354973607 0.00043278077207349434 0.0004980902617970117 0.0006362838957439256 0.0018990332845880385
ZNF32 0.0006157243826145608 0.0002863491904610626 0.0005456470280739658 0.0004511091350552646 0.001898829736204854
ZBTB22 0.0004141355815029856 0.0005834689214950687 0.0003811919022508394 0.0005179652656966567 0.0018967616709455505
MIR1272 0.0002884631443112865 0.0005951104587980846 0.000502688623057897 0.0005078990252544355 0.0018941612514217037
FBXO32 0.0004987199631159634 0.0004611044444377202 0.0005715303541204155 0.000361515102005157 0.0018928698636792563
CCDC51 0.0005686798706041924 0.0004098575042053257 0.0004254493928299827 0.000488877723054273 0.001892864490693774
TBXAS1 0.0005019170163287118 0.0005490648108585048 0.00047910258807363733 0.0003616458242069595 0.0018917302394678135
FOXP1 0.0004169962701020249 0.0004038917394989259 0.0007605233307471935 0.00030644375265531215 0.0018878550930034564
FDPS 0.0004595659976718634 0.0004583083631579477 0.0006017153370155705 0.00036680487978545866 0.0018863945776308403
ZMIZ1 0.00046227719236102807 0.00038848390098444836 0.0005498133056325659 0.0004854560181718255 0.001886030417149868
GRAPL 0.00039773780722035057 0.0003464693964780551 0.0006016061573063853 0.0005398565113069345 0.0018856698723117256
ACTL6A 0.00028805337674602167 0.000482464155742788 0.00046207778293014837 0.0006527619694273732 0.0018853572848463312
ZNF302 0.0005124952128481974 0.0003668573315299236 0.0004728106059203593 0.0005302951100819777 0.001882458260380458
BLVRA 0.0006154147574865662 0.0003722147161654643 0.00019514843371160002 0.0006991014957957565 0.0018818794031593869
DAZAP1 0.00040842330040908437 0.00032491423860535497 0.0005665315319947874 0.0005819548912840033 0.0018818239622932298
FGFR1OP 0.0005232483444459125 0.0004848645221663335 0.0004557483868244944 0.00041756163168412753 0.0018814228851208679
PDIA6 0.0005329724566631661 0.0004075220937490333 0.0004023712449606908 0.0005377217777907637 0.0018805875731636537
MIR1185-1 0.000352963434649638 0.0006648253388662533 0.00044346792405924423 0.0004167998362606258 0.001878056533835761
LRRN4CL 0.0006189147186155455 0.0004346204855355998 0.0004136062404929311 0.00040996771043084123 0.0018771091550749174
CALU 0.00041477613125173745 0.00025625929150322206 0.0006294709553202264 0.0005762565569455561 0.001876762935020742
OSBPL2 0.0004783724738655296 0.0005184313105633979 0.0004799832394590941 0.0003978708583264806 0.0018746578822145022
COMT 0.000352252700126637 0.00016859678512438494 0.00042017200897593985 0.00093348962217609 0.0018745111164030518
CAMKK2 0.00031219763549897555 0.0006659394681307557 0.00038035008482095056 0.0005150331967620776 0.0018735203852127593
CABP4 0.00047186514140598227 0.0004530906480951924 0.000544454033805779 0.0004016304126701806 0.0018710402359771341
PRR23C 0.00020823306995113874 0.0005584781128832463 0.00039489599257440736 0.000708963706092945 0.0018705708815017373
DDIT3 0.000332873746009768 0.0003351666976207957 0.0005704166191199047 0.0006318340473973857 0.001870291110147854
MIR365-2 0.0004934768805141057 0.00029232830135652075 0.0004971120979377246 0.0005873494577440378 0.001870266737552389
LOC284749 0.0004163045107194405 0.00035500191229027796 0.0005960868911588087 0.000499987562892768 0.0018673808770612952
STAT3 0.00026358836087791483 0.0004691358647898285 0.0007292811048244717 0.0004045916117634161 0.001866596942255631
LOC441869 0.00048351308972274684 0.00044547890265496625 0.0006212358086953153 0.0003151095314684553 0.0018653373325414836
AAK1 0.000428207245707575 0.000553670701247984 0.00040169459783676454 0.00048171998981366834 0.001865292534605992
PRR7 0.00042202889374593253 0.0006256792743444639 0.0005385895688102238 0.00027810639591261484 0.0018644041328132353
GRHL2 0.00035110348728752187 0.00025061341735575966 0.0007800146412963682 0.0004822991466143322 0.0018640306925539819
ADO 0.000514452103558765 0.0004046765355675376 0.000563489409331208 0.00037798704616598974 0.0018606050946235004
GLOD4 0.0005473064245542518 0.0003108605282339294 0.00041238949776292494 0.0005890164122660959 0.001859572862817202
EVX1 0.0005947342307017566 0.00044384525545989256 0.0005846567707013872 0.00023490941692018617 0.0018581456737832224
UBXN6 0.00040762461022887447 0.0005301384465843975 0.00045789499370132227 0.0004618094230630516 0.0018574674735776456
RPL27 0.0006343199451857046 0.00039165007902253364 0.000403891044278672 0.00042543361379162133 0.0018552946822785316
LEAP2 0.0003716174784744393 0.0006896398500064507 0.0003503078810840514 0.000441485075659334 0.0018530502852242754
ARAP1 0.0004773739725393001 0.00042490433283619105 0.000426466759100746 0.0005221949066450828 0.0018509399711213199
DSPP 0.0004333335074155788 0.0004634347460689897 0.0006837959628981343 0.0002687701019723328 0.0018493343183550357
TIGD1 0.0004518292143752331 0.0003475737755575263 0.00045383954392874584 0.0005941677584491632 0.0018474102923106686
GPR116 0.0004404786541005575 0.0002134833282950143 0.0003489522774860307 0.0008430459659120636 0.001845960225793666
CDC42EP1 0.00046936027544854385 0.00045109921976949665 0.0005382417095125769 0.00038548298482105953 0.0018441841895516769
MIR191 0.00024139735523764054 0.0005881007587925388 0.0004951912921181747 0.000517433807444308 0.001842123213592662
SNORA34 0.0005877296879561506 0.0005275687192153356 0.0004243908489930439 0.00030236883877298733 0.0018420580949375174
RPTOR 0.0003537797669158886 0.0004897710623617335 0.0002423283803151079 0.0007525462138110872 0.001838425423403817
FAM103A1 0.0005223504398613496 0.00035514730001601593 0.00045701892736428157 0.0005013841800348777 0.0018359008472765249
NUS1 0.0004983810660125693 0.000481528510681829 0.0005117404429789571 0.00034139247715577804 0.0018330424968291336
GDF1 0.00033290514385908506 0.0003548612394043654 0.0007103015282127877 0.00043214212020094143 0.0018302100316771796
KLK6 0.00048183426761203745 0.0002902325445003128 0.0004780311349529504 0.0005780914701726725 0.0018281894172379732
CCL28 0.0005106000889176619 0.00029743641991326946 0.0006425171593758847 0.00037685822970997634 0.0018274118979167925
LOC344595 0.0007686545769007146 0.0002731532698400169 0.00044642707354023017 0.00033861802853769223 0.0018268529488186538
RALBP1 0.000475943779995406 0.00043025949681675766 0.0005370575620979856 0.00038156587717956834 0.0018248267160897176
TRIM61 0.0005990649698233465 0.0003378710142888007 0.0006407597323519463 0.00024595014038555766 0.0018236458568496512
YLPM1 0.0006331428017814969 0.000239154379500544 0.00036994713584457054 0.0005802768447207909 0.0018225211618474024
DHRS1 0.00049838332599028 0.00035785332318624154 0.0005847002299604757 0.0003804510821197364 0.0018213879612567338
ZNF738 0.0003063944764016834 0.000535150915623289 0.0004881744104476346 0.0004907268764607191 0.001820446678933326
SPTBN1 0.0001971098380048676 0.0003225276304905768 0.0006098922951873621 0.0006897656891584149 0.0018192954528412214
GGT1 0.00045489849334653454 0.00042498089624780816 0.0004726493898369897 0.0004667007855925197 0.001819229565023852
PAK1 0.0003094621495018519 0.00033193610625563473 0.0005381068131860959 0.000639707188195892 0.0018192122571394746
LIMS2 0.0003546748851275923 0.00037809164926681175 0.0005190107455326013 0.0005669888169194518 0.0018187660968464574
CXXC5 0.0004055749021176235 0.0004506059156787023 0.0004450738693570778 0.0005151015654277437 0.0018163562525811473
GPD1L 0.0003627876892082477 0.0005544898518321313 0.0005311528121070343 0.00036649776834844907 0.0018149281214958624
ZNF639 0.00039739052779780813 0.0004656787517849315 0.0005147416829283852 0.00043648189929255883 0.0018142928618036837
OSBPL8 0.0006112338596657683 0.0002879718883214373 0.00041576391071538894 0.0004963144681112683 0.001811284126813863
SRPR 0.000561503512132898 0.0003306773672448469 0.00043879849984813734 0.00048020352827875533 0.0018111829075046376
CXCL16 0.00039549481155280936 0.000492345595511718 0.0005518082064228423 0.0003666831949539578 0.0018063318084413275
AKAP8 0.0002929979232456211 0.0004246573609877166 0.0005305520257669981 0.0005580261698133208 0.0018062334798136567
ALDH9A1 0.0004251239294933786 0.000353369058126203 0.0005526043896676379 0.0004735127791828258 0.0018046101564700454
TMEM214 0.00040701867140639666 0.0003514491785710324 0.00045283738626514366 0.0005900289565960919 0.0018013341928386644
RILPL2 0.000407099355543848 0.0003480846523423309 0.0004658741806870437 0.000579814728770575 0.0018008729173437977
SMCR7 0.00030320177531011186 0.0002481103719845233 0.0005859252163218839 0.0006623650868745371 0.001799602450491056
C1QTNF1 0.0003626645441198996 0.0005896122158406114 0.00043704474368843287 0.0004098295209702941 0.001799151024619238
DET1 0.0003875859504886167 0.0003774815884443641 0.0006030988015230315 0.0004308431770165628 0.0017990095174725753
SLC39A7 0.0005955554251204408 0.00048589916581244627 0.0004411240228770058 0.0002744519793561612 0.0017970305931660543
TMEM188 0.00048434825509441234 0.00031461041249899996 0.00037312724676999957 0.0006246625661338672 0.001796748480497279
PCBP2 0.0005013372007853879 0.0003264333654590576 0.0005047531141452388 0.0004587573205624018 0.001791281000952086
GRPEL1 0.00034982196979372964 0.000408002347404935 0.0005348214958951338 0.0004979157747250077 0.001790561587818806
FLAD1 0.0005722697039473954 0.0003728089645087654 0.0004668169714407218 0.0003781619106438212 0.001790057550540704
WDR4 0.00048549635777689294 0.00042185453651476983 0.00043396643956957815 0.0004484265422025926 0.0017897438760638336
ZBTB1 0.0005171577041125257 0.0003688412145919626 0.0005629446267235577 0.0003400969763366215 0.0017890405217646675
ZSCAN12L1 0.00045530770298765025 0.0005519081177069725 0.00035364133096337034 0.00042584759249364435 0.0017867047441516375
MIR627 0.00019296059775684253 0.0005915730275047627 0.00033331140200929324 0.0006673937464918487 0.001785238773762747
SESN1 0.00040543506451826166 0.00047185737946830807 0.0004901365876001291 0.00041679455598719363 0.0017842235875738925
ESCO1 0.00021358035187546274 0.0005760999325081475 0.00048646791526375506 0.0005069215446439688 0.0017830697442913343
CHRNA10 0.0004596989368488862 0.00028220236495866106 0.0005422471989363501 0.0004988327498639259 0.0017829812506078234
TMEM104 0.0005045529357864853 0.0005017436360551275 0.0003650648496423594 0.0004025380651732304 0.0017738994866572028
FSTL4 0.0004123661374470515 0.0005067801591566469 0.000393210157836748 0.0004612343297119694 0.0017735907841524158
RNF215 0.00036900826937943834 0.0003404523904036613 0.0004125267127581914 0.0006506188087927987 0.0017726061813340898
PITPNM2 0.00038548830341967385 0.0005013758991621509 0.0004575733303500094 0.0004272045432976607 0.0017716420762294949
KLHDC2 0.000517088326822399 0.0003669985104212749 0.0005216952328936724 0.0003657669293314723 0.0017715489994688186
SLC41A3 0.0005461093895303903 0.00030233895276862266 0.00040053442669343565 0.0005224857736558558 0.0017714685426483043
PRKCD 0.00025221827110631287 0.0005852893259441752 0.0005292221663658099 0.0004039021467116044 0.0017706319101279022
TMEM219 0.000644646902075824 0.0004473198505010621 0.000302122118980855 0.0003759042032931808 0.0017699930748509218
ECSCR 0.0006617328250552481 0.00022551126868413174 0.00050240214877856 0.0003801996957775969 0.0017698459382955367
FHL3 0.00043956740260058723 0.00043636395090289397 0.00041251716371493977 0.0004798849126606915 0.0017683334298791125
PTBP1 0.0005077420424970129 0.0003333992011871389 0.0003368966349074013 0.00058898386492823 0.0017670217435197832
NR2C1 0.00048207606868306744 0.0005292447053591188 0.0003986375227440013 0.000356445989550533 0.0017664042863367207
ZNF322A 0.0005019104652165091 0.00041259414097525704 0.00047222364612350384 0.0003794888816253398 0.00176621713394061
OPA3 0.0005929871554590442 0.0004050207677152029 0.0003794165054623005 0.0003877036916666415 0.0017651281203031892
CDK13 0.0003777543476237171 0.0003790694025432418 0.00044065150509061036 0.0005673091792792054 0.0017647844345367748
CYB5R2 0.0005137704388263381 0.0004155421263618654 0.0003214667088567573 0.0005130891001914648 0.0017638683742364257
FKBPL 0.00048731987126471494 0.0004310407137541244 0.0005035375741159673 0.0003416744102448443 0.001763572569379651
ZHX2 0.0004064792521334096 0.00035431260770381177 0.0003996880595103101 0.000603063072311529 0.0017635429916590605
ZC3H6 0.00038618387869838186 0.0003955740933711896 0.0006018693551942749 0.00037981649207690347 0.0017634438193407497
DNAJC5 0.0005023663839873107 0.000383476068201902 0.0005089463326399836 0.0003682390114721414 0.0017630277963013377
C15orf39 0.0004803471331733181 0.0002864184217715702 0.0006185507067417341 0.00037684614157309354 0.0017621624032597158
RHOT2 0.00044347364898781553 0.0003501496871770153 0.0005358406995066179 0.00043255765365336356 0.0017620216893248122
SLC22A18AS 0.00041449438003609597 0.00038407233732507565 0.000518857001543567 0.0004442968279338699 0.0017617205468386085
C4orf47 0.0004759517033673141 0.0004277348661192672 0.000444865734399107 0.0004123807414110383 0.0017609330452967266
PPP4C 0.00043956035848678125 0.00025121427677950793 0.0005048793338765992 0.00056337031048768 0.0017590242796305684
HSF2 0.00043034002649256257 0.00038165167223724975 0.0005917273751231936 0.00035496028337763085 0.0017586793572306368
C7orf29 0.0005663612600339223 0.0002153523027971269 0.0006423991800100177 0.00033418465271813807 0.001758297395559205
HIAT1 0.0003988614233739968 0.00041020802117915637 0.00048456143517171935 0.0004644169579917421 0.0017580478377166144
MIR2110 0.0007506252779075172 0.0003721321657691907 0.0003194794670724191 0.0003139938049700948 0.0017562307157192216
PITX3 0.00048021398502881834 0.000337527511958098 0.0005541067536101815 0.00038348151977694747 0.0017553297703740453
PTBP2 0.0005304256919769822 0.0003075162896923246 0.00047083228650510335 0.00044637788723453424 0.0017551521554089445
MUM1 0.0004670795055323673 0.0002533988875604576 0.000487396611468695 0.0005471213505893808 0.0017549963551509004
C14orf133 0.00038119677389112484 0.0005615659600814269 0.0003725951645831637 0.0004392959728280639 0.0017546538713837795
CLK2P 0.00039810577873123157 0.0003121077065838901 0.000589009124767845 0.00045402624112583274 0.0017532488512087994
SLC47A2 0.0004281292750198683 0.00041915099293599885 0.00040870737024958773 0.0004968993996737536 0.0017528870378792083
HELQ 0.00047599824854115976 0.0004363713269646718 0.0005069222896501287 0.0003314333665615233 0.0017507252317174836
MIR654 0.00035680162450121475 0.0004904519179593168 0.00040024033516000544 0.0005025726582177733 0.0017500665358383101
MC4R 0.00043346977610641136 0.0003052165876659672 0.000515217443713388 0.0004908685206942542 0.0017447723281800206
C11orf24 0.00042545393830572333 0.0003592358112897607 0.0004202308764301105 0.0005388827078041026 0.0017438033338296973
ADAR 0.0004060808152506499 0.0002899277427481579 0.0003905313304986339 0.0006548869155698092 0.001741426804067251
LOC284788 0.0004069476535534304 0.0004177285917323874 0.00040208070978123365 0.0005127383729912991 0.0017394953280583504
TCIRG1 0.0003261061644068342 0.000202891319448061 0.0005326484811211359 0.0006764878892406795 0.0017381338542167106
AMAC1L3 0.0005595494106157467 0.0002681509206287732 0.00039160515649704146 0.0005184101589691859 0.0017377156467107472
NNT 0.0004322532186083485 0.00039403386112635014 0.00040983785471333464 0.0005012326947274245 0.0017373576291754575
RPL7 0.000571811287733857 0.00018235803497623784 0.000527431251513946 0.00045516111296231164 0.0017367616871863524
NBPF15 0.0006405304469673854 0.0002910468540974489 0.0003397222832279855 0.00046495084143861876 0.0017362504257314383
HCRT 0.0003496200330271472 0.0005649653983942585 0.0004374943430903923 0.00038409626462418487 0.001736176039135983
PAK6 0.0003665493351304748 0.00030105882796980143 0.00047232938502707496 0.0005961423383117277 0.001736079886439079
TAS2R42 0.0004443121043690692 0.000492101709064899 0.0004498035729836005 0.0003474297701745835 0.0017336471565921525
HNRNPD 0.00044966286162097013 0.00018267746385180724 0.0005674341254114319 0.000533690412058517 0.001733464862942726
ADORA1 0.00037069545062923097 0.0005192032510281429 0.0004417994603752557 0.00040053093429683284 0.0017322290963294625
ZC3H3 0.0003878453860384172 0.00041280557576794084 0.0005485181703637605 0.00038216528004191886 0.0017313344122120372
CDCA5 0.0004934491060120724 0.0003611081296306372 0.00043844658898635036 0.0004366218205185855 0.0017296256451476454
MIR641 0.0004896042513906228 0.0003118095588216114 0.00030159758492258787 0.0006242705014292995 0.0017272818965641216
FREM1 0.00046039130852864777 0.0003293658676946518 0.00046782267168389785 0.0004686297862402541 0.0017262096341474514
HMGXB3 0.00041344697363815885 0.00043217642053838227 0.0004746918209805126 0.0004056504039754275 0.0017259656191324813
KLHL29 0.000584803308177185 0.00025614970419500857 0.0004147641940224991 0.0004697541296210415 0.001725471336015734
PRKAB2 0.0005364929187131937 0.00023032713954696362 0.0005775579766112967 0.0003807946653566723 0.0017251727002281264
FAM84B 0.0004430145692138067 0.00034345505587318455 0.00038186414348944666 0.000553948183610352 0.00172228195218679
DENND1B 0.0005420235556803863 0.0002809104119920478 0.0005013030107267628 0.00039702055573581565 0.0017212575341350126
TP53TG3B 0.0007140641922909499 0.00018819612767085703 0.00040082190957823987 0.00041453550495893627 0.0017176177344989832
CYHR1 0.0004956061899927478 0.0003128651094430711 0.00046404402887076227 0.00044491036396664835 0.0017174256922732295
MRPS23 0.0005278829970244966 0.0005598804590481961 0.0003904567775711184 0.0002388250941587078 0.0017170453278025188
NID1 0.00047533552383047315 0.0003399585945103211 0.0005233413477329579 0.0003781087558700976 0.0017167442219438497
TAS1R1 0.00036131101282101135 0.00029662241025622604 0.000584366511954373 0.00047377095053470676 0.0017160708855663172
MRPS18C 0.000322999975897453 0.00034932478659363564 0.000585045439424712 0.0004560955814882163 0.001713465783404017
ICK 0.0006106182640072403 0.00037130835823856304 0.00034522421183104846 0.0003862638516567147 0.0017134146857335664
NFYA 0.0005659983915140491 0.0003659439712459233 0.00047931548539992583 0.0003013372954977597 0.001712595143657658
SERF2 0.0003894256111721337 0.00036438520433483166 0.0003496813050286178 0.0006084698301350949 0.001711961950670678
SHARPIN 0.0005101625786549262 0.0004379832404353389 0.0003619979677095816 0.00039988057798103036 0.001710024364780877
RFWD2 0.0004276856163633304 0.00033352702174136757 0.00046123996680074364 0.000487540680438181 0.0017099932853436228
MMP7 0.0005895083517156009 0.0004369747815915435 0.00018575637025434143 0.000496846388473236 0.0017090858920347219
KIAA0528 0.000491406486899136 0.00028254126430988683 0.00040834467482051776 0.0005250528599785615 0.001707345286008102
LOC440926 0.0005155758974838998 0.00029135986933989753 0.0004212376629893686 0.00047848983063886327 0.001706663260452029
LTBP1 0.0003610405326246098 0.0002684922726375517 0.0005064611409711947 0.0005691473949786159 0.0017051413412119722
NLK 0.00034762110490012954 0.00048511292233663296 0.0004230794882694435 0.00044828594210848853 0.0017040994576146946
PDE6G 0.0004277564021840749 0.0004051406227803029 0.0003594761569027969 0.0005091553002232167 0.0017015284820903914
RND1 0.00047295509985220306 0.0003470094941618836 0.000344969032874222 0.000536413480232995 0.0017013471071213036
CYP51A1 0.0005850570542874766 0.00039606497623873027 0.0003213697887320506 0.0003979487956877098 0.001700440614945967
MIR492 0.00026161505886608945 0.0006054077496534633 0.00046478552595649044 0.00036648127915678297 0.0016982896136328264
WDFY3 0.0003699683022909287 0.00039207232168204296 0.0006465052640448673 0.00028957360713054896 0.0016981194951483879
POM121 0.00041176098145374163 0.0003495978447999416 0.0005304790877873752 0.0004062001449491457 0.001698038058990204
ASXL2 0.00035047263133000396 0.0005554816335564629 0.00042097271141266785 0.0003708753981224141 0.0016978023744215487
ZNF24 0.0003932524769340171 0.00046281653957065796 0.0005247766260731126 0.0003167278239124121 0.0016975734664901997
GPR19 0.000525689229069617 0.00024087597209169605 0.00037846959293301935 0.0005508528532698583 0.0016958876473641908
TANC1 0.00048089116327994436 0.00036136907937197763 0.0004499381907802671 0.00040366652502303347 0.0016958649584552226
RAP1GAP 0.00042041133196648613 0.0004477772175615342 0.00030888793367418385 0.0005179398365442981 0.0016950163197465022
DPM3 0.0004950219672628076 0.0004681680036978785 0.0002956340543770824 0.00043250314960278176 0.0016913271749405502
SH3BP4 0.0004653717351105542 0.0002465234431393887 0.00041882126365018404 0.0005604359533153013 0.0016911523952154285
C10orf28 0.0003849306378494268 0.0003982237847454835 0.0004215165879096818 0.0004858219874611642 0.0016904929979657563
ZNF28 0.0004248803979595742 0.0002677705918984277 0.0005730417093122882 0.000423071725653088 0.001688764424823378
XRCC5 0.000282699903749103 0.0004008224052182389 0.0005473092441206698 0.0004562608020760988 0.0016870923551641106
NOD1 0.00044060061782813596 0.0004598157787621576 0.0003728658393081733 0.00041360818751768534 0.0016868904234161523
SNORD72 0.00037698110482414023 0.0005366323327963077 0.00029932557997155356 0.0004738463570507361 0.0016867853746427375
ACAT2 0.0006021519920562355 0.00017231739832911924 0.0003056362330208188 0.00060413546479168 0.0016842410881978535
CLDN19 0.0002248117120132343 0.0005561570921571226 0.0005510021490462881 0.00035208005998008124 0.0016840510131967263
SFRS16 0.00042926954948059576 0.000284834044776237 0.00046920375819222896 0.0004990288569386839 0.0016823362093877454
SFXN2 0.0005791343162229616 0.0003427760912628916 0.00037233607451177167 0.0003846375189274705 0.0016788840009250953
NRCAM 0.0003014800934654761 0.0002954492883657847 0.0006425677032019526 0.00043817109751629317 0.0016776681825495068
RCAN3 0.0004426272646006835 0.0003710915047446066 0.00044780394983212136 0.0004122106854326656 0.001673733404610077
RYBP 0.0003821238236145478 0.0003677813420777529 0.0004781915658763717 0.0004454761269623292 0.0016735728585310018
ARHGDIA 0.00026598027810389205 0.00032682890939659555 0.0005913320974653254 0.00048815291230515573 0.0016722941972709686
SNX27 0.00041561797019281624 0.0003836807431386609 0.0003481080313370424 0.0005242175589262063 0.001671624303594726
GPR56 0.000548008090871544 0.00025862072607189953 0.0005214796618184419 0.0003424043511303997 0.001670512829892285
YIF1A 0.0006201859374229787 0.00032223111051504885 0.0003120927615905742 0.0004148993850424224 0.0016694091945710242
TCEB1 0.0005301157878694408 0.00024945070509610235 0.0005939371753920719 0.00029582950727780543 0.0016693331756354205
ANAPC11 0.0005581519010699403 0.000320013823008726 0.00047825396365935955 0.0003124713032716125 0.0016688909910096386
ZNF622 0.0004430094623562057 0.00048703551816423453 0.0004196029416861548 0.00031682264182225964 0.0016664705640288546
COPS3 0.0004395414312791285 0.00031686628173091866 0.00048013372218678704 0.0004290373971282408 0.001665578832325075
CENPF 0.00029334513349197494 0.00014844475746273643 0.0003853664360971161 0.0008373215478323399 0.0016644778748841674
TSTA3 0.0005209088774180194 0.00017567738741635478 0.0007111422236997276 0.0002539024239413428 0.0016616309124754445
LOC401431 0.0003765677864937167 0.0003936681696077031 0.0005949307257974759 0.0002956890301701293 0.0016608557120690248
VAMP4 0.0003430823314677524 0.0002964880575892553 0.0005697573573659382 0.0004503905416391901 0.001659718288062136
PDSS1 0.00042903996078722087 0.00019103923352016005 0.0006228745364669485 0.00041671214067450353 0.0016596658714488329
MBD6 0.0004185132443000267 0.00042755025043186715 0.00034254356663157353 0.0004703398392044564 0.0016589469005679237
DYSFIP1 0.00043659695661509587 0.0004461251404728802 0.00046827217250307323 0.0003078560748898253 0.0016588503444808745
DDX17 0.0004647238911942967 0.0003950395543541888 0.00035818752978944456 0.0004407608128832234 0.0016587117882211535
ATAD5 0.0005616379573882881 0.0002211460025486427 0.000503435189851131 0.0003711009597297956 0.0016573201095178573
ALS2CR11 0.0005103292975436187 0.00021769820656276714 0.0004253886601259664 0.0005034281798532127 0.001656844344085565
MOSPD3 0.0004744344663376924 0.000478811384554614 0.0003218354597317667 0.00038130994191513197 0.001656391252539205
STK25 0.000503323955058909 0.00032381230651968906 0.0004355382698778186 0.00039310904744713877 0.0016557835789035554
ZNF181 0.00043884919747607775 0.00043492422790554426 0.00030624850039560837 0.00047501773144590487 0.0016550396572231351
C20orf29 0.0003128009773356591 0.0004961732703936568 0.0003816646322232129 0.0004642583497598446 0.0016548972297123735
TMBIM4 0.0003609447890052199 0.0002873982617443811 0.00042896427115766457 0.0005766608600613833 0.001653968181968649
FCGR3A 0.00038029605720233273 0.00044172921907632346 0.0003065910543907161 0.0005251744427177561 0.0016537907733871285
KCNQ1OT1 0.0004316330540698874 0.00026640377176062656 0.0004794219272576701 0.00047578435300819433 0.0016532431060963782
SEMA6C 0.0005710793742788057 0.0002614974793969652 0.0004991283272496659 0.00032074932054366263 0.0016524545014690996
ZCCHC17 0.0005305981701863951 0.0002726834956753286 0.0005274862089363613 0.0003199173655519372 0.0016506852403500223
ZNF687 0.0004568177636116172 0.0004323742103940641 0.0004315784082260751 0.00032932392167745193 0.0016500943039092083
ZKSCAN1 0.0004083438077123713 0.00035461997354617437 0.000505515061729426 0.00038017825609226025 0.0016486570990802319
NAPEPLD 0.0004090119553757746 0.000313226207722308 0.0005644443240236486 0.000360586193633354 0.0016472686807550855
BRCA1 0.0004783032223906607 0.0002602712723563794 0.0004860128617639278 0.00042101679102147567 0.0016456041475324437
PACSIN1 0.00044286849685585227 0.00036432420742514647 0.000473101423703122 0.000362214968106993 0.0016425090960911137
KLHL33 0.0003916172052847758 0.000322227973465154 0.0003765664138682671 0.0005512801268394645 0.0016416917194576617
MAPK9 0.0005371131914746756 0.0002996108570966404 0.000504344459768554 0.0002988794388078368 0.001639947947147707
ABTB2 0.0006015821329571618 0.0003550323236567664 0.0002932145289722836 0.0003891372029879175 0.0016389661885741293
SGPL1 0.00020994574302902346 0.00042253503485155803 0.0005590348619437776 0.0004470777161510599 0.0016385933559754189
LOC100132354 0.0003395300683488426 0.00038938394664267135 0.0005157351773556406 0.0003890532003534331 0.0016337023927005877
DDB2 0.00041947913505056887 0.0003742487207756045 0.000360913636066953 0.00047711260006864703 0.0016317540919617733
DNTTIP2 0.0005339259744397886 0.0003746091438208016 0.0003415089634681675 0.0003813321092918143 0.0016313761910205721
GNRH2 0.0005002865674946288 0.00027404694092148126 0.0003806862452941627 0.00047589402829770173 0.0016309137820079745
ARPC4 0.00032584873965246206 0.00033172623921173567 0.0003795470522903804 0.0005934702674576869 0.001630592298612265
TCL6 0.00041013582286388044 0.00028443391287134715 0.0004241814654312488 0.0005104818801399894 0.001629233081306466
ABLIM3 0.00034720300452613487 0.0003636392359447994 0.000469333877211678 0.0004490054846852134 0.0016291816023678257
ZDHHC5 0.0002840438526795281 0.0004087402569395933 0.0006029041712203246 0.00033058650465353354 0.0016262747854929795
GAS2L1 0.0004365418986713459 0.00034739660917528436 0.0003495294651125544 0.0004926394160864446 0.0016261073890456292
BCDIN3D 0.0007081834708670264 0.0001858631481763131 0.0004400170674086815 0.00029182527153025575 0.0016258889579822767
NUDCD3 0.0004180014364143821 0.00018521980957908604 0.0005021037304391241 0.0005193715457375382 0.0016246965221701306
MPZL1 0.00030274204015829905 0.0005341958680357888 0.00032000773508086296 0.0004676460124715994 0.0016245916557465503
PACSIN3 0.0005010042405997914 0.0005622844334101886 0.0002672753137742321 0.00029360101715916124 0.0016241650049433733
CALCOCO2 0.000402806422800369 0.00017532557504093107 0.0005180345057259317 0.000527900696699179 0.0016240672002664107
RRBP1 0.0004726463799492392 0.00037053897228742506 0.0003671300094899822 0.0004134362487397575 0.001623751610466404
TXNRD3IT1 0.00048811481961787546 0.0003668370428313615 0.0004026871814935923 0.0003646077627941096 0.001622246806736939
MOGS 0.00047243175052800475 0.00028189739615452046 0.00045053476106893893 0.0004161417735057705 0.0016210056812572347
FLJ90757 0.00044283732517466656 0.00038416949462600694 0.00038223434838875585 0.00041159269164922776 0.001620833859838657
TRIM4 0.0003180231867648988 0.0003332737286843794 0.0005612619152716135 0.0004080347809334129 0.0016205936116543045
RNMT 0.00021878973866600328 0.00035227080469143383 0.0006965056456490762 0.0003527548835406012 0.0016203210725471147
SHPRH 0.0003840904035925721 0.00036207295475831615 0.0003873330151276989 0.00048617569218954205 0.0016196720656681293
MEF2C 0.0005818539431103038 0.0003163674800332162 0.0003667201727499441 0.00035444336781000876 0.0016193849637034731
PAIP2 0.0004020196080900821 0.00036307365139786273 0.00036469458033349734 0.0004888760574941483 0.0016186638973155905
ZNF862 0.0003626972240556497 0.0005190810394086337 0.0001765250076788979 0.0005602220702177573 0.0016185253413609386
FLOT1 0.0004862387159312991 0.00028011338822441477 0.00046286511780484956 0.0003883296003018783 0.0016175468222624418
WDR26 0.00024434097548513067 0.0004444037958240439 0.00036416796520632506 0.0005623805820441761 0.0016152933185596759
MXD3 0.000291144065004414 0.00027209964958192583 0.0005512941066464904 0.0004999316277935269 0.001614469449026357
LOXL4 0.0005243811433529879 0.0004048401168996752 0.0002907630007833881 0.0003940368928400148 0.001614021153876066
RHBDF1 0.00036915390631787773 0.00036087776594124593 0.0003860184107915615 0.0004979125430471274 0.0016139626260978125
UBE2H 0.0003821468376408493 0.00015910669340333416 0.0004369109235874295 0.0006355930767651501 0.001613757531396763
EXOC3L2 0.0003171636764644548 0.0004624441739353801 0.0003166869141343301 0.0005173441055281335 0.0016136388700622984
UGT2B15 0.0003861625480490674 0.00041690366307985317 0.00034533218979289245 0.00046350677256492016 0.001611905173486733
B4GALT5 0.0003614390164527304 0.00035527111840251587 0.0004953909266136856 0.0003990059741885061 0.001611107035657438
ETV2 0.0004654780844965367 0.0004251913904303846 0.00034553588381634927 0.0003743821079590669 0.0016105874667023375
EPHB4 0.00042510909897832457 0.0003177690495748349 0.000491277157140919 0.0003736842899104204 0.0016078395956044987
TBCD 0.00039592088848320364 0.0002986096773729572 0.0005789374485458429 0.0003328263692910493 0.0016062943836930529
SNRPB2 0.000527402608936369 0.00022004313393644042 0.0005693934231777469 0.0002889745185689958 0.0016058136846195522
ARFGAP1 0.0002203950775259627 0.00023979769375469815 0.0006867925794716242 0.000458747346439484 0.001605732697191769
LOC282997 0.000374348896219999 0.00023693788932488752 0.0005295391557714644 0.0004636434446815737 0.0016044693859979249
ANKRD39 0.00046133380362374987 0.0004484001108632299 0.00035640423256552126 0.00033801652834073164 0.0016041546753932327
MIR21 0.00048616372554012783 0.00024629680599653645 0.00036317557131473064 0.0005083529891087244 0.0016039890919601193
MADD 0.00034650627946816145 0.0003668316392993026 0.00048228261297757734 0.00040688923034184 0.0016025097620868812
VPS18 0.00042309626357844236 0.0003751836807782237 0.0003607825230061808 0.0004426519035795904 0.0016017143709424373
BMPR1A 0.00042099918045329133 0.0002250666219693256 0.00048004050928582043 0.0004747693436001941 0.0016008756553086314
GTF2I 0.0003866875138344432 0.00040017576034199044 0.00047429575825970493 0.00033697522746731825 0.0015981342599034566
FAM53B 0.000532370217119087 0.0003046193324689509 0.0004251936493464897 0.0003355772206902585 0.0015977604196247862
EFHA1 0.00043478031545511305 0.0002181359702117177 0.0004983663509268234 0.0004459875611012522 0.0015972701976949063
BBS1 0.0003767405578225851 0.00044976074941186937 0.0004055286803148077 0.0003633891012262961 0.0015954190887755583
C16orf88 0.0006018802833659709 0.00044648556392538777 0.00035473606504441053 0.0001904291845388201 0.0015935310968745895
RPL7L1 0.0003607626458487369 0.00027834754332709395 0.0004217464944308707 0.0005314095762840637 0.0015922662598907653
TRNT1 0.0005572650625795917 0.00024122635902024074 0.00042479950612452696 0.0003685451133125838 0.001591836041036943
ZNF225 0.00019122243795862947 0.0003044386237391493 0.0006093233670738847 0.0004854264328477533 0.0015904108616194167
ADD1 0.0003345151706781159 0.00040352095972030316 0.0007547525017209192 9.603998062064857e-05 0.0015888286127399868
FAM153C 0.0002860696134374959 0.00029112266152713905 0.00039997124167520025 0.0006116473943632926 0.0015888109110031277
SLC12A7 0.00043651100610960956 0.00027550022724254946 0.00044692617189715476 0.00042979744329038643 0.0015887348485397002
TFEB 0.0005426573326692817 0.00033886391146120004 0.00039418509027626636 0.0003125994944822954 0.0015883058288890435
GFOD2 0.00044181354890745 0.000514364936026129 0.00033403609947485236 0.0002978169667359146 0.001588031551144346
MANF 0.00042621318770001736 0.0004062163819155525 0.00030857663907813435 0.00044671538554806427 0.0015877215942417685
C20orf30 0.00044492687134642286 0.00035462945839680713 0.0004505618337902865 0.0003370762849553049 0.0015871944484888215
P4HA1 0.00041144925956419185 0.0004144830215007515 0.00047005179528768334 0.00029043484833357684 0.0015864189246862035
WRNIP1 0.0004944592122987497 0.0002963060967379765 0.00039887075676437584 0.00039608301033734663 0.0015857190761384486
ZNF589 0.0003031431895032785 0.0003906023678239147 0.0003456889228366974 0.0005455090756920275 0.001584943555855918
HEY1 0.0004970014136505172 0.0004040267158461967 0.0002995153724309889 0.000383185521732355 0.0015837290236600577
AURKA 0.0004536191537890721 0.00036214954518022223 0.00042128917677484757 0.00034584660641921283 0.0015829044821633548
SNORD58A 0.00032740074478372963 0.0005511553979127012 0.00030886608668147274 0.0003908583320092167 0.0015782805613871202
PSMB8 0.000596258638397624 0.00040780364670927216 0.00029081091082488905 0.0002828107085314756 0.0015776839044632609
SLC22A2 0.0004175947503515688 0.00034896821429457954 0.0003930766755102905 0.0004176130284540974 0.0015772526686105362
PRKACA 0.00043814662655779836 0.0002342465319451604 0.00048386966198058943 0.00042013519597766755 0.0015763980164612158
STK11IP 0.00046361068416494804 0.0002979726625624462 0.0003299231247331467 0.0004825062248164849 0.0015740126962770257
SDHAF1 0.0004095581530330659 0.00023035019831322152 0.00052091666876239 0.0004131226999823973 0.0015739477200910747
SLC22A4 0.0002594390082929673 0.000449788254034826 0.00031381460545361036 0.0005507369067705188 0.0015737787745519227
ID2 0.000321476875029414 0.00033720134456466323 0.000386941789107526 0.0005278135840012795 0.0015734335927028828
C7orf65 0.0003225161267188878 0.00028273835442447495 0.0004960411592813644 0.0004691815750211809 0.0015704772154459079
MRPL15 0.0004378212390871456 0.00032194012294838183 0.0004610562935256853 0.00034747677936125115 0.001568294434922464
LOC728927 0.00031740822714660977 0.0002302244903986925 0.0003956427410810698 0.0006248634577286607 0.0015681389163550328
MRPL52 0.00024351752585887902 0.00048437418656338375 0.0005666762491922364 0.0002723403876780262 0.0015669083492925253
KIFC3 0.0005458027418646095 0.0002865194689201728 0.0003764571573902268 0.0003579657583756376 0.0015667451265506467
RNF138 0.0005175766345337153 0.00031171822630502165 0.00034575834285872036 0.00038877560512598145 0.001563828808823439
SERINC5 0.0005016704663656175 0.000309120119184821 0.0003845625052879413 0.00036650075719668336 0.001561853848035063
HIC1 0.00042411561796121814 0.0004182057430359476 0.0003687469797123979 0.0003504218050760041 0.0015614901457855677
TRMT1 0.0002478043214096335 0.00040214078109194725 0.0005468491484796556 0.00036424639891069856 0.001561040649891935
LGTN 0.0003801967684173222 0.0004510912657378176 0.0003505137589672538 0.0003790857065923027 0.0015608874997146962
TSPAN1 0.0003782083276016093 0.00044132683882240804 0.00046104427047001273 0.00028009420432776737 0.0015606736412217975
PDE2A 0.0003897961351588521 0.00019215169768124006 0.0004451564042225554 0.0005327043694983135 0.001559808606560961
PRPF31 0.00043667789587849526 0.0003914190235413051 0.0004729327725539751 0.0002576666497333581 0.0015586963417071335
CDK5RAP1 0.0004212141476523619 0.00036513342488787604 0.0003057932612423862 0.00046576926410220006 0.0015579100978848244
PTCH1 0.00038736030976423044 0.0002907524150319699 0.00042904587682049444 0.00045074208807118713 0.001557900689687882
IRF1 0.0005280975817260139 0.0004358725059086993 0.0003840122580455868 0.00020843826308668454 0.0015564206087669845
FAM91A1 0.0003093103781374287 0.000370711515195731 0.0004228858386878932 0.00045320143944123256 0.0015561091714622855
SNX16 0.0003438599675776073 0.00022684189235583986 0.0005594829329072633 0.0004252169156289437 0.0015554017084696541
MAN1C1 0.0005659364151836014 0.0002822800995563381 0.0003568237312666293 0.00035007028165336964 0.0015551105276599385
REST 0.00043530087266008515 0.0002925901841113078 0.0004870365887441326 0.0003382248119778077 0.0015531524574933333
MKL1 0.000488976130692089 0.0002662080136588562 0.0004721057552832205 0.0003256137731899658 0.0015529036728241315
CYP2S1 0.00033685378683415975 0.00042246556911992124 0.0005086118833414569 0.00028401934460413195 0.0015519505838996698
C12orf51 0.0004593346760090185 0.00033075887940746537 0.0004164293833578022 0.0003448044814814722 0.001551327420255758
CEBPG 0.0004441365987680498 0.00036717189410822405 0.0003841340316850294 0.0003550532193005769 0.0015504957438618801
MYST4 0.00031714907469818554 0.0002766452001716146 0.0002800339135019123 0.0006763539017838081 0.0015501820901555204
C1orf163 0.0005342149071855178 0.00041111780393837726 0.00036225387758866124 0.00024168668944345414 0.0015492732781560105
SGCE 0.00040014861489069394 0.0002563495212699825 0.0002747801472033939 0.0006166458288739713 0.0015479241122380416
NAT15 0.0002520795639619103 0.0003168221719591313 0.0005030511176106899 0.00047471412208614436 0.001546666975617876
CCDC43 0.0006375441642880299 0.00031771116057704177 0.00025474138232124205 0.00033657380783117685 0.0015465705150174906
DCK 0.0003523808594845268 0.0003905207513672115 0.0005113493551678528 0.00029131129057293864 0.0015455622565925299
SQSTM1 0.0005403886356516059 0.00024018879020342113 0.0005572299940926778 0.00020584808115885542 0.0015436555011065604
HBEGF 0.000550260343098318 0.00031385360022828386 0.00022217668962333008 0.0004559595384743629 0.001542250171424295
UBASH3B 0.00036920572615597996 0.000389909608117471 0.0003855606834443279 0.0003970050277454655 0.0015416810454632443
LIN52 0.00024373547261270784 0.00031123282077512185 0.0004510341009271804 0.0005352252273807613 0.0015412276216957713
CSRP1 0.00044082350963498543 0.00031024391874538216 0.0003195687942326809 0.0004694120099119145 0.0015400482325249629
BCL3 0.00040998820069903293 0.000366228421049665 0.00044198786313219454 0.00032053019961671294 0.0015387346844976055
SLC38A2 0.00030964552973861793 0.0003689680563116723 0.0004911822004386936 0.00036650843022980527 0.001536304216718789
MRPL34 0.00039969411396152606 0.00039131582574341987 0.00027144553161976 0.000473667977629416 0.0015361234489541216
RPL41 0.0003836634768388176 0.0003101929599591966 0.0003102325326401551 0.0005309265974348075 0.0015350155668729768
ZNF696 0.00035418911094288393 0.0002933423963597043 0.0003452195796600355 0.0005409993621465211 0.0015337504491091448
ANKRD11 0.0002495007584333686 0.00032325079543517175 0.0006086184848709485 0.0003521898400410511 0.00153355987878054
SERP1 0.00022667619725162 0.00045328618365647367 0.0005040716561238865 0.0003470559321009866 0.0015310899691329668
C7orf59 0.0004953227127193333 0.000231898225825215 0.00041490369646092457 0.00038848521145217705 0.00153060984645765
KIAA0182 0.0004944331490657953 0.0003219672793328489 0.00037271642065456634 0.00034087609164480074 0.0015299929406980112
NDUFS2 0.0004038846441737099 0.00033810141137677276 0.0003246445941978447 0.00046249310689107614 0.0015291237566394035
SEC11C 0.0003290467569644521 0.00040669807085115035 0.00033431782881400066 0.00045820204710068934 0.0015282647037302925
RANGAP1 0.00030076603236696566 0.0003868614433521667 0.0005400897542266019 0.0002997950396878434 0.0015275122696335776
MYO15A 0.0004481635238942552 0.0002808946491806662 0.0004326966957957011 0.0003644034488480645 0.0015261583177186872
HERC1 0.0006080288877218598 0.00016114322717261463 0.0003536662446829868 0.0004002067497886119 0.0015230451093660733
FAM120B 0.00035810573592308197 0.00028995355414469846 0.00035340152337576323 0.0005213526019088668 0.0015228134153524105
LPP 0.00042122451973406074 0.00020998515689978618 0.0003757817005254712 0.0005150769779294722 0.0015220683550887903
YAP1 0.0004267778597258264 0.00018097167105717618 0.0005301372007932073 0.0003833769705209771 0.001521263702097187
GALNTL4 0.0004177008550649517 0.00045424749825000415 0.00034846811101056234 0.0002998674019756731 0.0015202838663011913
PANK2 0.000533008892545609 0.00025559970605321645 0.0003749628296208135 0.0003542450889470112 0.0015178165171666502
FGFR1OP2 0.0007082840435555054 0.00026209173374509197 0.0002758180845682815 0.0002708336413026472 0.0015170275031715264
POLR3D 0.0004448779499302527 0.0003399665480783456 0.00027127521449163205 0.00046083226049747287 0.0015169519729977031
BTAF1 0.0006414574702044535 0.00022976472743918477 0.00025348940896135233 0.00039069356420097355 0.0015154051708059643
PIK3R3 0.0003878033472256667 0.00032773599036141907 0.00032066491217115205 0.0004779777719507776 0.0015141820217090154
CSNK1G2 0.0004367527755086525 0.0004848279646500071 0.00021439469305612678 0.00037437796984204246 0.0015103534030568287
ORC2L 0.0004428040538937675 0.0003710909837148035 0.00037143414576761507 0.00032407734188973856 0.0015094065252659248
CMTM6 0.00038896106372148404 0.0003088841707340571 0.00042344838437410735 0.0003847953662624661 0.0015060889850921147
FBXW9 0.000549274850208936 0.00021650201101493295 0.0003741315013153435 0.0003660286383110784 0.001505937000850291
TBC1D23 0.00040709620892044157 0.00034589931923708765 0.00038474111362577195 0.00036816026815940996 0.0015058969099427113
CREM 0.0002948355613790929 0.0004492016844691562 0.00042516532444647655 0.00033293312987720816 0.0015021357001719338
MTRF1L 0.000382540708428834 0.00030116892539480526 0.000396263751146446 0.00042119898155540327 0.0015011723665254886
GON4L 0.0003035241920385567 0.00024218705306984116 0.0005301019170266657 0.0004247356497491181 0.0015005488118841818
RAB33B 0.0003359205174321744 0.0003252946666180153 0.0003992735727014261 0.00043981958102655834 0.0015003083377781742
URB2 0.0003147160904036287 0.0003736431818722473 0.00043196814236633326 0.00037763996379950286 0.0014979673784417122
CCT4 0.00037504233560592306 0.000467244624635013 0.0004215738307087379 0.00023319240081807877 0.0014970531917677526
AP3D1 0.00044003768502984383 0.00024026702373588265 0.0004253361870208539 0.00039111949333593807 0.0014967603891225187
ZNF295 0.0003826483733978084 0.0003520258575105394 0.0004972532882409492 0.0002641667838884356 0.0014960943030377328
TLR5 0.0003523917019564272 0.0003597689816712523 0.00037848737578034905 0.0004039730407780953 0.0014946211001861237
PPP2R5D 0.00041105585033347845 0.0003541500951248092 0.00031130178844546467 0.0004171629275195999 0.0014936706614233524
UAP1 0.0004501286911036369 0.00032894632089569813 0.00035700182553096403 0.0003556228303538979 0.0014916996678841971
CDK4 0.0003943379247400796 0.0002305214746694944 0.00039496307469979834 0.00047126918116450876 0.0014910916552738813
MGC57346 0.00040931361917674245 0.0003618575476571618 0.00036801692055645364 0.0003499805331581166 0.0014891686205484745
NCRNA00120 0.0003647667277623935 0.00034891191688053637 0.0004614180124906317 0.0003123467942966724 0.001487443451430234
MED20 0.00035752879266667174 0.00018184103146462756 0.0004391825655215638 0.0005085652999893979 0.0014871176896422609
RAD21 0.00034150606750252955 0.0002893191296456806 0.00027370685875110633 0.000582121810700118 0.0014866538665994345
TWF2 0.0003562102309776094 0.00040827794061572666 0.00036606258539582384 0.00035538087663169896 0.0014859316336208587
STIL 0.0003255785775030852 0.00021422738723464243 0.0005361645486634033 0.0004093283100760934 0.0014852988234772243
CLDND1 0.0004265996596943953 0.00043603436043842256 0.0003208712828801876 0.00030095304024558786 0.0014844583432585931
CTNNBIP1 0.00030672061698911146 0.0003448076557609163 0.0003674045001733275 0.00046522288688189176 0.001484155659805247
TRIB1 0.0005408961251249656 0.00023194608145091867 0.0003504343390102108 0.00036070334180136096 0.0014839798873874563
ZFAND2A 0.00031736711740449773 0.0002570962114937825 0.00044145986543065645 0.0004677470262539971 0.001483670220582934
TMEM55B 0.00033369356121185355 0.00036107725338906 0.0004487190106864258 0.0003395816347538808 0.0014830714600412203
TSTD1 0.00026663223612402294 0.0005496463419766229 0.00036559041133899493 0.000301111445842555 0.0014829804352821958
IARS 0.0002923295264228031 0.000332189592367418 0.00048488898133610943 0.0003723245443009509 0.0014817326444272814
C21orf56 0.0004379248654493767 0.0003547905428214159 0.0003245347914501295 0.00036447397066532685 0.0014817241703862492
CHMP4C 0.0003429339157726338 0.0003307977948871509 0.0003271412663017724 0.0004785595349129102 0.0014794325118744672
GYS1 0.0003723414222049424 0.00025564213947961513 0.00041777565266365853 0.0004328672053510392 0.0014786264196992552
C5orf13 0.00040152215484282343 0.00021620773818557365 0.00044237904906051505 0.00041769692718906013 0.0014778058692779723
YIPF5 0.00042370075293849047 0.0002661517443281079 0.00036677938071376083 0.00042106718283294834 0.0014776990608133074
STAG3L4 0.0002448555590700717 0.000550607512550052 0.000303845234435561 0.0003770534027325509 0.0014763617087882356
MTCH1 0.00036839465884831946 0.0003452664235538359 0.00044203003173418044 0.0003183792773055451 0.0014740703914418807
L3MBTL 0.000319416314013277 0.000351727780741909 0.00037699618299791824 0.00042562260170352334 0.0014737628794566277
SNORD94 0.0006543710846102023 0.00032878789960776386 0.00025470581583067025 0.00023385727542663063 0.0014717220754752668
HNRNPF 0.00043532694071108605 0.00020240772907821709 0.000324814808387058 0.0005078315662251195 0.0014703810444014805
DNAJC16 0.0003570202569420142 0.0003799594995338544 0.0003894471525023947 0.000343834511283069 0.0014702614202613323
FDX1 0.00033929367047069703 0.00035726142617474273 0.0004667703004100375 0.0003064787791912161 0.0014698041762466934
ZNF248 0.00043150841859452204 0.00030296504564723245 0.00034071879169763063 0.00039340591547607607 0.0014685981714154612
TBC1D13 0.00048015916363702404 0.00028701182928626677 0.00026696596362807797 0.00043232094807544767 0.0014664579046268166
ACBD5 0.0004751906067605312 0.00032019573035998035 0.0002738552009086552 0.00039590735472225464 0.0014651488927514213
THRAP3 0.0004201891683399598 0.00045013515276918814 0.0003241062475776033 0.00026900172896736997 0.0014634322976541212
NOL7 0.0004488875995723243 0.0002934947033297572 0.0004235400739443164 0.0002971158643431534 0.0014630382411895515
GBAP1 0.00046572076695607567 0.00017630448492438625 0.00046950601996661464 0.0003509289700490276 0.0014624602418961041
C5orf15 0.00028962127952861054 0.0002865778667764739 0.0005147918003967137 0.0003713275731427175 0.0014623185198445157
NIPA2 0.00041860671237808146 0.000349416513964367 0.0002717517991136831 0.00042038545606161985 0.0014601604815177515
PTS 0.0003841031926098305 0.0002863450773138859 0.0004627641624133039 0.000324990184997143 0.001458202617334163
PIK3C2B 0.00047014598823638166 0.00032671349167908293 0.00015784702234600303 0.0005026633307316927 0.0014573698329931602
SPC24 0.00032447290510040046 0.0003224932993846388 0.0004109867224370697 0.0003990453251302837 0.0014569982520523926
SPRY4 0.0004973488254830585 0.00022082101037434473 0.0002981124863877135 0.0004403557754734607 0.0014566380977185775
C12orf61 0.0005136188884897746 0.0003316490470433702 0.00031280764309717205 0.00029647506918164943 0.0014545506478119662
AKTIP 0.00045496323731656014 0.00024322128896449974 0.0004209282751776233 0.0003296784658854674 0.0014487912673441503
SFRS3 0.00047156326104268956 0.00030669836345286817 0.00028084354543284415 0.0003885950013994469 0.0014477001713278487
RAB1B 0.00044258680966209076 0.0003463437805926957 0.0003903355738688014 0.0002677980002925791 0.001447064164416167
ZNRF1 0.0003942635540392414 0.0003362727381632802 0.00043533790444885457 0.00027993938067704836 0.0014458135773284247
SOS1 0.0004197356320949001 0.0002023660978002102 0.00033522171774403496 0.0004872627453945826 0.001444586193033728
PLCG1 0.0002992967576795579 0.0003644201001657321 0.00028799540772570295 0.0004928113479284569 0.0014445236134994497
PDXP 0.00029255759902290776 0.00027857313564164094 0.0005325240404500521 0.000340766839485409 0.00144442161460001
TXNDC6 0.00048152570231409523 0.0002978588228381402 0.0003907367382270283 0.0002728826954582805 0.0014430039588375443
TMEM19 0.00039423298475872883 0.0003965673075061022 0.0003775823720786527 0.00027416438038277 0.0014425470447262537
PISD 0.00036353851968417194 0.00039663303103817276 0.00033899669420235624 0.00034254399310689555 0.0014417122380315965
XPO1 0.0005594826793875596 0.00026094073672155993 0.00018752742539884603 0.00043365622393246213 0.0014416070654404277
RAP2B 0.00037805409620134524 0.00026272333619529813 0.0003670075575191743 0.0004330224581200923 0.00144080744803591
TRPV1 0.00037615905221862356 0.0002929628558442604 0.0003817670108034707 0.0003888562816029948 0.0014397452004693495
BAT2 0.0004665548279667385 0.0002522738082402916 0.0003681496109837484 0.00034843747942185703 0.0014354157266126355
NCKAP1 0.00042441179130122146 0.00024360906952925255 0.00029418134526985234 0.00047275269366016463 0.001434954899760491
MOBKL2C 0.00039951659913727564 0.0002638191047464718 0.0003741147494217902 0.00039710967738256257 0.0014345601306881002
PLEKHM1 0.0004292338188401225 0.00027892453545514496 0.000456980466963858 0.0002679143800612447 0.0014330532013203702
GNPDA1 0.00037617228308759994 0.00019581231773902217 0.00045946925110802 0.0004009496945387228 0.0014324035464733649
SNX24 0.0004392472137630626 0.000255033581551166 0.0002926241874572918 0.00044477226309739035 0.0014316772458689106
WDR70 0.00038427871088074234 0.0003261564880126873 0.0004065267647073467 0.0003133161767596257 0.001430278140360402
WDR87 0.0003755197783589332 0.00030798548837542353 0.0004205658118726297 0.000324907401677123 0.0014289784802841094
DDR1 0.0003731207127029418 0.00031364541573208627 0.00031379922530718173 0.0004273777348833106 0.0014279430886255206
SIK1 0.0004960138740939308 0.00033835902341948466 0.0002652714809076864 0.000327949459192003 0.0014275938376131047
HMGN3 0.0004832799685476704 0.00038282129007742203 0.00020855552057579338 0.00035241178602121454 0.0014270685652221005
LRRC37B 0.0004488445589341623 0.000141518627245882 0.0004536279830948243 0.0003816093370161404 0.001425600506291009
DEPDC5 0.00034052559581274576 0.0003038180487652028 0.0002975410119168771 0.000483164405683804 0.0014250490621786297
ATG16L1 0.00033013866204075924 0.00011643763052348517 0.00041146801112535195 0.0005651930048350656 0.001423237308524662
SLC25A16 0.00041132865412869265 0.0003682030176175183 0.000357222910268183 0.0002853253405447368 0.0014220799225591308
RDBP 0.00040319170968211007 0.000435723647571087 0.00023824930328795725 0.00034320302216663093 0.0014203676827077853
TUSC2 0.0005530141680001024 0.00027049766672218996 0.0003382127852142901 0.0002571603291689743 0.0014188849491055568
UGGT1 0.0003819233004064658 0.0002862613097130662 0.0003041298766583618 0.0004463434182398264 0.00141865790501772
GTF3C1 0.0004582906196857162 0.0001960461773104569 0.00031922238493733247 0.00044482110233095727 0.0014183802842644628
ZNF23 0.00023706676879905268 0.00048071940605948465 0.0003893910305479598 0.0003106084624207145 0.0014177856678272117
HGFAC 0.00022986076971214976 0.00025874547532749156 0.000376394342229958 0.0005501734296554158 0.0014151740169250152
RABGGTA 0.0003062583081775761 0.0003331433563441935 0.00036119259309181837 0.00041425523258451267 0.0014148494901981008
TP53INP2 0.0003656440468899727 0.0003593355863718966 0.00031426787200710093 0.000375282008392434 0.001414529513661404
FAM161A 0.0002872760256095833 0.0002964804056829355 0.0004028748431380737 0.00042466986344973177 0.0014113011378803241
C2orf65 0.00037719490017965344 0.00022385010570513783 0.0002744944199098751 0.0005357614151090507 0.0014113008409037172
TRIAP1 0.0003444465425708293 0.0004055751168906013 0.0002515527158866526 0.0004096304397377991 0.0014112048150858824
UQCC 0.00034178071443706693 0.00033129661572354975 0.0004711395185919718 0.0002657718501034211 0.0014099886988560096
RPP38 0.0005080994008831322 0.0002962759565618225 0.0001998269168969297 0.00040318331070656724 0.0014073855850484517
YTHDF2 0.0004595353742847479 0.00024881677178554954 0.00030651306106144774 0.0003917626245114205 0.0014066278316431655
PFKFB4 0.00027586421350514077 0.0003224119551424148 0.0003851432197878016 0.0004218365344196231 0.0014052559228549802
POLR3C 0.00034312405740825164 0.00029914152710296674 0.0004397679052766391 0.0003231973277882285 0.001405230817576086
DNAJC28 0.0004984882156148097 0.0003500972368794545 0.0003179291338767457 0.00023815761276811887 0.0014046721991391288
DLGAP4 0.00038077737541529483 0.00034317501376644077 0.0004003181506970391 0.00027847841264270584 0.0014027489525214804
KIFC1 0.00036940984032712886 0.00032816759724572204 0.0004369514085362479 0.0002670173649813245 0.0014015462110904232
PSPH 0.00040515139000090584 0.00031252203681731295 0.0001831095344939912 0.0004997210743794507 0.001400504035691661
ZC3H14 0.00047637585059990726 0.00020166357592508495 0.0003257325773126837 0.000395180664980629 0.0013989526688183047
HMGCR 0.000385092407769287 0.00012956213864819175 0.0004101709092023006 0.000472287431080143 0.0013971128866999223
CASKIN2 0.0004878619766429734 0.0003622390161342856 0.0002515738984453609 0.0002941845188339264 0.0013958594100565464
OSBPL11 0.0003650512177520561 0.00029512344101699484 0.00028912311749936046 0.0004457788747889486 0.00139507665105736
STK35 0.0003416883968729771 0.000329495055936251 0.0003438751749531155 0.0003799155248067487 0.0013949741525690926
AHNAK 0.0003573337942856413 0.00023471976299260333 0.00046892757317897494 0.0003335968380569385 0.0013945779685141581
PLEKHB2 0.0004393508188619436 0.00025349923680532775 0.0003282843484035718 0.00037253292922672895 0.0013936673332975722
HDAC4 0.000317449993227735 0.00030374562693622983 0.00030578248949839114 0.00046615824902298853 0.0013931363586853446
SLC26A6 0.00040034565079582996 0.0002631232133077202 0.0003854647577258988 0.00034329310486486467 0.0013922267266943135
HRAS 0.0005015165073366307 0.00034643454920719725 0.0002699651157613591 0.0002739318843760864 0.0013918480566812736
MTMR14 0.0005442121032477609 0.00022591467914381672 0.00017768077293845024 0.00044377847362819724 0.0013915860289582251
CEBPD 0.00042562413574375173 0.000283512593992845 0.0003130226770305932 0.0003690344934390383 0.0013911939002062283
FAM82A2 0.0003848640155072995 0.00026035018070781293 0.0003538446569441128 0.00039134469435132726 0.0013904035475105526
WDR38 0.00041823251028885733 0.00031079919863374216 0.00036794252700510775 0.0002880705978349718 0.001385044833762679
EGFL8 0.00035762419619216507 0.00020045479395151654 0.00038178508360628465 0.0004447106242148918 0.0013845746979648582
ZFHX3 0.00040555547971169543 0.0003368674505239737 0.0003042073769568566 0.0003310800404546555 0.001377710347647181
HDAC2 0.000451472451061701 0.00016547358593507001 0.00039734345264651297 0.00036247511532106776 0.0013767646049643518
SOLH 0.0004557761890195145 0.00025701318097592386 0.0003279349549367648 0.0003352233235717018 0.0013759476485039049
CCDC64 0.0004268108213912533 0.00020452430617783616 0.000358071857259415 0.0003864795899151933 0.0013758865747436977
CPNE2 0.000419119616130188 0.0003744776778015759 0.00036876491519196523 0.00020745622141695347 0.0013698184305406828
MIR611 0.00042732374173087395 0.00026894826983587703 0.00033634181845687436 0.0003352969210451152 0.0013679107510687406
AGAP11 0.00039711978131335763 0.00036778558698361165 0.0002887082482796165 0.0003142369414876885 0.0013678505580642744
LYPLA1 0.0003765976336263674 0.00032294858974279197 0.00024387733160161103 0.0004144766543383219 0.0013579002093090924
C2orf52 0.0005340001443050543 0.0003242688478133464 0.00021626747746650315 0.00028316237647706035 0.001357698846061964
ESPNP 0.0004553922760417922 0.0003743027977846234 0.0002674395265478193 0.0002596822574615778 0.0013568168578358126
GUCY1B2 0.0003684884292913177 0.00022862651547572748 0.0003302839528976755 0.00042863342762937883 0.0013560323252940995
LGALS9 0.000577672396130403 0.00017934067627770905 0.00021276742821739296 0.0003854558745014315 0.0013552363751269366
RG9MTD2 0.00034632748819389997 0.00029292901443355574 0.0002463156942500638 0.00046820418730829936 0.0013537763841858187
FOXJ2 0.0003581457178470145 0.0004492691849602907 0.00018781722717388244 0.0003569160008029937 0.0013521481307841813
GALK1 0.00038609864506607784 0.00017891296834462962 0.0002821713126650961 0.0005031918984599283 0.001350374824535732
RNF144A 0.0003060709534641973 0.0002926444082720429 0.00023754219079440337 0.0005129587986045478 0.0013492163511351915
FKRP 0.0003391690051830031 0.0002763247441009894 0.00033654167615860636 0.00039097972121789087 0.0013430151466604897
ZNF366 0.00041773941417565014 0.0002079513137088264 0.00033545313398817883 0.0003816887155584975 0.0013428325774311528
ZNF700 0.0003140968070923283 0.0002064714270596846 0.0004586179199551322 0.0003624356822037936 0.0013416218363109386
METTL13 0.0003381678942390819 0.00020520669622513845 0.00048657200371064155 0.0003107149418958938 0.0013406615360707559
NUCB2 0.00041179469166248385 0.0002635009303085124 0.00029890127603254314 0.00036617240905189625 0.0013403693070554357
HMBS 0.00044322139793753133 0.00028032624553400037 0.00031045702241191774 0.0003054628526056348 0.0013394675184890841
MTUS1 0.0003051516301122846 0.0003424178896570916 0.00035524625002404653 0.0003359044183276492 0.001338720188121072
SS18L1 0.0003760183198202656 0.0002051357119245591 0.0004492916861876093 0.0003053032864168318 0.001335749004349266
MAN2C1 0.00023608328286052891 0.00024661335946116506 0.0004381483774005836 0.00041486751981252074 0.0013357125395347983
C4orf41 0.0002933256506056382 0.00039083377229860445 0.000412064551837567 0.00023884169202831353 0.0013350656667701231
FBXL20 0.0003141643918536818 0.0002781254528637789 0.00032833284088375095 0.00041151170394262206 0.0013321343895438336
MLX 0.00033489706294592854 0.0003648044267399459 0.0003734386774473544 0.00025610359106070725 0.0013292437581939362
DUSP13 0.0004174929209921585 0.0002681907423126732 0.0002935612499542 0.00034962431000129307 0.0013288692232603248
C7orf70 0.00028506946843634016 0.0002066006135960627 0.0003564808267793129 0.000480421976404777 0.0013285728852164926
MAS1L 0.0003629527821768972 0.0002987866004507688 0.00017823196092454498 0.00048775202561553296 0.001327723369167744
C6orf145 0.0003330585623870001 0.0003272080175425473 0.00020807882697731632 0.00045725867479554945 0.001325604081702413
TCEA1 0.0002820126906295583 0.00038027520900831306 0.0003757621400894808 0.0002870183864731537 0.0013250684262005059
MPPE1 0.0004034661186700958 0.00032096487194539867 0.00019075006075095836 0.0004093450181322865 0.0013245260694987394
STAU1 0.0003895381894506992 0.00032678807331271316 0.00033809566441776273 0.00026794599877188677 0.0013223679259530617
SGK196 0.000320168337337012 0.00021135475138580494 0.0004340095540822203 0.00035270883144193816 0.0013182414742469754
RECQL4 0.000423592756538728 0.0002418711351696504 0.00039496593473185273 0.0002559938779002205 0.0013164237043404518
ENTPD6 0.0005640539719349066 0.0002194646255836805 0.00019870282627220678 0.0003324775201313517 0.0013146989439221455
ANKRD27 0.0003731204636338971 0.00027252122495460276 0.0002918162518231068 0.0003749251915862442 0.0013123831319978509
AP2M1 0.00036647089424168085 0.0003623483287466134 0.00037214351842083926 0.00021120014027554797 0.0013121628816846814
ZNF385B 0.0004973859824278645 0.00016234893265594242 0.00032750873190908386 0.00032416327576374504 0.0013114069227566358
VDAC1 0.00036240887755195205 0.0004271295462123539 0.00026259531103577587 0.00025848612452954395 0.001310619859329626
SIN3A 0.000199181396478609 0.00025029694795706913 0.0003724720939585201 0.0004866987225713589 0.0013086491609655571
IRF2 0.0005412894349190356 0.00019495002424133913 0.0003050467114078526 0.00026729097767259555 0.0013085771482408228
GRPEL2 0.0003550946667418541 0.00035780155903444014 0.0003674858622140153 0.0002275953826600187 0.001307977470650328
C17orf73 0.00020626255299819213 0.00035488567779885544 0.00036033053491559496 0.0003858815544804492 0.0013073603201930917
RNF141 0.0003702425558776836 0.00028536600395031805 0.0002678452358373103 0.00038249769332186247 0.0013059514889871744
POLH 0.0005170869203684074 0.0002474048627609856 0.00021421819716516398 0.0003263541321008853 0.0013050641123954422
PRR13 0.0004193367192602611 0.00032487262353179757 0.0002600075448481097 0.0002966184194824261 0.0013008353071225945
TMEM80 0.00034171355703711565 0.00017188285368346484 0.0003433682065469046 0.00044222378913389825 0.0012991884064013832
GJC2 0.000336563024389335 0.00038310070920223263 0.0004225139216277169 0.00015576363791255352 0.001297941293131838
CAPNS1 0.0005072248495767326 6.588778876226621e-05 0.00034530866098783533 0.000378201424476472 0.0012966227238033062
C8G 0.00033528849064876326 0.00022393432609356203 0.0004037821415231558 0.0003325061918658662 0.0012955111501313473
ANKRD13B 0.0002499630723620673 0.000414862390877826 0.0003222782035631433 0.0003082555513028827 0.001295359218105919
MTIF3 0.0003184522935096824 0.00036082513878523076 0.0003196229556653998 0.00029521970896150343 0.0012941200969218164
IER5L 0.0003358896451795028 0.0003100253752836425 0.00028243687803279193 0.0003601440261897609 0.001288495924685698
C16orf57 0.0003796766156003718 0.00036250408783366096 0.00016034961751816064 0.0003803105328809492 0.0012828408538331426
RSBN1L 0.0003478692249405881 0.00018758696294600758 0.0002767689167296414 0.00046927195668907215 0.0012814970613053093
ZNF790 0.00029293858999117405 0.0003001021731404835 0.000358674266109264 0.00032553473393078484 0.0012772497631717064
LDB1 0.00033397205531841086 0.00020590147145094985 0.0003275551019381432 0.0004085649535396296 0.0012759935822471335
CDK1 0.0002976871510978485 0.0003350861437696113 0.0002483639963332545 0.00039340640629762527 0.0012745436974983396
HIST2H2BA 0.0002078032959582529 0.00034188544479593684 0.00024003904472363834 0.0004804176801044102 0.0012701454655822384
NR2F6 0.00037539091899138806 0.0002995998729532027 0.00029820118963364375 0.0002964329725053177 0.0012696249540835522
LOC729156 0.0003156674367984596 0.00031019688000380696 0.0002221923660610839 0.0004213686816586304 0.0012694253645219808
HEG1 0.00035146733584979427 0.0002003300772926271 0.0002608582511702326 0.0004549641237527943 0.0012676197880654482
DHX58 0.00021947480003522862 0.00019559359360760684 0.0005236772168383118 0.00032873037504875296 0.0012674759855299002
ZMAT3 0.0004903543096603671 0.0003507829519395941 0.00023106280211622064 0.00019341359442477855 0.0012656136581409604
FAM114A1 0.0003713072412581752 0.0002246427622054719 0.00037524282730224854 0.00029109901277880277 0.0012622918435446985
SAMM50 0.0003855128575286368 0.00026780931633818415 0.0003008968927727646 0.00030631932813551804 0.0012605383947751035
STARD10 0.00041287919374871326 0.0002719117724405298 0.000274357731791776 0.0002957693783670169 0.001254918076348036
EIF1 0.00030797841392535784 0.0003242906986610691 0.0003117381151262593 0.0003096529759110699 0.001253660203623756
ENSA 0.0003664689146686342 0.00034221080771633166 0.00039773316205749844 0.0001450155714952455 0.0012514284559377099
C20orf11 0.00038782129863926577 0.00018341020320130112 0.0002241679687467524 0.00045222170595016225 0.0012476211765374817
CDAN1 0.00031232491036714565 0.00041683250822245144 0.0002994032890503922 0.0002079187365994782 0.0012364794442394672
LEMD2 0.0004972143926261188 0.00028517355291431476 0.00026343966703174844 0.00018875937140095652 0.0012345869839731386
TRIM46 0.0004494270158176752 0.00018918539198281982 0.0001265697632565793 0.00046629315363822335 0.0012314753246952977
SAP30L 0.0003262102820526283 0.00021218582968960602 0.0003749089001662959 0.00030842999207101 0.0012217350039795403
DDX46 0.0003072127555599073 0.0002576299457243778 0.00035055421623856497 0.0003048132851012003 0.0012202102026240504
WDR18 0.00028249709615525643 0.00017892573892036367 0.0003877181848878905 0.0003678634595647804 0.001217004479528291
PPP4R1 0.00043925873772224743 0.00029491372126226205 0.000190052819788465 0.0002851943428030014 0.0012094196215759758
HNRNPUL2 0.00034948366979835685 0.00023666821541160022 0.0002918026350245162 0.0003283422922308968 0.0012062968124653699
SLC39A3 0.0003543403772504112 0.00029057962446204247 0.0002389915847265541 0.0003204376462852879 0.0012043492327242957
ACTR3C 0.0003802994308190279 0.0002080773123884168 0.000362869729750813 0.00025079345442301796 0.0012020399273812757
TNIP1 0.00028070144189889563 0.00034861679263914654 0.0002942580185419154 0.0002735470606063695 0.001197123313686327
DHX57 0.0002937835985421326 0.00024544465146883866 0.0002111963146543222 0.00044506387732129373 0.0011954884419865873
VARS2 0.00048550154319487694 0.00017526878877122443 0.00017528142726659253 0.00035884726982766404 0.001194899029060358
HCG9 0.0004501896283792983 0.0001480316452195024 0.000266904998563163 0.0003287179305392179 0.0011938442027011817
PDIK1L 0.00037862449901901576 0.000291147939391359 0.00018058872216098027 0.00034303288050425317 0.0011933940410756082
RNF34 0.00029731999424303414 0.0002583687827198354 0.00030046551995829135 0.00033684588052919557 0.0011930001774503565
ZNF263 0.0002906337936321872 0.0003544797385048059 0.0002579726571155632 0.0002887692337732517 0.001191855423025808
RB1CC1 0.00028614983174471556 0.00028961476020747954 0.00027810267828590863 0.00032970526825794956 0.0011835725384960532
RANBP2 0.00040198008385632447 0.00023219122639047792 0.00029426409862700877 0.0002545370126040052 0.0011829724214778162
CANX 0.00042365222816906627 0.00023353007196688725 0.0003108070568883646 0.00021015596143885806 0.0011781453184631762
HCG18 0.0003889232151574213 0.0002164548185255421 0.00031457651783065423 0.00025568995644901685 0.0011756445079626344
IKZF2 0.0002623658337251022 0.00032459754748858527 0.0002999993967480739 0.00028712398785736115 0.0011740867658191225
BRP44L 0.0002906463138775838 0.0003048720198548921 0.0002461160010549859 0.0003311327466099352 0.001172767081397397
RCCD1 0.0004857130486639164 0.00018560006218480062 0.0003168911033701276 0.00017651325789623063 0.0011647174721150753
RALGAPB 0.00030336322565182715 0.00030034417712741866 0.00027893739138831915 0.0002703633567426386 0.0011530081509102037
SFRS18 0.0003898704839467043 0.0003093293899005596 0.00017240216572760823 0.0002798893543919191 0.0011514913939667912
FLT3LG 0.00034253840204577946 0.00018486079958400848 0.0003449327844805758 0.0002727130109720649 0.0011450449970824288
PDE4C 0.00029445994042755805 0.00023343545517576559 0.00020401489197450026 0.000409246385915509 0.0011411566734933329
NAALADL1 0.0003335977640478263 0.00017684432128693044 0.0003173554558807254 0.00029264591734104765 0.0011204434585565296
LSM3 0.0002586242875810714 0.00022947891011146484 0.000244241550839091 0.0003835082938607393 0.0011158530423923665
PAICS 0.00033439159429020187 0.0002498824916572176 0.00020097237071535192 0.00032960243682291 0.0011148488934856812
PITPNA 0.0003172308409285552 0.0002850690574205093 0.0002084797722006924 0.0002990009421953412 0.001109780612745098
LPIN3 0.0003158650982189782 0.00017936455938515942 0.00027157538815701903 0.0003415350563979709 0.0011083401021591275
NARF 0.00035100518687124796 0.00025837549497936916 0.0002227442311362173 0.0002754913153686698 0.0011076162283555043
PIGT 0.00020484964864422826 0.00019695766709251395 0.00038247361027737544 0.00030924804568715277 0.0010935289717012705
LOC285796 0.00025376121356785006 0.000245145603198646 0.0003404516837220495 0.00021139747710275224 0.0010507559775912976
EIF2S2 0.0001491450319159 0.0003138823512331378 0.00021359273506443176 0.00037366588193255793 0.0010502860001460274
ATP1B3 0.00014139514825377064 0.0002771629894566078 0.00025931241637785433 0.0003567556791296099 0.0010346262332178427
NEK5 0.0002862199871326967 0.00013792247914992938 0.0002945085224778846 0.0003148074790445617 0.0010334584678050724
BHLHE40 0.00030835296008532593 9.860635476176419e-05 0.0003209797808672459 0.0002896690642300125 0.0010176081599443485
SRP54 0.00016703227626050184 0.0003134642734772376 0.00027956130503708847 0.00025637765136201897 0.0010164355061368468
DEPDC1B 0.00034795470543949673 0.00019114435873873327 0.00016622241148313283 0.00028442276342025827 0.0009897442390816211
